frame,pose_0_x,pose_0_y,pose_0_z,pose_1_x,pose_1_y,pose_1_z,pose_2_x,pose_2_y,pose_2_z,pose_3_x,pose_3_y,pose_3_z,pose_4_x,pose_4_y,pose_4_z,pose_5_x,pose_5_y,pose_5_z,pose_6_x,pose_6_y,pose_6_z,pose_7_x,pose_7_y,pose_7_z,pose_8_x,pose_8_y,pose_8_z,pose_9_x,pose_9_y,pose_9_z,pose_10_x,pose_10_y,pose_10_z,pose_11_x,pose_11_y,pose_11_z,pose_12_x,pose_12_y,pose_12_z,pose_13_x,pose_13_y,pose_13_z,pose_14_x,pose_14_y,pose_14_z,pose_15_x,pose_15_y,pose_15_z,pose_16_x,pose_16_y,pose_16_z,pose_17_x,pose_17_y,pose_17_z,pose_18_x,pose_18_y,pose_18_z,pose_19_x,pose_19_y,pose_19_z,pose_20_x,pose_20_y,pose_20_z,pose_21_x,pose_21_y,pose_21_z,pose_22_x,pose_22_y,pose_22_z,pose_23_x,pose_23_y,pose_23_z,pose_24_x,pose_24_y,pose_24_z,pose_25_x,pose_25_y,pose_25_z,pose_26_x,pose_26_y,pose_26_z,pose_27_x,pose_27_y,pose_27_z,pose_28_x,pose_28_y,pose_28_z,pose_29_x,pose_29_y,pose_29_z,pose_30_x,pose_30_y,pose_30_z,pose_31_x,pose_31_y,pose_31_z,pose_32_x,pose_32_y,pose_32_z,right_hand_0_x,right_hand_0_y,right_hand_0_z,right_hand_1_x,right_hand_1_y,right_hand_1_z,right_hand_2_x,right_hand_2_y,right_hand_2_z,right_hand_3_x,right_hand_3_y,right_hand_3_z,right_hand_4_x,right_hand_4_y,right_hand_4_z,right_hand_5_x,right_hand_5_y,right_hand_5_z,right_hand_6_x,right_hand_6_y,right_hand_6_z,right_hand_7_x,right_hand_7_y,right_hand_7_z,right_hand_8_x,right_hand_8_y,right_hand_8_z,right_hand_9_x,right_hand_9_y,right_hand_9_z,right_hand_10_x,right_hand_10_y,right_hand_10_z,right_hand_11_x,right_hand_11_y,right_hand_11_z,right_hand_12_x,right_hand_12_y,right_hand_12_z,right_hand_13_x,right_hand_13_y,right_hand_13_z,right_hand_14_x,right_hand_14_y,right_hand_14_z,right_hand_15_x,right_hand_15_y,right_hand_15_z,right_hand_16_x,right_hand_16_y,right_hand_16_z,right_hand_17_x,right_hand_17_y,right_hand_17_z,right_hand_18_x,right_hand_18_y,right_hand_18_z,right_hand_19_x,right_hand_19_y,right_hand_19_z,right_hand_20_x,right_hand_20_y,right_hand_20_z
0,0.5605627298355103,0.3532063663005829,-1.312896966934204,0.5904139876365662,0.28753960132598877,-1.2773964405059814,0.6075167655944824,0.28903329372406006,-1.2770849466323853,0.6242709159851074,0.2909812927246094,-1.2773417234420776,0.5320630669593811,0.28723669052124023,-1.2819535732269287,0.5121023654937744,0.288824200630188,-1.2816520929336548,0.4947595000267029,0.29131758213043213,-1.2820556163787842,0.6581754088401794,0.3225609064102173,-0.918554961681366,0.4736066460609436,0.3278390169143677,-0.9293555021286011,0.5972052216529846,0.42159712314605713,-1.1686217784881592,0.5268245339393616,0.4266798794269562,-1.1709134578704834,0.799975574016571,0.6250328421592712,-0.6120028495788574,0.35392606258392334,0.6087297797203064,-0.684033215045929,0.8454775810241699,0.9833741784095764,-0.4960744380950928,0.2075403928756714,0.9844899773597717,-0.5623875856399536,0.8406435251235962,1.3749455213546753,-0.7240864038467407,0.14636391401290894,1.3430609703063965,-0.8353084325790405,0.8590918779373169,1.4745783805847168,-0.8037155866622925,0.11617332696914673,1.4445786476135254,-0.913585364818573,0.8153163194656372,1.4709956645965576,-0.8566256761550903,0.16198864579200745,1.446234941482544,-0.9993916749954224,0.8002726435661316,1.4293618202209473,-0.7586899995803833,0.18190225958824158,1.4110069274902344,-0.8786615133285522,0.6759189367294312,1.3640270233154297,-0.028529653325676918,0.39149725437164307,1.3529140949249268,0.03242936730384827,0.6512417793273926,1.9786794185638428,0.019955001771450043,0.3798171281814575,1.9699420928955078,0.0672382041811943,0.6325349807739258,2.516695261001587,0.6469879746437073,0.37341493368148804,2.512484073638916,0.4896339774131775,0.6380280256271362,2.6034607887268066,0.680738091468811,0.36870285868644714,2.601534128189087,0.5161411166191101,0.5816944241523743,2.706164836883545,0.15997813642024994,0.40545567870140076,2.697136402130127,-0.08063773810863495,,,,,,,,,,,,,,,,,,,,,,,,,,,,,,,,,,,,,,,,,,,,,,,,,,,,,,,,,,,,,,,
1,0.5589719414710999,0.3559638261795044,-1.382849931716919,0.5894773006439209,0.29335081577301025,-1.3359785079956055,0.6071648001670837,0.2952558398246765,-1.3359137773513794,0.623640775680542,0.29750779271125793,-1.3361660242080688,0.5316177606582642,0.29020610451698303,-1.3392077684402466,0.5120068192481995,0.2907889783382416,-1.338839054107666,0.4950065612792969,0.29275381565093994,-1.3391960859298706,0.6560924649238586,0.3260173797607422,-0.9293755292892456,0.4735952913761139,0.32850539684295654,-0.931847870349884,0.5954264998435974,0.4238511621952057,-1.2221211194992065,0.5244417786598206,0.42839351296424866,-1.2212995290756226,0.7996074557304382,0.6245449781417847,-0.6108127236366272,0.3523402810096741,0.6224686503410339,-0.6698001027107239,0.8545438051223755,0.968807578086853,-0.4857012629508972,0.20764045417308807,0.9829780459403992,-0.5248647332191467,0.873480498790741,1.3839688301086426,-0.785942018032074,0.1614164113998413,1.3557968139648438,-0.8514596223831177,0.8984313011169434,1.493419885635376,-0.8915829658508301,0.13503055274486542,1.4584310054779053,-0.9532318115234375,0.8548334836959839,1.497363805770874,-0.9740044474601746,0.1802985668182373,1.4608619213104248,-1.0553529262542725,0.8367012143135071,1.4537488222122192,-0.8355807065963745,0.1983596384525299,1.4241536855697632,-0.9024338722229004,0.6886950731277466,1.3750685453414917,-0.04687301069498062,0.40243372321128845,1.3727136850357056,0.05076330900192261,0.6728305816650391,2.0034525394439697,-0.01493836659938097,0.40231189131736755,2.0076818466186523,0.1053372249007225,0.6645424962043762,2.552622079849243,0.6503536701202393,0.40440648794174194,2.557185649871826,0.5812813639640808,0.6718372106552124,2.6401495933532715,0.6845689415931702,0.40073949098587036,2.6451072692871094,0.6118954420089722,0.6139922738075256,2.733586072921753,0.11308709532022476,0.43906116485595703,2.736131191253662,-0.03972046449780464,,,,,,,,,,,,,,,,,,,,,,,,,,,,,,,,,,,,,,,,,,,,,,,,,,,,,,,,,,,,,,,
2,0.55684494972229,0.3560789227485657,-1.4827651977539062,0.5878101587295532,0.29363733530044556,-1.4360380172729492,0.606317937374115,0.29566919803619385,-1.436005711555481,0.6227671504020691,0.2980812191963196,-1.4363183975219727,0.5296047925949097,0.29030266404151917,-1.4392191171646118,0.5107905864715576,0.29084405303001404,-1.4389286041259766,0.4947875142097473,0.2928124964237213,-1.4392962455749512,0.6546725034713745,0.3265770375728607,-1.0106784105300903,0.4724080562591553,0.32881075143814087,-1.0094926357269287,0.5941802263259888,0.4240970015525818,-1.3157312870025635,0.5213125944137573,0.4286694824695587,-1.3151386976242065,0.7992056608200073,0.6235046982765198,-0.6632314920425415,0.35020458698272705,0.6238046884536743,-0.7039648294448853,0.8593908548355103,0.9641684889793396,-0.5181139707565308,0.20790605247020721,0.9809082746505737,-0.5338371992111206,0.8898007273674011,1.3950691223144531,-0.8455227613449097,0.16318710148334503,1.360737919807434,-0.8942191004753113,0.9181373715400696,1.509121060371399,-0.9538066983222961,0.13881632685661316,1.466994047164917,-0.9992824792861938,0.8747376203536987,1.5151846408843994,-1.0436241626739502,0.18417754769325256,1.4706934690475464,-1.1054092645645142,0.8551641702651978,1.4705837965011597,-0.8982149362564087,0.20122256875038147,1.4326350688934326,-0.9479233622550964,0.6948161721229553,1.3782808780670166,-0.05610616132616997,0.40549182891845703,1.3785094022750854,0.06000429391860962,0.6826896667480469,2.0159103870391846,-0.022034069523215294,0.40675345063209534,2.0221641063690186,0.13258615136146545,0.676307737827301,2.570594310760498,0.6727584004402161,0.4108234941959381,2.576136827468872,0.6305619478225708,0.6841242909431458,2.659047842025757,0.7090912461280823,0.4077197015285492,2.664691686630249,0.6627553701400757,0.6252058148384094,2.75345516204834,0.11482618749141693,0.4459584355354309,2.7578506469726562,-0.0032453741878271103,,,,,,,,,,,,,,,,,,,,,,,,,,,,,,,,,,,,,,,,,,,,,,,,,,,,,,,,,,,,,,,
3,0.5556068420410156,0.3560715317726135,-1.4930428266525269,0.5869849920272827,0.2936534583568573,-1.4478950500488281,0.6059406399726868,0.2958116829395294,-1.4478261470794678,0.6223264932632446,0.29841914772987366,-1.4481512308120728,0.5283731818199158,0.29028719663619995,-1.4499800205230713,0.5098782777786255,0.2908123731613159,-1.449694037437439,0.49446362257003784,0.29279059171676636,-1.4500818252563477,0.6540859937667847,0.3272544741630554,-1.028975248336792,0.4712611138820648,0.3289371728897095,-1.0247466564178467,0.5932316780090332,0.42429211735725403,-1.3280577659606934,0.5192297101020813,0.4288107752799988,-1.3265098333358765,0.7988499999046326,0.6229383945465088,-0.6792877316474915,0.3491130471229553,0.6235736608505249,-0.7164958119392395,0.8604194521903992,0.9639791250228882,-0.5355837345123291,0.20835907757282257,0.9786908626556396,-0.5512612462043762,0.8891205787658691,1.4029462337493896,-0.8653818368911743,0.16378889977931976,1.3653227090835571,-0.9127179980278015,0.9175837635993958,1.5182651281356812,-0.9737156629562378,0.1400495171546936,1.4736367464065552,-1.0167858600616455,0.8737303614616394,1.5247493982315063,-1.0639355182647705,0.18566668033599854,1.4786794185638428,-1.1216390132904053,0.8542041778564453,1.4795973300933838,-0.9179971814155579,0.20251527428627014,1.439935326576233,-0.9657807350158691,0.694878101348877,1.3787035942077637,-0.05792028456926346,0.405952125787735,1.3779670000076294,0.06184579059481621,0.6807799339294434,2.0184192657470703,-0.04504232853651047,0.4049299657344818,2.0222394466400146,0.12201408296823502,0.6719824075698853,2.575670003890991,0.650739312171936,0.40702933073043823,2.579451084136963,0.593649685382843,0.6793836355209351,2.6647191047668457,0.6858690977096558,0.4036253094673157,2.6687819957733154,0.6232308745384216,0.620390772819519,2.759120225906372,0.07310114800930023,0.44131192564964294,2.7619335651397705,-0.010319696739315987,,,,,,,,,,,,,,,,,,,,,,,,,,,,,,,,,,,,,,,,,,,,,,,,,,,,,,,,,,,,,,,
4,0.5549359917640686,0.3536558747291565,-1.5931593179702759,0.5866153240203857,0.29100874066352844,-1.5449022054672241,0.6057245135307312,0.29364490509033203,-1.5448623895645142,0.6220235228538513,0.2969662845134735,-1.5451552867889404,0.5281183123588562,0.2873944342136383,-1.548750638961792,0.5096889138221741,0.28796878457069397,-1.5485774278640747,0.49445104598999023,0.2899879217147827,-1.5490010976791382,0.653807520866394,0.32711079716682434,-1.1073484420776367,0.47101396322250366,0.32773348689079285,-1.1119329929351807,0.5925589799880981,0.4227670729160309,-1.420685052871704,0.5179643034934998,0.42765265703201294,-1.4218804836273193,0.7987298369407654,0.6213836669921875,-0.736400306224823,0.34829166531562805,0.6232877969741821,-0.7889201641082764,0.8599998354911804,0.9643336534500122,-0.6069523096084595,0.2086350917816162,0.9778636693954468,-0.6377728581428528,0.8849694132804871,1.4163106679916382,-0.9659830331802368,0.16405777633190155,1.375416874885559,-1.0031278133392334,0.9128820300102234,1.53424870967865,-1.0810246467590332,0.13997599482536316,1.4876976013183594,-1.1128346920013428,0.8690717816352844,1.5429298877716064,-1.1748636960983276,0.1861133724451065,1.4977452754974365,-1.222474217414856,0.8497840166091919,1.495698094367981,-1.0211436748504639,0.20304152369499207,1.4565584659576416,-1.0583112239837646,0.6952129602432251,1.3784414529800415,-0.056639038026332855,0.4060452878475189,1.3771158456802368,0.06054910272359848,0.6792584657669067,2.018462896347046,-0.06861232966184616,0.40460461378097534,2.018852472305298,0.046021007001399994,0.668883204460144,2.578282594680786,0.6022918820381165,0.40465372800827026,2.5804035663604736,0.5006346702575684,0.675920844078064,2.6689724922180176,0.6324575543403625,0.40102705359458923,2.673200845718384,0.5260069966316223,0.6173816919326782,2.7620863914489746,0.0027297416236251593,0.4384937882423401,2.761099338531494,-0.16135725378990173,,,,,,,,,,,,,,,,,,,,,,,,,,,,,,,,,,,,,,,,,,,,,,,,,,,,,,,,,,,,,,,
5,0.5540748238563538,0.351095050573349,-1.6030842065811157,0.5860802531242371,0.28864729404449463,-1.555240273475647,0.6053634285926819,0.29173335433006287,-1.555182695388794,0.6216183304786682,0.2956913709640503,-1.5554330348968506,0.5276958346366882,0.28475409746170044,-1.5579192638397217,0.5093618631362915,0.28544995188713074,-1.557739019393921,0.49436527490615845,0.28758928179740906,-1.5581729412078857,0.6535041332244873,0.3270316421985626,-1.122418999671936,0.47072944045066833,0.3269170820713043,-1.1227478981018066,0.5915935039520264,0.42121946811676025,-1.4330894947052002,0.5165830254554749,0.42614662647247314,-1.432841420173645,0.7985891699790955,0.6207031607627869,-0.7507296800613403,0.34788939356803894,0.6230819821357727,-0.8007766008377075,0.8597704768180847,0.965016782283783,-0.611691415309906,0.20886842906475067,0.9775494933128357,-0.6529312133789062,0.8821247816085815,1.4209918975830078,-0.9550965428352356,0.16389885544776917,1.3818278312683105,-1.0133774280548096,0.9093514680862427,1.5388277769088745,-1.0658414363861084,0.1398317515850067,1.4952807426452637,-1.1200673580169678,0.8656564950942993,1.5468977689743042,-1.1593862771987915,0.18580783903598785,1.5069149732589722,-1.2312095165252686,0.8465895652770996,1.4995282888412476,-1.0092344284057617,0.20263352990150452,1.4653528928756714,-1.0689623355865479,0.6947327256202698,1.3783681392669678,-0.0559581033885479,0.40577369928359985,1.3769022226333618,0.05987146496772766,0.6784725189208984,2.017963171005249,-0.08740421384572983,0.40370693802833557,2.016469955444336,0.03850103169679642,0.6678606867790222,2.5783371925354004,0.5755724906921387,0.4036265015602112,2.5790703296661377,0.48096245527267456,0.6744550466537476,2.6689658164978027,0.6047979593276978,0.39975064992904663,2.671839475631714,0.5049512386322021,0.6156752705574036,2.7616729736328125,-0.02237458899617195,0.4355112910270691,2.7598681449890137,-0.178330659866333,,,,,,,,,,,,,,,,,,,,,,,,,,,,,,,,,,,,,,,,,,,,,,,,,,,,,,,,,,,,,,,
6,0.5538368821144104,0.34734782576560974,-1.6581239700317383,0.5858842730522156,0.2851794958114624,-1.608148217201233,0.6052647829055786,0.28851839900016785,-1.6080948114395142,0.621465802192688,0.2929396331310272,-1.6083341836929321,0.5275940299034119,0.2811482846736908,-1.6115446090698242,0.50928795337677,0.2819858193397522,-1.611384630203247,0.4943634569644928,0.284221351146698,-1.6118017435073853,0.6533607244491577,0.32612675428390503,-1.162574291229248,0.4706815183162689,0.32532602548599243,-1.1662170886993408,0.5914446711540222,0.4180842936038971,-1.4836561679840088,0.5162746906280518,0.42303434014320374,-1.4844542741775513,0.7985427975654602,0.6194382309913635,-0.7847394943237305,0.34722429513931274,0.6228969693183899,-0.8255205154418945,0.8595083951950073,0.9654864072799683,-0.6421698331832886,0.20924830436706543,0.9775022268295288,-0.665863573551178,0.8803017735481262,1.424663782119751,-0.9967643618583679,0.16383089125156403,1.3848459720611572,-1.0407392978668213,0.906955361366272,1.5432674884796143,-1.114683747291565,0.1392344832420349,1.4989055395126343,-1.1531682014465332,0.8632341623306274,1.5503442287445068,-1.2106250524520874,0.18528655171394348,1.5087103843688965,-1.2678062915802002,0.8444461822509766,1.502718210220337,-1.0524444580078125,0.20255370438098907,1.467262625694275,-1.0980333089828491,0.6948190927505493,1.3776028156280518,-0.056958574801683426,0.40559038519859314,1.3760986328125,0.06088341400027275,0.6774343252182007,2.0184199810028076,-0.07673237472772598,0.4030667245388031,2.0148634910583496,0.03848802298307419,0.6669912934303284,2.57843017578125,0.581794261932373,0.40289735794067383,2.5775535106658936,0.4839092791080475,0.6740315556526184,2.6684272289276123,0.6133612990379333,0.3990534543991089,2.6698553562164307,0.5075815916061401,0.6148977875709534,2.7617177963256836,0.006680781953036785,0.4351425766944885,2.7588164806365967,-0.16305124759674072,,,,,,,,,,,,,,,,,,,,,,,,,,,,,,,,,,,,,,,,,,,,,,,,,,,,,,,,,,,,,,,
7,0.5538108944892883,0.34655752778053284,-1.6547037363052368,0.5858750343322754,0.2844352126121521,-1.605769395828247,0.6052639484405518,0.2879733145236969,-1.6056976318359375,0.6214560270309448,0.2926049530506134,-1.605939507484436,0.5275635719299316,0.2802923619747162,-1.6097679138183594,0.5092337131500244,0.2812129855155945,-1.6096107959747314,0.494361013174057,0.28351089358329773,-1.610036849975586,0.6533575057983398,0.3261149525642395,-1.163462519645691,0.47056031227111816,0.32502228021621704,-1.170020341873169,0.5913979411125183,0.41759416460990906,-1.4813109636306763,0.516110897064209,0.4225497245788574,-1.482888102531433,0.7984765768051147,0.619041383266449,-0.7859760522842407,0.3464132845401764,0.6226879954338074,-0.8322870135307312,0.8592755198478699,0.9654508233070374,-0.642369270324707,0.20927362143993378,0.9773862361907959,-0.6731297373771667,0.8795410394668579,1.4230550527572632,-0.9943937063217163,0.1644333004951477,1.386642575263977,-1.0424716472625732,0.9065617322921753,1.5404069423675537,-1.111210584640503,0.1394423544406891,1.5009456872940063,-1.153559684753418,0.862861156463623,1.5466773509979248,-1.2071809768676758,0.18572112917900085,1.5098350048065186,-1.2667237520217896,0.843733012676239,1.4997727870941162,-1.049912691116333,0.20347657799720764,1.4686449766159058,-1.098861575126648,0.6947602033615112,1.3768953084945679,-0.05699160695075989,0.40546780824661255,1.3757113218307495,0.06091251224279404,0.6767780780792236,2.0183205604553223,-0.06770317256450653,0.4025588035583496,2.014118194580078,0.04273363575339317,0.6654953956604004,2.577423572540283,0.608023464679718,0.4018016755580902,2.5763466358184814,0.5222322344779968,0.6724686622619629,2.6668615341186523,0.6403717994689941,0.3978045582771301,2.667891025543213,0.5491846799850464,0.6135193109512329,2.7607333660125732,0.026720786467194557,0.4343276619911194,2.758030891418457,-0.16116169095039368,,,,,,,,,,,,,,,,,,,,,,,,,,,,,,,,,,,,,,,,,,,,,,,,,,,,,,,,,,,,,,,
8,0.5538180470466614,0.34612640738487244,-1.6726553440093994,0.5858914852142334,0.284044474363327,-1.6234982013702393,0.6053234338760376,0.28768306970596313,-1.623417615890503,0.6214622855186462,0.2924099266529083,-1.6236650943756104,0.5275577902793884,0.27987608313560486,-1.6285722255706787,0.5092062950134277,0.28086087107658386,-1.6284360885620117,0.49435845017433167,0.2832205891609192,-1.6288665533065796,0.6533742547035217,0.32609203457832336,-1.1778123378753662,0.4703701138496399,0.3249194324016571,-1.1898276805877686,0.591401219367981,0.41727131605148315,-1.4975740909576416,0.5160983204841614,0.42228811979293823,-1.5006886720657349,0.7984551191329956,0.618620753288269,-0.7938611507415771,0.34571483731269836,0.6224756240844727,-0.8496941328048706,0.8591029047966003,0.9651273488998413,-0.6479542255401611,0.2093202769756317,0.9771806597709656,-0.6900884509086609,0.8789552450180054,1.4222131967544556,-1.0038182735443115,0.1644410789012909,1.3881357908248901,-1.0589570999145508,0.9061226844787598,1.5392820835113525,-1.1214852333068848,0.1391506791114807,1.5027450323104858,-1.1711539030075073,0.8624259829521179,1.5453990697860718,-1.2183111906051636,0.18559707701206207,1.5120633840560913,-1.285438895225525,0.8431529998779297,1.4986480474472046,-1.0598042011260986,0.20362117886543274,1.4707272052764893,-1.115689992904663,0.6946960687637329,1.376220703125,-0.05656608194112778,0.4053657054901123,1.3752236366271973,0.06048300862312317,0.676268994808197,2.018120765686035,-0.06330744177103043,0.40218085050582886,2.0133605003356934,0.04675602540373802,0.664645791053772,2.5766005516052246,0.6307054758071899,0.40103960037231445,2.575122833251953,0.5309480428695679,0.6718299984931946,2.6657652854919434,0.66344153881073,0.3969420790672302,2.6663503646850586,0.5589748620986938,0.6125428080558777,2.7598304748535156,0.03554845601320267,0.4336102604866028,2.756847381591797,-0.14808312058448792,,,,,,,,,,,,,,,,,,,,,,,,,,,,,,,,,,,,,,,,,,,,,,,,,,,,,,,,,,,,,,,
9,0.5542725324630737,0.34606701135635376,-1.687360405921936,0.5865441560745239,0.2840458154678345,-1.6401818990707397,0.6060022115707397,0.2877195179462433,-1.6400718688964844,0.6219719648361206,0.2925080358982086,-1.6403148174285889,0.5278822183609009,0.27979204058647156,-1.6458730697631836,0.5093258023262024,0.2807979881763458,-1.645787239074707,0.4944450855255127,0.28318971395492554,-1.6462377309799194,0.6539087891578674,0.32634979486465454,-1.2012704610824585,0.4702451825141907,0.32492366433143616,-1.2174198627471924,0.5916345119476318,0.4172535240650177,-1.5139472484588623,0.5161964893341064,0.42229244112968445,-1.5182149410247803,0.7984452247619629,0.6184340715408325,-0.8173712491989136,0.3454297184944153,0.6216849088668823,-0.8768705129623413,0.8590289950370789,0.9650267362594604,-0.678881049156189,0.2094394415616989,0.9752399325370789,-0.7249523401260376,0.8787592053413391,1.4220690727233887,-1.0312023162841797,0.16459974646568298,1.387653112411499,-1.0838468074798584,0.9054569005966187,1.5389416217803955,-1.14827299118042,0.1392543613910675,1.5023127794265747,-1.1953144073486328,0.8617624044418335,1.5448249578475952,-1.2441635131835938,0.18608209490776062,1.5119327306747437,-1.305924415588379,0.8426610231399536,1.4980239868164062,-1.0867770910263062,0.20427635312080383,1.470481038093567,-1.1389315128326416,0.6945945024490356,1.3733241558074951,-0.05603545159101486,0.4051903784275055,1.3702623844146729,0.05993156507611275,0.6746141910552979,2.0179250240325928,-0.06995057314634323,0.4011295437812805,2.0098302364349365,0.008803734555840492,0.6591305136680603,2.5755295753479004,0.6043362617492676,0.3972820043563843,2.574869394302368,0.4623467028141022,0.6646478772163391,2.664608955383301,0.6342219114303589,0.39340853691101074,2.665815830230713,0.4870193600654602,0.6072821021080017,2.758938789367676,0.004242587368935347,0.4279320240020752,2.75667405128479,-0.20614783465862274,,,,,,,,,,,,,,,,,,,,,,,,,,,,,,,,,,,,,,,,,,,,,,,,,,,,,,,,,,,,,,,
10,0.5544243454933167,0.3449881374835968,-1.6882966756820679,0.5869991183280945,0.28332096338272095,-1.6398446559906006,0.6064704656600952,0.28726962208747864,-1.6397666931152344,0.6224139332771301,0.292263925075531,-1.6400105953216553,0.5281279683113098,0.278817743062973,-1.6441967487335205,0.5094445943832397,0.28003498911857605,-1.6440998315811157,0.4945030212402344,0.2826801836490631,-1.6445773839950562,0.654617428779602,0.32642433047294617,-1.1996798515319824,0.4702095091342926,0.32488441467285156,-1.2094758749008179,0.5917894840240479,0.41635045409202576,-1.5146970748901367,0.516211211681366,0.42143672704696655,-1.5172295570373535,0.7984646558761597,0.6184154748916626,-0.8122650384902954,0.3454309105873108,0.6203545331954956,-0.8707588911056519,0.8588986396789551,0.9649186730384827,-0.6749741435050964,0.20989063382148743,0.9722405672073364,-0.7215906381607056,0.8782124519348145,1.4239920377731323,-1.0281026363372803,0.1660846620798111,1.3870149850845337,-1.086610198020935,0.9048770666122437,1.5420588254928589,-1.1454216241836548,0.14116430282592773,1.5017956495285034,-1.2018816471099854,0.8611658811569214,1.5477733612060547,-1.2412359714508057,0.18833620846271515,1.5111958980560303,-1.312732458114624,0.8421021699905396,1.5002553462982178,-1.0837430953979492,0.2063777893781662,1.4696877002716064,-1.1423442363739014,0.6944541335105896,1.3724465370178223,-0.054568588733673096,0.4044240117073059,1.3670785427093506,0.05848388001322746,0.6733287572860718,2.0174827575683594,-0.07867126166820526,0.40096116065979004,2.0061144828796387,-0.03792765736579895,0.6559792757034302,2.575284481048584,0.5849403142929077,0.3937453031539917,2.5739808082580566,0.4094015955924988,0.660530686378479,2.664580821990967,0.6128125786781311,0.38940271735191345,2.6648030281066895,0.43319812417030334,0.604416012763977,2.758777618408203,-0.0265522338449955,0.4236811697483063,2.7561488151550293,-0.26900893449783325,,,,,,,,,,,,,,,,,,,,,,,,,,,,,,,,,,,,,,,,,,,,,,,,,,,,,,,,,,,,,,,
11,0.5548208951950073,0.3445156514644623,-1.6824405193328857,0.5876176953315735,0.28304094076156616,-1.6334562301635742,0.6070762872695923,0.28712108731269836,-1.6333879232406616,0.6229968070983887,0.29220595955848694,-1.6336357593536377,0.5284467935562134,0.2784346640110016,-1.6374019384384155,0.5095998048782349,0.2797679007053375,-1.6373138427734375,0.4945824146270752,0.2825424075126648,-1.637792944908142,0.6553115248680115,0.32657429575920105,-1.193604826927185,0.4701847434043884,0.32489708065986633,-1.2014530897140503,0.5922018885612488,0.41592612862586975,-1.5090796947479248,0.5163999795913696,0.4211316406726837,-1.51106858253479,0.7985483407974243,0.6184049248695374,-0.8093555569648743,0.3454335033893585,0.6200120449066162,-0.861557126045227,0.8588355183601379,0.9650185704231262,-0.680955171585083,0.20991650223731995,0.9717668294906616,-0.7139472365379333,0.8779781460762024,1.4245144128799438,-1.042497158050537,0.16597558557987213,1.3865742683410645,-1.0850472450256348,0.9045416712760925,1.542623519897461,-1.162693738937378,0.14098791778087616,1.5009567737579346,-1.2025771141052246,0.8609062433242798,1.5481281280517578,-1.2581675052642822,0.18814465403556824,1.5101072788238525,-1.3133392333984375,0.841882586479187,1.5004589557647705,-1.0984686613082886,0.20621104538440704,1.4688090085983276,-1.1412912607192993,0.6943560838699341,1.3720009326934814,-0.054089587181806564,0.40406566858291626,1.3657058477401733,0.058029212057590485,0.672976016998291,2.0171351432800293,-0.08815063536167145,0.4007706046104431,2.003798723220825,-0.06157267838716507,0.6551116704940796,2.575512647628784,0.5663745999336243,0.3923676908016205,2.5731680393218994,0.3786207139492035,0.6593369841575623,2.665188789367676,0.5931288003921509,0.3877488970756531,2.6644551753997803,0.40159788727760315,0.6037585735321045,2.7590889930725098,-0.04813210293650627,0.422436386346817,2.7554125785827637,-0.3028129041194916,,,,,,,,,,,,,,,,,,,,,,,,,,,,,,,,,,,,,,,,,,,,,,,,,,,,,,,,,,,,,,,
12,0.5552884340286255,0.3444235622882843,-1.6586929559707642,0.5882197022438049,0.2830114960670471,-1.6113736629486084,0.6075237393379211,0.2871212959289551,-1.6112550497055054,0.623350203037262,0.2922537624835968,-1.611509919166565,0.5290595293045044,0.278201162815094,-1.6162160634994507,0.5099219083786011,0.2795317769050598,-1.616070032119751,0.4947434961795807,0.28235042095184326,-1.616509199142456,0.6555840969085693,0.3268450200557709,-1.177795171737671,0.4701450765132904,0.324814110994339,-1.1899183988571167,0.5923840999603271,0.4159261882305145,-1.4874299764633179,0.5165008306503296,0.42104634642601013,-1.490338921546936,0.7986756563186646,0.6188411712646484,-0.8012970685958862,0.34475213289260864,0.6199319958686829,-0.8610019683837891,0.8592422604560852,0.9641595482826233,-0.6681798696517944,0.20979376137256622,0.9719676375389099,-0.7081555128097534,0.8779364824295044,1.4259378910064697,-1.0155174732208252,0.16112107038497925,1.3862407207489014,-1.0657086372375488,0.9045920372009277,1.5439832210540771,-1.131460428237915,0.13383591175079346,1.5007015466690063,-1.1785671710968018,0.8606492280960083,1.5505207777023315,-1.2236347198486328,0.18079394102096558,1.5094947814941406,-1.2877833843231201,0.8417330980300903,1.5024206638336182,-1.0697195529937744,0.19961661100387573,1.468282699584961,-1.1209179162979126,0.6934324502944946,1.3720276355743408,-0.05207905173301697,0.40248385071754456,1.3656599521636963,0.056037623435258865,0.6717798709869385,2.0169358253479004,-0.0829635038971901,0.4002463221549988,2.003993034362793,-0.03456146642565727,0.6539056301116943,2.575791358947754,0.5740631818771362,0.39143261313438416,2.573617458343506,0.4082626402378082,0.6579611301422119,2.665654420852661,0.6023024320602417,0.38677895069122314,2.665891170501709,0.43196791410446167,0.6029263734817505,2.7597267627716064,-0.0256189052015543,0.4209819436073303,2.755265474319458,-0.25609299540519714,,,,,,,,,,,,,,,,,,,,,,,,,,,,,,,,,,,,,,,,,,,,,,,,,,,,,,,,,,,,,,,
13,0.5564895272254944,0.3436809480190277,-1.6994022130966187,0.5891581773757935,0.2821830213069916,-1.6503450870513916,0.6081780791282654,0.2865177392959595,-1.650191068649292,0.623883843421936,0.2918776571750641,-1.650455117225647,0.5303822755813599,0.2771214544773102,-1.658761739730835,0.5109227299690247,0.27864572405815125,-1.6586471796035767,0.4953370988368988,0.2817777097225189,-1.6590783596038818,0.6558972597122192,0.3268500864505768,-1.2055538892745972,0.4702233672142029,0.32469913363456726,-1.233801007270813,0.5931233763694763,0.4151192903518677,-1.5235846042633057,0.5172716379165649,0.4202589690685272,-1.531459093093872,0.7987865209579468,0.6188833713531494,-0.8204833269119263,0.34424227476119995,0.619862973690033,-0.8995567560195923,0.8591508865356445,0.9641610980033875,-0.6763705611228943,0.20996293425559998,0.971562922000885,-0.7451345920562744,0.8774036169052124,1.429008960723877,-1.0191587209701538,0.1605200320482254,1.3860549926757812,-1.0997744798660278,0.9037505984306335,1.548083782196045,-1.1338868141174316,0.1329173594713211,1.5001434087753296,-1.2125661373138428,0.8594428896903992,1.55507493019104,-1.2276273965835571,0.17960324883460999,1.5089062452316284,-1.3250235319137573,0.840905487537384,1.5060546398162842,-1.07387375831604,0.19850988686084747,1.4678370952606201,-1.1559975147247314,0.6926192045211792,1.3714498281478882,-0.050576549023389816,0.40157318115234375,1.3647290468215942,0.05448877811431885,0.6702083349227905,2.0167670249938965,-0.07981367409229279,0.39956527948379517,2.0034852027893066,-0.02684340812265873,0.6516348719596863,2.575542449951172,0.57895427942276,0.3904370665550232,2.573179006576538,0.42122045159339905,0.6550899744033813,2.6653990745544434,0.6079401969909668,0.3859700858592987,2.665637969970703,0.4454898238182068,0.601560115814209,2.759524345397949,-0.015478442423045635,0.4190942347049713,2.7549352645874023,-0.24403604865074158,,,,,,,,,,,,,,,,,,,,,,,,,,,,,,,,,,,,,,,,,,,,,,,,,,,,,,,,,,,,,,,
14,0.557681679725647,0.343894362449646,-1.6920429468154907,0.5902438759803772,0.28230008482933044,-1.6454213857650757,0.6089269518852234,0.28666913509368896,-1.6452434062957764,0.6245141625404358,0.29206573963165283,-1.6455129384994507,0.5321916341781616,0.27716773748397827,-1.6535422801971436,0.5127315521240234,0.2786780893802643,-1.653407096862793,0.49674153327941895,0.28180620074272156,-1.6538327932357788,0.6562770009040833,0.3271264135837555,-1.2053951025009155,0.4716278612613678,0.32467347383499146,-1.2333910465240479,0.5935739278793335,0.41527703404426575,-1.5172966718673706,0.5185164213180542,0.4202803373336792,-1.5249290466308594,0.79880690574646,0.6188625693321228,-0.8196929693222046,0.34424811601638794,0.6193493008613586,-0.9031103253364563,0.8591104745864868,0.9638139605522156,-0.6725032329559326,0.21008996665477753,0.9700518846511841,-0.7497615218162537,0.8771851658821106,1.4293431043624878,-1.0100045204162598,0.15839990973472595,1.3839871883392334,-1.0935750007629395,0.9034303426742554,1.5483229160308838,-1.1230748891830444,0.12945260107517242,1.4974415302276611,-1.2035577297210693,0.858902633190155,1.5556267499923706,-1.2162654399871826,0.17646366357803345,1.508548617362976,-1.3148064613342285,0.840530276298523,1.5065661668777466,-1.0643737316131592,0.19587065279483795,1.4673713445663452,-1.1489787101745605,0.6916610598564148,1.3705066442489624,-0.047891076654195786,0.40113329887390137,1.363468885421753,0.05178597569465637,0.6686005592346191,2.015577793121338,-0.0820295587182045,0.3989409804344177,2.002390146255493,-0.02863067016005516,0.6498063802719116,2.575160264968872,0.561744749546051,0.38984665274620056,2.57253360748291,0.3993028700351715,0.6529714465141296,2.664965867996216,0.589545488357544,0.385520875453949,2.665163278579712,0.4209921360015869,0.6000145673751831,2.7589590549468994,-0.031323499977588654,0.41760849952697754,2.752800226211548,-0.26224285364151,,,,,,,,,,,,,,,,,,,,,,,,,,,,,,,,,,,,,,,,,,,,,,,,,,,,,,,,,,,,,,,
15,0.5583876371383667,0.343995600938797,-1.679319977760315,0.5908871293067932,0.2823205292224884,-1.6332238912582397,0.6093841195106506,0.28670164942741394,-1.633049726486206,0.6249045729637146,0.29211416840553284,-1.6333162784576416,0.5332727432250977,0.27717289328575134,-1.6405881643295288,0.5138452053070068,0.27868226170539856,-1.640444040298462,0.4976421296596527,0.281812846660614,-1.6408698558807373,0.6565706729888916,0.32729634642601013,-1.1971615552902222,0.47260451316833496,0.32463642954826355,-1.221642255783081,0.593889057636261,0.4153538644313812,-1.5060964822769165,0.519314706325531,0.420288622379303,-1.512678623199463,0.798906683921814,0.6189797520637512,-0.8143243789672852,0.3442924916744232,0.618883490562439,-0.8954287767410278,0.8590731620788574,0.9636595845222473,-0.667870044708252,0.21017563343048096,0.9686765074729919,-0.7419036626815796,0.8764828443527222,1.42966628074646,-1.0069904327392578,0.15759888291358948,1.3827742338180542,-1.0827430486679077,0.9023380279541016,1.5485683679580688,-1.1226271390914917,0.12836772203445435,1.4959640502929688,-1.191937804222107,0.8576445579528809,1.555894136428833,-1.2141709327697754,0.17560872435569763,1.50837242603302,-1.3022602796554565,0.8395765423774719,1.5067805051803589,-1.0610682964324951,0.1950680911540985,1.467071533203125,-1.1376991271972656,0.6912238597869873,1.3701400756835938,-0.04621041566133499,0.4009164869785309,1.3626660108566284,0.050090909004211426,0.6672419905662537,2.015040874481201,-0.0803326740860939,0.397898405790329,2.0019619464874268,-0.02304431051015854,0.6479419469833374,2.5750482082366943,0.5656522512435913,0.38868385553359985,2.5724477767944336,0.4078488349914551,0.651056170463562,2.664886713027954,0.5940765738487244,0.38443511724472046,2.6650476455688477,0.4301661550998688,0.5981242060661316,2.7588160037994385,-0.024074923247098923,0.41596609354019165,2.7523529529571533,-0.2500532269477844,,,,,,,,,,,,,,,,,,,,,,,,,,,,,,,,,,,,,,,,,,,,,,,,,,,,,,,,,,,,,,,
16,0.5594356656074524,0.34399130940437317,-1.6747148036956787,0.5920727849006653,0.2823093831539154,-1.6277997493743896,0.6102647185325623,0.28670230507850647,-1.6276575326919556,0.6256564259529114,0.2921224534511566,-1.6279118061065674,0.535017728805542,0.27690330147743225,-1.6339256763458252,0.5157126188278198,0.27823054790496826,-1.6337776184082031,0.49917134642601013,0.2812427878379822,-1.6342003345489502,0.6570147275924683,0.32732248306274414,-1.1929210424423218,0.4739605486392975,0.3239302635192871,-1.2125211954116821,0.5943132638931274,0.4153527319431305,-1.5028085708618164,0.5202654600143433,0.42001354694366455,-1.5071619749069214,0.7988156080245972,0.618764340877533,-0.8101909756660461,0.34446269273757935,0.6172129511833191,-0.8868009448051453,0.8591548800468445,0.9633769392967224,-0.649171769618988,0.21024301648139954,0.9673601388931274,-0.7343441247940063,0.8764185905456543,1.4255458116531372,-0.9761885404586792,0.15818549692630768,1.3801120519638062,-1.077165126800537,0.9017950296401978,1.5439399480819702,-1.0856654644012451,0.12991292774677277,1.4932500123977661,-1.1825406551361084,0.85716712474823,1.5506279468536377,-1.1781046390533447,0.17760790884494781,1.5059999227523804,-1.289870023727417,0.8394290804862976,1.5016963481903076,-1.0295569896697998,0.19639907777309418,1.4645042419433594,-1.129574179649353,0.6908473968505859,1.3697731494903564,-0.04481589049100876,0.4008043706417084,1.3619290590286255,0.04868241772055626,0.6663841009140015,2.0140087604522705,-0.07934807240962982,0.3968156576156616,2.0015573501586914,-0.019866306334733963,0.6463402509689331,2.5744481086730957,0.5696656107902527,0.38654929399490356,2.5721311569213867,0.4147205352783203,0.649419903755188,2.6642441749572754,0.5984423160552979,0.38201475143432617,2.6647822856903076,0.43773502111434937,0.5959705114364624,2.75852108001709,-0.023748185485601425,0.41354846954345703,2.751784324645996,-0.24591481685638428,,,,,,,,,,,,,,,,,,,,,,,,,,,,,,,,,,,,,,,,,,,,,,,,,,,,,,,,,,,,,,,
17,0.5601707696914673,0.34394925832748413,-1.6657111644744873,0.5928608775138855,0.28226834535598755,-1.6201322078704834,0.6108627319335938,0.28669068217277527,-1.619948387145996,0.6261723041534424,0.2921196222305298,-1.6202239990234375,0.5362264513969421,0.27658408880233765,-1.6282485723495483,0.5170671939849854,0.27774932980537415,-1.6280971765518188,0.5003575682640076,0.28066080808639526,-1.6285254955291748,0.6573233008384705,0.3273307979106903,-1.1858562231063843,0.47515955567359924,0.3232482969760895,-1.2097281217575073,0.594671368598938,0.41529035568237305,-1.4931269884109497,0.5210632085800171,0.419607937335968,-1.5004991292953491,0.7987194061279297,0.6184073686599731,-0.7994587421417236,0.3447017967700958,0.615848958492279,-0.8827359080314636,0.8591704368591309,0.9627944827079773,-0.6311185956001282,0.21026663482189178,0.9661625027656555,-0.7330283522605896,0.8762520551681519,1.4202510118484497,-0.9511162042617798,0.15845987200737,1.3768399953842163,-1.0615534782409668,0.9009963870048523,1.5378135442733765,-1.0576484203338623,0.13083963096141815,1.489637851715088,-1.163771390914917,0.8565448522567749,1.5436934232711792,-1.1498644351959229,0.17878545820713043,1.5023411512374878,-1.269255518913269,0.8391567468643188,1.4951910972595215,-1.0039503574371338,0.19713422656059265,1.4608441591262817,-1.112377405166626,0.6905208826065063,1.3692622184753418,-0.04376024752855301,0.4007299840450287,1.3612245321273804,0.04760999232530594,0.6659011244773865,2.012826442718506,-0.07402509450912476,0.39609718322753906,2.0012693405151367,-0.005957013927400112,0.6455895304679871,2.573291540145874,0.5711021423339844,0.3855953812599182,2.571444272994995,0.42100781202316284,0.6487049460411072,2.66279673576355,0.6004514098167419,0.3809528946876526,2.6638307571411133,0.4434247612953186,0.5949121713638306,2.7576990127563477,-0.009077458642423153,0.41253286600112915,2.750962734222412,-0.22690872848033905,,,,,,,,,,,,,,,,,,,,,,,,,,,,,,,,,,,,,,,,,,,,,,,,,,,,,,,,,,,,,,,
18,0.5608342289924622,0.34393227100372314,-1.6051204204559326,0.5938259959220886,0.28221362829208374,-1.560858964920044,0.611547589302063,0.2866459786891937,-1.5606650114059448,0.6267514228820801,0.2920677959918976,-1.560968279838562,0.537413477897644,0.2764120101928711,-1.568481206893921,0.518293023109436,0.27745798230171204,-1.5683141946792603,0.5014366507530212,0.2802785038948059,-1.5687403678894043,0.6576069593429565,0.3273324966430664,-1.1387498378753662,0.4765574038028717,0.3227320611476898,-1.163325548171997,0.5949044823646545,0.41519778966903687,-1.437496304512024,0.521716833114624,0.4192647635936737,-1.4443830251693726,0.7985627055168152,0.6184141635894775,-0.7711203694343567,0.3451967239379883,0.6145961284637451,-0.8553290367126465,0.8586632609367371,0.9627997875213623,-0.6006038784980774,0.21019914746284485,0.9649617671966553,-0.7008962035179138,0.8740164637565613,1.4197312593460083,-0.895902156829834,0.15733984112739563,1.3730524778366089,-1.0077102184295654,0.8982330560684204,1.5368527173995972,-0.9960563778877258,0.12977036833763123,1.484466552734375,-1.1032220125198364,0.8540031313896179,1.5428764820098877,-1.0848370790481567,0.17776459455490112,1.497925043106079,-1.2070741653442383,0.837019145488739,1.4943854808807373,-0.9465596079826355,0.19591215252876282,1.4569125175476074,-1.0579451322555542,0.6890491843223572,1.3693292140960693,-0.043408337980508804,0.39986729621887207,1.3611781597137451,0.04723316803574562,0.6641488075256348,2.012709379196167,-0.06355582177639008,0.39377209544181824,2.001866340637207,0.03228310868144035,0.6433213949203491,2.573134660720825,0.5878919959068298,0.3828636407852173,2.571427583694458,0.4672490954399109,0.6467257738113403,2.662632942199707,0.6198388338088989,0.37774306535720825,2.663792133331299,0.49171680212020874,0.592049241065979,2.757580041885376,0.029659386724233627,0.4098493158817291,2.751096487045288,-0.16345342993736267,,,,,,,,,,,,,,,,,,,,,,,,,,,,,,,,,,,,,,,,,,,,,,,,,,,,,,,,,,,,,,,
19,0.5621674656867981,0.3439371883869171,-1.6001876592636108,0.5951426029205322,0.28221914172172546,-1.554306149482727,0.6124722361564636,0.28665271401405334,-1.5541341304779053,0.6276219487190247,0.292068749666214,-1.55442214012146,0.5392227172851562,0.2763834297657013,-1.5614721775054932,0.5202254056930542,0.2773542106151581,-1.5613161325454712,0.5031681060791016,0.28008922934532166,-1.56175696849823,0.6581994295120239,0.32733890414237976,-1.1271113157272339,0.47868767380714417,0.3222038447856903,-1.1509404182434082,0.5954126715660095,0.41496652364730835,-1.4310424327850342,0.5229968428611755,0.4190244674682617,-1.4375550746917725,0.7983801960945129,0.6186978220939636,-0.7602883577346802,0.34614211320877075,0.6127777695655823,-0.8401591181755066,0.8559011220932007,0.9647502899169922,-0.5974182486534119,0.21020925045013428,0.9641174674034119,-0.6865060329437256,0.8611075282096863,1.4201849699020386,-0.9051710963249207,0.1486133635044098,1.3704806566238403,-1.0086381435394287,0.8806583285331726,1.5374006032943726,-1.0093162059783936,0.1182045191526413,1.4801932573318481,-1.109086275100708,0.8354908227920532,1.5428706407546997,-1.0986297130584717,0.16527405381202698,1.4938114881515503,-1.2155617475509644,0.820724606513977,1.4943442344665527,-0.9564248919487,0.18492260575294495,1.4535068273544312,-1.0609838962554932,0.6844009160995483,1.370261549949646,-0.04321383312344551,0.3966972231864929,1.3612090349197388,0.04704699292778969,0.6579369306564331,2.0129151344299316,-0.08595169335603714,0.38929274678230286,2.0020387172698975,0.022179920226335526,0.6353304982185364,2.5734994411468506,0.5489540100097656,0.37779051065444946,2.5714151859283447,0.4288047254085541,0.6383105516433716,2.6628477573394775,0.5785096883773804,0.3726329803466797,2.6637566089630127,0.4497835040092468,0.5836507678031921,2.7576205730438232,-0.01945001259446144,0.40337738394737244,2.750913381576538,-0.20826885104179382,,,,,,,,,,,,,,,,,,,,,,,,,,,,,,,,,,,,,,,,,,,,,,,,,,,,,,,,,,,,,,,
20,0.563285768032074,0.3439510464668274,-1.5935057401657104,0.5961397886276245,0.28224217891693115,-1.5467712879180908,0.6131933927536011,0.2866783142089844,-1.546593427658081,0.6283043026924133,0.2920868992805481,-1.5468761920928955,0.5405817627906799,0.27637121081352234,-1.5547640323638916,0.5216473937034607,0.277288019657135,-1.5546066761016846,0.5044548511505127,0.2799552381038666,-1.5550425052642822,0.658565878868103,0.32735949754714966,-1.1188167333602905,0.48003649711608887,0.3218379020690918,-1.1469511985778809,0.5958855152130127,0.41486966609954834,-1.4243848323822021,0.5240805745124817,0.4188832938671112,-1.4320452213287354,0.7980319261550903,0.6187418699264526,-0.7542080879211426,0.3466278612613678,0.6119193434715271,-0.8370835185050964,0.8534864187240601,0.9657596349716187,-0.5908161401748657,0.21018359065055847,0.9640161991119385,-0.6844094395637512,0.8561393618583679,1.4217679500579834,-0.8953263163566589,0.14273035526275635,1.3698029518127441,-1.0071752071380615,0.8755162954330444,1.53931725025177,-0.9980181455612183,0.11078844964504242,1.4784603118896484,-1.108148217201233,0.8303165435791016,1.5444581508636475,-1.0880546569824219,0.15730246901512146,1.492573618888855,-1.2158129215240479,0.8155366778373718,1.4955856800079346,-0.9467259645462036,0.1777375191450119,1.4526234865188599,-1.060204267501831,0.6812087297439575,1.370298147201538,-0.04247031733393669,0.3946989178657532,1.3610904216766357,0.04629344865679741,0.6537846326828003,2.0128588676452637,-0.09363393485546112,0.38621431589126587,2.002009630203247,0.01630125753581524,0.6304513216018677,2.573410749435425,0.5343905687332153,0.37442710995674133,2.571312189102173,0.4096354842185974,0.6332800984382629,2.662794589996338,0.5632731914520264,0.36924105882644653,2.663619041442871,0.4293472170829773,0.5789386630058289,2.757474422454834,-0.03351602703332901,0.39919498562812805,2.7506401538848877,-0.2277332842350006,,,,,,,,,,,,,,,,,,,,,,,,,,,,,,,,,,,,,,,,,,,,,,,,,,,,,,,,,,,,,,,
21,0.566183865070343,0.34377044439315796,-1.568805456161499,0.5980623364448547,0.2820022702217102,-1.5208264589309692,0.614524245262146,0.28638795018196106,-1.5206586122512817,0.6294878721237183,0.2917352318763733,-1.5209457874298096,0.5428960919380188,0.27608534693717957,-1.530402421951294,0.5240181684494019,0.2768841087818146,-1.5302603244781494,0.5065157413482666,0.27951258420944214,-1.5307223796844482,0.6588826775550842,0.3271508812904358,-1.0850679874420166,0.48131442070007324,0.3213534653186798,-1.1201300621032715,0.5975997447967529,0.41402915120124817,-1.3968430757522583,0.5268332362174988,0.4183352291584015,-1.40635347366333,0.7978898882865906,0.6187168955802917,-0.7121455669403076,0.3466801941394806,0.611586332321167,-0.8146520853042603,0.8516142964363098,0.9662593603134155,-0.5577486753463745,0.21137967705726624,0.9640267491340637,-0.6497310400009155,0.8472952842712402,1.4097542762756348,-0.8881659507751465,0.14226768910884857,1.3698817491531372,-0.9722434878349304,0.8620638847351074,1.5222660303115845,-0.9916780591011047,0.10891471058130264,1.478480577468872,-1.0704097747802734,0.8173686265945435,1.5246083736419678,-1.0735613107681274,0.15501493215560913,1.4934505224227905,-1.1836258172988892,0.8039261698722839,1.4778155088424683,-0.9363543391227722,0.17593668401241302,1.453350305557251,-1.0268139839172363,0.6809502840042114,1.3714978694915771,-0.04207699000835419,0.3946015238761902,1.361790418624878,0.0458754301071167,0.6524816751480103,2.013684034347534,-0.06177644059062004,0.3844485580921173,2.0037100315093994,0.04673882946372032,0.6288546323776245,2.5742433071136475,0.5995352268218994,0.37218061089515686,2.57245135307312,0.4850669801235199,0.6314204335212708,2.6635491847991943,0.6334081888198853,0.3667873740196228,2.664473533630371,0.5096381902694702,0.5783032178878784,2.7576286792755127,0.04566323012113571,0.3978147804737091,2.751131534576416,-0.14739549160003662,,,,,,,,,,,,,,,,,,,,,,,,,,,,,,,,,,,,,,,,,,,,,,,,,,,,,,,,,,,,,,,
22,0.5730330944061279,0.3437613546848297,-1.478979229927063,0.6014918088912964,0.2817578613758087,-1.427863597869873,0.6167088150978088,0.2859012186527252,-1.4277676343917847,0.6312165260314941,0.29092827439308167,-1.4280292987823486,0.5480075478553772,0.27601009607315063,-1.4378113746643066,0.5291200876235962,0.2767082452774048,-1.4375054836273193,0.5111613869667053,0.2792354226112366,-1.4379287958145142,0.6588777303695679,0.32626068592071533,-0.9944974184036255,0.48367565870285034,0.3204611539840698,-1.028364896774292,0.6013283729553223,0.4136386811733246,-1.309805989265442,0.5335631370544434,0.4183201193809509,-1.318918228149414,0.7976812124252319,0.6188259720802307,-0.6376327276229858,0.3485793471336365,0.6114367842674255,-0.7429360151290894,0.8510514497756958,0.9704151749610901,-0.5050157308578491,0.2177186757326126,0.9640485048294067,-0.5987198352813721,0.8459066152572632,1.4020007848739624,-0.8655450940132141,0.16681145131587982,1.3697913885116577,-0.9588054418563843,0.8601287007331848,1.5138328075408936,-0.9802166819572449,0.13583609461784363,1.4777255058288574,-1.067551851272583,0.8145621418952942,1.5129470825195312,-1.0593394041061401,0.18002459406852722,1.489871859550476,-1.180808663368225,0.8008362650871277,1.4667805433273315,-0.9141340255737305,0.2007654905319214,1.4498240947723389,-1.0145397186279297,0.681380033493042,1.3728808164596558,-0.04206184297800064,0.3960728645324707,1.362982153892517,0.04586669057607651,0.6526069045066833,2.014155387878418,-0.067284494638443,0.3845061659812927,2.0054802894592285,0.041487179696559906,0.6292529106140137,2.575209379196167,0.5707834959030151,0.3723505139350891,2.573525905609131,0.48176541924476624,0.6319358944892883,2.6641721725463867,0.6004781723022461,0.36700764298439026,2.664983034133911,0.5032676458358765,0.5786896347999573,2.75764536857605,0.0038121112156659365,0.39800047874450684,2.7516937255859375,-0.14823363721370697,,,,,,,,,,,,,,,,,,,,,,,,,,,,,,,,,,,,,,,,,,,,,,,,,,,,,,,,,,,,,,,
23,0.5765838623046875,0.34377527236938477,-1.4673420190811157,0.6035326719284058,0.2816787660121918,-1.4160317182540894,0.6181107759475708,0.2856968939304352,-1.415954351425171,0.6323584914207458,0.29055121541023254,-1.4162129163742065,0.5507983565330505,0.2760016620159149,-1.4262527227401733,0.5318568348884583,0.2766646444797516,-1.425939679145813,0.5136864185333252,0.27914637327194214,-1.4263581037521362,0.6588824391365051,0.3257907032966614,-0.9819474220275879,0.4850520193576813,0.3199814558029175,-1.0166555643081665,0.6036109328269958,0.41349899768829346,-1.2979027032852173,0.5370802283287048,0.4183325469493866,-1.307293176651001,0.7975279092788696,0.6189103722572327,-0.627835214138031,0.34970417618751526,0.6114110946655273,-0.7335453629493713,0.8505936861038208,0.972855806350708,-0.5010875463485718,0.2210778445005417,0.9640578031539917,-0.5954848527908325,0.8463128209114075,1.3982415199279785,-0.8685098886489868,0.1730867326259613,1.3705424070358276,-0.9619189500808716,0.8611829876899719,1.5099917650222778,-0.9852267503738403,0.14199718832969666,1.4780669212341309,-1.0726165771484375,0.8155695796012878,1.508766531944275,-1.0651799440383911,0.18642573058605194,1.4898931980133057,-1.1863912343978882,0.8014543652534485,1.4626669883728027,-0.9178217053413391,0.20731012523174286,1.449834942817688,-1.0182459354400635,0.6817544102668762,1.3743431568145752,-0.04207408428192139,0.39732587337493896,1.3647586107254028,0.045888226479291916,0.652725100517273,2.014497995376587,-0.07073613256216049,0.38475602865219116,2.0074312686920166,0.040579862892627716,0.6294384002685547,2.5761728286743164,0.5586730241775513,0.3730226755142212,2.57523775100708,0.4770621359348297,0.632175087928772,2.66499662399292,0.587180495262146,0.36772778630256653,2.666414976119995,0.500008225440979,0.5788677930831909,2.7578089237213135,-0.012015552259981632,0.3991592526435852,2.752589225769043,-0.1586068570613861,,,,,,,,,,,,,,,,,,,,,,,,,,,,,,,,,,,,,,,,,,,,,,,,,,,,,,,,,,,,,,,
24,0.5787403583526611,0.3445374071598053,-1.3819937705993652,0.6042246222496033,0.2821653187274933,-1.327428936958313,0.6186555027961731,0.285946249961853,-1.3273248672485352,0.6327922344207764,0.2906374931335449,-1.3276158571243286,0.5519225001335144,0.27666935324668884,-1.33584463596344,0.5330872535705566,0.27709388732910156,-1.3354551792144775,0.5149354338645935,0.2794381380081177,-1.3357722759246826,0.6587278246879578,0.32571518421173096,-0.8858499526977539,0.4862481653690338,0.31996533274650574,-0.9098101854324341,0.6051371097564697,0.41361093521118164,-1.2116219997406006,0.5398041009902954,0.41878175735473633,-1.217833399772644,0.7972075939178467,0.6189029812812805,-0.5516253709793091,0.35435837507247925,0.6117818355560303,-0.6315345764160156,0.8478711843490601,0.97555011510849,-0.4218207895755768,0.22425130009651184,0.9493016004562378,-0.49372777342796326,0.8349941372871399,1.3888968229293823,-0.7818171381950378,0.23669485747814178,1.323737621307373,-0.8801677823066711,0.8459844589233398,1.5008907318115234,-0.9046993255615234,0.22492346167564392,1.422626256942749,-1.0008295774459839,0.801110565662384,1.4955326318740845,-0.9826880693435669,0.26667457818984985,1.4158358573913574,-1.099752426147461,0.7896268963813782,1.4489593505859375,-0.8310133218765259,0.2774695158004761,1.378436803817749,-0.930235743522644,0.6898337602615356,1.3741397857666016,-0.04555875435471535,0.4100954532623291,1.3647384643554688,0.049458060413599014,0.6619516015052795,2.012174129486084,-0.023321671411395073,0.3968799114227295,2.006178855895996,0.0823153406381607,0.639253556728363,2.570721387863159,0.6568635702133179,0.38826245069503784,2.568686008453369,0.5520642995834351,0.6437005996704102,2.656432628631592,0.6895915269851685,0.3826278746128082,2.654675006866455,0.5799978375434875,0.5867094993591309,2.750293731689453,0.07844959199428558,0.42069846391677856,2.7482781410217285,-0.09590539336204529,,,,,,,,,,,,,,,,,,,,,,,,,,,,,,,,,,,,,,,,,,,,,,,,,,,,,,,,,,,,,,,
25,0.5793763399124146,0.34509584307670593,-0.9853910207748413,0.6046416163444519,0.2825220823287964,-0.9339512586593628,0.6190878748893738,0.2861272394657135,-0.9340263605117798,0.6332741975784302,0.290720134973526,-0.9342938661575317,0.5521539449691772,0.27729254961013794,-0.9279481768608093,0.5332211256027222,0.2776307165622711,-0.9272023439407349,0.5150272250175476,0.2799600064754486,-0.9272373914718628,0.6589282751083374,0.32581576704978943,-0.5221518874168396,0.48660916090011597,0.31996697187423706,-0.48138803243637085,0.6059027314186096,0.41402798891067505,-0.8313475847244263,0.5411698222160339,0.4191320538520813,-0.8197533488273621,0.7973360419273376,0.6237801909446716,-0.304516077041626,0.35844936966896057,0.6123009920120239,-0.2652837634086609,0.8463899493217468,0.9771987199783325,-0.34384697675704956,0.22398033738136292,0.9736421704292297,-0.6710928678512573,0.8329088091850281,1.3730719089508057,-0.7205734252929688,0.22313420474529266,0.8427068591117859,-1.799731969833374,0.8385202288627625,1.4846376180648804,-0.8281841278076172,0.20317280292510986,0.7931200861930847,-1.9996477365493774,0.7949237823486328,1.4567439556121826,-0.8801563382148743,0.24463772773742676,0.7526343464851379,-2.014002561569214,0.783988893032074,1.4157836437225342,-0.7566534280776978,0.25746020674705505,0.777474582195282,-1.839739203453064,0.6897867918014526,1.3764115571975708,-0.046980708837509155,0.409809410572052,1.3647462129592896,0.05106651037931442,0.6618551015853882,2.011629581451416,-0.019742362201213837,0.3936295211315155,2.000053882598877,0.15712708234786987,0.6392234563827515,2.5702462196350098,0.6454410552978516,0.38783589005470276,2.5540802478790283,0.659320592880249,0.6437945365905762,2.6539907455444336,0.6597355604171753,0.3822306990623474,2.6288390159606934,0.6910004019737244,0.5870882272720337,2.7433536052703857,0.023257499560713768,0.42016997933387756,2.7386181354522705,0.01623050682246685,,,,,,,,,,,,,,,,,,,,,,,,,,,,,,,,,,,,,,,,,,,,,,,,,,,,,,,,,,,,,,,
26,0.5792440176010132,0.345173180103302,-0.9822552800178528,0.6047142744064331,0.28258076310157776,-0.9303272366523743,0.6192480325698853,0.28613901138305664,-0.9304164052009583,0.633454442024231,0.290718138217926,-0.9306262731552124,0.5520097613334656,0.2774086594581604,-0.9227840304374695,0.5330477356910706,0.2777169346809387,-0.9220399856567383,0.5149220824241638,0.2800354063510895,-0.9220738410949707,0.659027099609375,0.32583367824554443,-0.5174137353897095,0.4865871071815491,0.31990301609039307,-0.46923336386680603,0.6060540676116943,0.41414251923561096,-0.8282498121261597,0.541124701499939,0.4191710352897644,-0.8146277666091919,0.7975896596908569,0.6273589730262756,-0.2959025204181671,0.35969263315200806,0.6129790544509888,-0.25514501333236694,0.8459574580192566,0.9804891347885132,-0.33236655592918396,0.22335712611675262,0.9403764009475708,-0.7291133403778076,0.8337680101394653,1.3748841285705566,-0.7080420851707458,0.21590960025787354,0.8059464693069458,-1.87078857421875,0.8400510549545288,1.4876898527145386,-0.8126727938652039,0.19350571930408478,0.7470090389251709,-2.074230670928955,0.795958936214447,1.4604755640029907,-0.8654187917709351,0.23473048210144043,0.7054027318954468,-2.084901809692383,0.7841624021530151,1.41891610622406,-0.7442139387130737,0.2478591501712799,0.7338368892669678,-1.909429907798767,0.6897825598716736,1.3802692890167236,-0.04825782775878906,0.4092577397823334,1.3656401634216309,0.05250384286046028,0.6613684892654419,2.0117878913879395,-0.025326788425445557,0.3894725441932678,1.9990350008010864,0.17781873047351837,0.6387227773666382,2.570342540740967,0.6171064376831055,0.3853234648704529,2.5500829219818115,0.6864504814147949,0.6436619162559509,2.6539382934570312,0.6272544264793396,0.3796357214450836,2.622429370880127,0.7186211347579956,0.5869930982589722,2.7415168285369873,-0.017103374004364014,0.4178871214389801,2.736696481704712,0.040913473814725876,,,,,,,,,,,,,,,,,,,,,,,,,,,,,,,,,,,,,,,,,,,,,,,,,,,,,,,,,,,,,,,
27,0.5815251469612122,0.3451771140098572,-0.918812096118927,0.6062401533126831,0.2825555205345154,-0.8658455610275269,0.6205101609230042,0.2860667109489441,-0.8659080266952515,0.6346991062164307,0.2905786633491516,-0.8659844398498535,0.5539178252220154,0.2773855924606323,-0.8581496477127075,0.5349956154823303,0.27762967348098755,-0.8573342561721802,0.5166469812393188,0.27989932894706726,-0.8573161363601685,0.6592148542404175,0.32580193877220154,-0.47596555948257446,0.486920028924942,0.31982046365737915,-0.4197844862937927,0.6076022386550903,0.41413381695747375,-0.7755196690559387,0.5444735884666443,0.4191249907016754,-0.7600914239883423,0.7974418997764587,0.6274667978286743,-0.2790706157684326,0.3621397912502289,0.6208609342575073,-0.23583897948265076,0.8488556146621704,0.9833349585533142,-0.31613069772720337,0.22273901104927063,0.9901421070098877,-0.756095826625824,0.8370334506034851,1.376698613166809,-0.6360034346580505,0.2407214343547821,0.7700793743133545,-1.812239408493042,0.8436551094055176,1.4900462627410889,-0.7352052330970764,0.22424843907356262,0.6080291867256165,-2.0079588890075684,0.7979223728179932,1.4668313264846802,-0.7620231509208679,0.27021247148513794,0.5598804950714111,-1.9867992401123047,0.7852655053138733,1.4250209331512451,-0.6632236838340759,0.2830168604850769,0.621642529964447,-1.8342220783233643,0.7025177478790283,1.399269938468933,-0.059350959956645966,0.4174341559410095,1.396986722946167,0.06398721784353256,0.6831158399581909,2.026993989944458,-0.05393471568822861,0.40985769033432007,2.0329301357269287,0.25291669368743896,0.6742580533027649,2.5871405601501465,0.564443051815033,0.42348331212997437,2.572411060333252,0.796262800693512,0.6823281049728394,2.6678974628448486,0.581710696220398,0.4194474220275879,2.6378884315490723,0.8380940556526184,0.6300390362739563,2.754087209701538,-0.04241286590695381,0.45962756872177124,2.764108180999756,0.18830151855945587,0.26470765471458435,0.7734787464141846,3.931728258521616e-07,0.3290145695209503,0.7151052355766296,-0.024302801117300987,0.3636448383331299,0.6196432113647461,-0.03427385166287422,0.387146532535553,0.5416168570518494,-0.043910734355449677,0.42136889696121216,0.49781012535095215,-0.05108269676566124,0.2915330231189728,0.5084097385406494,-0.001330590108409524,0.307585746049881,0.4045504331588745,-0.01906355656683445,0.329190194606781,0.3520846962928772,-0.036816295236349106,0.34801989793777466,0.31930363178253174,-0.048207491636276245,0.2567264437675476,0.5064185261726379,0.00013239656982477754,0.2755142152309418,0.40346309542655945,-0.016866862773895264,0.2997388243675232,0.3677874803543091,-0.033629920333623886,0.32271337509155273,0.3497161865234375,-0.043399032205343246,0.22963574528694153,0.514481246471405,-0.0025565156247466803,0.25085344910621643,0.42485570907592773,-0.016907338052988052,0.27385812997817993,0.40092432498931885,-0.02206496149301529,0.2957823872566223,0.39512374997138977,-0.023089736700057983,0.210127055644989,0.531341016292572,-0.008633757010102272,0.2286190539598465,0.46085384488105774,-0.015760470181703568,0.24988096952438354,0.4337320923805237,-0.013439247384667397,0.270518958568573,0.4253832697868347,-0.009489732794463634
28,0.5820010900497437,0.34493961930274963,-0.7812069654464722,0.606564998626709,0.2818700075149536,-0.7201126217842102,0.6208716630935669,0.28502020239830017,-0.7201193571090698,0.6352529525756836,0.28911930322647095,-0.7203391790390015,0.5540409088134766,0.27733147144317627,-0.7114543318748474,0.5349821448326111,0.27763858437538147,-0.7107099294662476,0.5165647268295288,0.2800290286540985,-0.7107925415039062,0.6604580879211426,0.32558557391166687,-0.3535577058792114,0.48695093393325806,0.3208841383457184,-0.28738638758659363,0.6092212796211243,0.4141412675380707,-0.6513618230819702,0.5453230142593384,0.41912350058555603,-0.6339656114578247,0.7974371910095215,0.6274099349975586,-0.22707872092723846,0.3692554831504822,0.6492326259613037,-0.19311900436878204,0.8503609895706177,0.9933990240097046,-0.25844043493270874,0.21081511676311493,0.9978794455528259,-0.8200178146362305,0.8634244203567505,1.4581142663955688,-0.4182233214378357,0.26602935791015625,0.6189536452293396,-1.764243483543396,0.8882354497909546,1.5865026712417603,-0.4900757670402527,0.2764844596385956,0.41206350922584534,-1.9566293954849243,0.8304592967033386,1.581343412399292,-0.5158177614212036,0.30682140588760376,0.385868102312088,-1.8971898555755615,0.8080695271492004,1.5414142608642578,-0.44328412413597107,0.3054351210594177,0.45217570662498474,-1.772329330444336,0.7238126397132874,1.4401966333389282,-0.07214833796024323,0.4282734990119934,1.4436581134796143,0.07710211724042892,0.7067234516143799,2.0733795166015625,-0.07904442399740219,0.4338662028312683,2.0871834754943848,0.2967931628227234,0.7066515684127808,2.63232684135437,0.5386108160018921,0.448369562625885,2.6247317790985107,0.857399582862854,0.7171722650527954,2.714561939239502,0.5602445602416992,0.4428900182247162,2.6932339668273926,0.9042841792106628,0.6607133746147156,2.802668571472168,-0.04318585619330406,0.4881858229637146,2.8294191360473633,0.2801566421985626,0.28283652663230896,0.6454867124557495,3.0847462539895787e-07,0.3470810651779175,0.5917190313339233,-0.019776705652475357,0.38761603832244873,0.5067659616470337,-0.028692370280623436,0.40809351205825806,0.432699978351593,-0.03840193524956703,0.4179772734642029,0.3697952628135681,-0.04710687696933746,0.3312595784664154,0.3831506669521332,0.0011993645457550883,0.352645605802536,0.2853744626045227,-0.01970086432993412,0.3733861744403839,0.23546776175498962,-0.04109533503651619,0.3893423080444336,0.1981876641511917,-0.05571708455681801,0.2993926703929901,0.37828946113586426,-0.0029125201981514692,0.32280734181404114,0.27656614780426025,-0.021373409777879715,0.3437221646308899,0.22386538982391357,-0.04071781784296036,0.3615475594997406,0.18261319398880005,-0.054306067526340485,0.27222132682800293,0.388427734375,-0.011646676808595657,0.2969639301300049,0.29584962129592896,-0.028260624036192894,0.3163038492202759,0.24958981573581696,-0.03573423996567726,0.3337027132511139,0.2168768048286438,-0.03998732566833496,0.2504312992095947,0.40999549627304077,-0.023356784135103226,0.26721030473709106,0.3334903120994568,-0.03460484370589256,0.28203457593917847,0.28937408328056335,-0.03462369740009308,0.29797276854515076,0.2579171657562256,-0.033245883882045746
29,0.5823638439178467,0.344779372215271,-0.8802744746208191,0.6066235303878784,0.2811411917209625,-0.8167511820793152,0.6209723353385925,0.28388386964797974,-0.8167499303817749,0.6353855133056641,0.28726130723953247,-0.8168404698371887,0.5539754033088684,0.27698832750320435,-0.8104578256607056,0.5349009037017822,0.2773610055446625,-0.8097060918807983,0.5164894461631775,0.27978137135505676,-0.8097746968269348,0.6605011224746704,0.32380053400993347,-0.4199458956718445,0.4869372248649597,0.3208421766757965,-0.3651154339313507,0.610271155834198,0.41397640109062195,-0.7390310168266296,0.545924186706543,0.418825626373291,-0.7248870730400085,0.7967606782913208,0.627111554145813,-0.2655639350414276,0.3700561821460724,0.6618446707725525,-0.24872863292694092,0.8503802418708801,0.9953707456588745,-0.2703114449977875,0.19762638211250305,1.005630612373352,-0.9000212550163269,0.866895854473114,1.467029333114624,-0.4356270432472229,0.27815911173820496,0.6026076078414917,-1.8502624034881592,0.894088625907898,1.5935536623001099,-0.5084288120269775,0.29512134194374084,0.40357398986816406,-2.048079013824463,0.8385170102119446,1.58901846408844,-0.5397732257843018,0.31794610619544983,0.37039074301719666,-1.9778645038604736,0.8139169812202454,1.5491605997085571,-0.4634470045566559,0.3295253813266754,0.44054529070854187,-1.853947639465332,0.733137845993042,1.4543827772140503,-0.08150270581245422,0.43257084488868713,1.4630430936813354,0.08646778017282486,0.7188161611557007,2.092587947845459,-0.1302908957004547,0.44436216354370117,2.114140748977661,0.2810088098049164,0.7243810296058655,2.6577024459838867,0.4833254814147949,0.4645276665687561,2.6576883792877197,0.8130024671554565,0.7366081476211548,2.7409632205963135,0.5047575831413269,0.45909255743026733,2.7292802333831787,0.8557508587837219,0.6791799068450928,2.83058762550354,-0.1165936142206192,0.5046690106391907,2.8610262870788574,0.2084692418575287,0.2868403494358063,0.656707763671875,3.6021427263221995e-07,0.34556448459625244,0.5863593816757202,-0.007176744285970926,0.3827875852584839,0.5079540014266968,-0.010820239782333374,0.4032396376132965,0.43890830874443054,-0.018289977684617043,0.41086673736572266,0.375841349363327,-0.025100814178586006,0.33362865447998047,0.4123954772949219,0.02140393853187561,0.34776586294174194,0.32324641942977905,0.005194121040403843,0.3647826313972473,0.2719728946685791,-0.013684812933206558,0.3807320296764374,0.22901833057403564,-0.02616652101278305,0.3065248429775238,0.4072442352771759,0.012255056761205196,0.3230024576187134,0.3117828369140625,0.0002791516890283674,0.33960387110710144,0.25631293654441833,-0.0157075934112072,0.35740727186203003,0.2101641595363617,-0.02726892940700054,0.28065916895866394,0.4128880500793457,-0.0016489297850057483,0.29571837186813354,0.32286781072616577,-0.01229406800121069,0.3116752803325653,0.2686329483985901,-0.019157947972416878,0.33070439100265503,0.22600124776363373,-0.023755205795168877,0.25644925236701965,0.4272620975971222,-0.01800311915576458,0.2660980224609375,0.35364770889282227,-0.024480976164340973,0.2766870856285095,0.3091667890548706,-0.024040814489126205,0.2911166548728943,0.2735811471939087,-0.0231043491512537
30,0.5842036604881287,0.34558722376823425,-0.8868719339370728,0.6076318621635437,0.2810233235359192,-0.823198676109314,0.6220933198928833,0.28330087661743164,-0.8230627179145813,0.6365998983383179,0.28590935468673706,-0.8231046795845032,0.5543814897537231,0.27737799286842346,-0.8185709118843079,0.5348831415176392,0.2779306173324585,-0.8180368542671204,0.5164232850074768,0.2804897427558899,-0.8181512951850891,0.6617262959480286,0.32150453329086304,-0.4276457726955414,0.48668137192726135,0.3210066854953766,-0.385750949382782,0.6127887964248657,0.4140782356262207,-0.7468684315681458,0.5470924377441406,0.41909071803092957,-0.736091136932373,0.7965259552001953,0.6264552474021912,-0.2480604201555252,0.3727586567401886,0.6580387353897095,-0.25838786363601685,0.8526357412338257,0.9955435991287231,-0.20151230692863464,0.17019852995872498,1.0022711753845215,-0.863142192363739,0.8747269511222839,1.464776873588562,-0.3229064643383026,0.2901982367038727,0.525304913520813,-1.6851409673690796,0.9022794961929321,1.5878814458847046,-0.3865810036659241,0.3134561777114868,0.3479553461074829,-1.86698317527771,0.8499895334243774,1.5814672708511353,-0.4206331670284271,0.33430689573287964,0.32700443267822266,-1.804960012435913,0.8246981501579285,1.5418957471847534,-0.35110610723495483,0.3504873812198639,0.3837629556655884,-1.6841999292373657,0.7282499074935913,1.4458171129226685,-0.08207079023122787,0.43023186922073364,1.4502474069595337,0.08661816269159317,0.7107609510421753,2.0895609855651855,-0.2072020322084427,0.4386574625968933,2.1077699661254883,0.22058220207691193,0.709786057472229,2.669830560684204,0.3458583354949951,0.45568808913230896,2.670510768890381,0.6245821118354797,0.7200364470481873,2.7533788681030273,0.3615379333496094,0.4509759843349457,2.7439334392547607,0.6562827825546265,0.6647132635116577,2.8460609912872314,-0.2595634162425995,0.4917590618133545,2.8734002113342285,-0.0035673801321536303,0.2953600585460663,0.5527510643005371,1.0080054124728122e-07,0.3565579056739807,0.5105382800102234,-0.013430624268949032,0.3957665264606476,0.45160675048828125,-0.02317388728260994,0.415365070104599,0.3982844352722168,-0.033829301595687866,0.4185637831687927,0.3508247137069702,-0.044026318937540054,0.3581705689430237,0.3477455973625183,-0.011831840500235558,0.3736383318901062,0.2658194899559021,-0.03261948376893997,0.38814079761505127,0.22379866242408752,-0.049969278275966644,0.40132030844688416,0.18818573653697968,-0.06197870150208473,0.3276810646057129,0.3347245752811432,-0.018996581435203552,0.3455582559108734,0.2368113249540329,-0.03912222757935524,0.36864447593688965,0.19310742616653442,-0.053911153227090836,0.39173293113708496,0.16287454962730408,-0.06387721002101898,0.30267053842544556,0.33800628781318665,-0.028845470398664474,0.31727829575538635,0.2480001300573349,-0.04773129150271416,0.3407444655895233,0.20395216345787048,-0.057586655020713806,0.36589327454566956,0.17174121737480164,-0.06349261850118637,0.2824729084968567,0.3531634211540222,-0.0403398722410202,0.2897952198982239,0.2842634916305542,-0.053751129657030106,0.3023611605167389,0.24428847432136536,-0.057903438806533813,0.31979987025260925,0.21494615077972412,-0.06035853177309036
31,0.5840760469436646,0.34603843092918396,-0.7941738963127136,0.607629656791687,0.28101813793182373,-0.7278233170509338,0.6221275925636292,0.28312405943870544,-0.7275998592376709,0.636621356010437,0.28537517786026,-0.7276601791381836,0.5545499920845032,0.27840718626976013,-0.7221953272819519,0.5350942015647888,0.279523104429245,-0.7216686010360718,0.5164954662322998,0.28258877992630005,-0.721824586391449,0.6621769070625305,0.3212207853794098,-0.33934029936790466,0.48695072531700134,0.323047012090683,-0.29598987102508545,0.6128953695297241,0.4140221178531647,-0.6592328548431396,0.5470503568649292,0.4191315472126007,-0.6479974985122681,0.7964452505111694,0.6264333724975586,-0.17224422097206116,0.3792228102684021,0.6535784602165222,-0.20149075984954834,0.8536096811294556,0.9963647127151489,-0.14278391003608704,0.1631639301776886,0.9842756986618042,-0.8374004364013672,0.8826997876167297,1.4576914310455322,-0.27573710680007935,0.30337458848953247,0.49398231506347656,-1.620534896850586,0.9122474789619446,1.5809192657470703,-0.34026023745536804,0.3362756669521332,0.3350006341934204,-1.8312427997589111,0.8607858419418335,1.5731786489486694,-0.37469643354415894,0.3578663766384125,0.3151126205921173,-1.628403663635254,0.8348914384841919,1.5316194295883179,-0.30491989850997925,0.3689442276954651,0.3649619221687317,-1.5571389198303223,0.7279475331306458,1.440110445022583,-0.08096345514059067,0.4293324947357178,1.4423311948776245,0.08544288575649261,0.7036701440811157,2.088040351867676,-0.2421705275774002,0.4353806972503662,2.0971035957336426,0.06586416810750961,0.6948641538619995,2.679245948791504,0.2534898519515991,0.45453062653541565,2.6702044010162354,0.36562782526016235,0.7049692869186401,2.7646524906158447,0.26287662982940674,0.4486061930656433,2.74609637260437,0.38309445977211,0.6540228128433228,2.8500020503997803,-0.3521634042263031,0.4826611578464508,2.8690335750579834,-0.28141430020332336,0.3136226236820221,0.5158165097236633,7.49263904253894e-08,0.3683216869831085,0.4795559048652649,-0.002551156794652343,0.4069109261035919,0.41846469044685364,-0.0013210983015596867,0.42446351051330566,0.36601877212524414,-0.0031642159447073936,0.4292181134223938,0.32252752780914307,-0.004622029606252909,0.3780595660209656,0.3236585855484009,0.018055809661746025,0.39267095923423767,0.2565228044986725,0.007882220670580864,0.40814507007598877,0.22540782392024994,-0.004600333049893379,0.42358750104904175,0.19935330748558044,-0.013665870763361454,0.35660526156425476,0.3115916848182678,0.00870551634579897,0.37320640683174133,0.22746074199676514,-0.0006839894340373576,0.3953830897808075,0.1883859932422638,-0.011744121089577675,0.41620326042175293,0.16110841929912567,-0.019604172557592392,0.33430927991867065,0.3116823434829712,-0.004063300788402557,0.34534868597984314,0.22732560336589813,-0.015110800042748451,0.365923672914505,0.18661771714687347,-0.022541487589478493,0.38655099272727966,0.15793654322624207,-0.02717507816851139,0.31245046854019165,0.322246789932251,-0.01813943311572075,0.3203451335430145,0.2528441250324249,-0.027297314256429672,0.3348335325717926,0.21296948194503784,-0.030209846794605255,0.3520600199699402,0.18029263615608215,-0.031992435455322266
32,0.5839722156524658,0.3461412489414215,-0.780561089515686,0.6076170206069946,0.2809596061706543,-0.7139116525650024,0.6221320033073425,0.2828447222709656,-0.7136858105659485,0.6366195678710938,0.2848072350025177,-0.7137487530708313,0.5546033382415771,0.27876442670822144,-0.7076415419578552,0.5351624488830566,0.28009745478630066,-0.7071110010147095,0.5165086388587952,0.283325731754303,-0.7072569727897644,0.6622336506843567,0.32083410024642944,-0.3274816572666168,0.4871167242527008,0.32376357913017273,-0.2805253863334656,0.612924337387085,0.41380736231803894,-0.6468700170516968,0.5470520853996277,0.41901999711990356,-0.6346369981765747,0.796078085899353,0.6264159083366394,-0.16601119935512543,0.38114091753959656,0.6513389348983765,-0.183875173330307,0.8551025390625,0.9960630536079407,-0.13789327442646027,0.1606641560792923,0.974759042263031,-0.8096343874931335,0.8902584314346313,1.4533882141113281,-0.2728063464164734,0.3066325783729553,0.48928186297416687,-1.5449645519256592,0.9211295247077942,1.5761698484420776,-0.3391405940055847,0.34177759289741516,0.3313497304916382,-1.7466754913330078,0.8699328303337097,1.5675644874572754,-0.37430858612060547,0.3635709881782532,0.3119378983974457,-1.5768547058105469,0.8439733386039734,1.5257331132888794,-0.3026796877384186,0.37349933385849,0.36136341094970703,-1.49764084815979,0.7268320918083191,1.4369348287582397,-0.08315391093492508,0.42808228731155396,1.4370368719100952,0.08761460334062576,0.6990168690681458,2.088172435760498,-0.2571370005607605,0.43300122022628784,2.0935776233673096,0.07118771225214005,0.6886545419692993,2.6841177940368652,0.23509812355041504,0.450383722782135,2.672325611114502,0.403627872467041,0.6995232701301575,2.770169973373413,0.24404776096343994,0.44573456048965454,2.748969078063965,0.4239848554134369,0.649470865726471,2.8530020713806152,-0.3741787374019623,0.48053377866744995,2.870110273361206,-0.23989112675189972,0.30985209345817566,0.5234954953193665,1.9458092026525264e-07,0.3641423285007477,0.48559948801994324,0.0027997130528092384,0.40289315581321716,0.4216136634349823,0.007865200750529766,0.4236062169075012,0.37234729528427124,0.008650061674416065,0.4259342551231384,0.3299693763256073,0.009512243792414665,0.3747403621673584,0.32965171337127686,0.0265557412058115,0.3891793191432953,0.2630445659160614,0.018782896921038628,0.4066433906555176,0.2297307401895523,0.007468122988939285,0.42347589135169983,0.20350395143032074,-0.00043366823229007423,0.3547331690788269,0.3179680109024048,0.015383309684693813,0.3711218237876892,0.23920151591300964,0.009165138937532902,0.3929745852947235,0.19709332287311554,-0.0009621060453355312,0.41367852687835693,0.16711120307445526,-0.008099119178950787,0.33319881558418274,0.3171180188655853,0.0007327832281589508,0.3443397879600525,0.23668037354946136,-0.006462614517658949,0.364772230386734,0.1918162703514099,-0.013591119088232517,0.38562434911727905,0.15857921540737152,-0.018387390300631523,0.31087344884872437,0.3258608877658844,-0.015077633783221245,0.31844112277030945,0.25691813230514526,-0.021844351664185524,0.332030713558197,0.21524107456207275,-0.02474965527653694,0.3493690490722656,0.18072904646396637,-0.026507306843996048
33,0.5837022662162781,0.34628400206565857,-0.7781835794448853,0.6076792478561401,0.28091830015182495,-0.7099701166152954,0.6223403811454773,0.2826911211013794,-0.7097316384315491,0.6368917226791382,0.2845485806465149,-0.7098119258880615,0.5545888543128967,0.27912893891334534,-0.7044612169265747,0.5350293517112732,0.2807143032550812,-0.7039300203323364,0.5161873698234558,0.28412961959838867,-0.7041816115379333,0.663429856300354,0.32082653045654297,-0.3138791024684906,0.48689085245132446,0.32398414611816406,-0.2694074511528015,0.6128877401351929,0.4138057827949524,-0.6405056118965149,0.5459092855453491,0.4190796911716461,-0.6289105415344238,0.7956432104110718,0.6262019872665405,-0.13262921571731567,0.38081666827201843,0.6426349878311157,-0.19460688531398773,0.8571211695671082,0.9958183765411377,-0.09189657121896744,0.15267181396484375,0.9653874635696411,-0.8029187917709351,0.8936730623245239,1.4505728483200073,-0.21021458506584167,0.31335943937301636,0.4757687449455261,-1.5465571880340576,0.9232193827629089,1.5721721649169922,-0.26452600955963135,0.3517630994319916,0.32383042573928833,-1.7324440479278564,0.8724312782287598,1.5636119842529297,-0.296941876411438,0.3726978302001953,0.2992410659790039,-1.5989598035812378,0.8468241691589355,1.5223166942596436,-0.237585186958313,0.38075220584869385,0.3488345146179199,-1.5118789672851562,0.7189388275146484,1.4356043338775635,-0.0819593146443367,0.41484370827674866,1.433821201324463,0.08639433979988098,0.6837396621704102,2.09108304977417,-0.21591882407665253,0.4179325997829437,2.091250419616699,0.07764729857444763,0.6612699031829834,2.6843817234039307,0.3240189850330353,0.4136999547481537,2.6714928150177,0.45995426177978516,0.6681534647941589,2.7689363956451416,0.3387281894683838,0.4048614501953125,2.747908353805542,0.4858478605747223,0.6210442781448364,2.8571786880493164,-0.27794012427330017,0.44142627716064453,2.872502088546753,-0.18550589680671692,0.3181823790073395,0.5002827048301697,2.2870482041525975e-07,0.374179482460022,0.46242189407348633,0.002131365705281496,0.41254347562789917,0.4048824608325958,0.006649634335190058,0.4293733835220337,0.3572596609592438,0.006768450606614351,0.4387482702732086,0.31231173872947693,0.007049175910651684,0.3886818289756775,0.3157869577407837,0.0286868866533041,0.40731024742126465,0.25572115182876587,0.02060035429894924,0.42476359009742737,0.2230176031589508,0.009755879640579224,0.44101399183273315,0.19568322598934174,0.0022964521776884794,0.37027671933174133,0.30036911368370056,0.018091358244419098,0.39042001962661743,0.22906659543514252,0.011617670767009258,0.4124225378036499,0.19130399823188782,0.0022098789922893047,0.43266934156417847,0.16253209114074707,-0.003844295162707567,0.3499338924884796,0.29607459902763367,0.003754256758838892,0.36325445771217346,0.22092695534229279,-0.004362317267805338,0.38324522972106934,0.1810172200202942,-0.009746285155415535,0.4032866954803467,0.1505945324897766,-0.01247089821845293,0.32796794176101685,0.30277764797210693,-0.011781406588852406,0.3353387117385864,0.23708868026733398,-0.018498683348298073,0.3493135869503021,0.1983920782804489,-0.019652528688311577,0.3658190071582794,0.1666642278432846,-0.01951674185693264
34,0.5835091471672058,0.3465083837509155,-0.7689985036849976,0.6078146696090698,0.28091010451316833,-0.7005516886711121,0.6226567029953003,0.28264808654785156,-0.7002881765365601,0.6373234987258911,0.28448259830474854,-0.7003778219223022,0.5545741319656372,0.2793641984462738,-0.6948829889297485,0.5349021553993225,0.2810787260532379,-0.6943643689155579,0.5159026384353638,0.2845768928527832,-0.6946316957473755,0.664608359336853,0.32090678811073303,-0.3031676113605499,0.48655715584754944,0.324165016412735,-0.2579301595687866,0.612857460975647,0.4139617085456848,-0.6306263208389282,0.544826865196228,0.4192121922969818,-0.6188117861747742,0.7953535318374634,0.6260536313056946,-0.11838799715042114,0.3803541362285614,0.6374663710594177,-0.19073882699012756,0.8579394221305847,0.9955918192863464,-0.07352615892887115,0.14873552322387695,0.9603438973426819,-0.7996693849563599,0.8937927484512329,1.4486957788467407,-0.19089476764202118,0.31574302911758423,0.47297680377960205,-1.5487014055252075,0.9222893714904785,1.569536566734314,-0.2425415962934494,0.3546378016471863,0.32266533374786377,-1.7299922704696655,0.8719250559806824,1.5610085725784302,-0.27483636140823364,0.3759290874004364,0.29737064242362976,-1.6102113723754883,0.8468457460403442,1.5200932025909424,-0.21795400977134705,0.38375866413116455,0.34732282161712646,-1.5214051008224487,0.7137418985366821,1.4346158504486084,-0.0812377780675888,0.4074334502220154,1.4317758083343506,0.08567814528942108,0.6752755045890808,2.0919625759124756,-0.20098569989204407,0.4094894528388977,2.0892343521118164,0.08495921641588211,0.6482769846916199,2.68375563621521,0.35721465945243835,0.3968219757080078,2.6706182956695557,0.48803621530532837,0.6531901955604553,2.7674641609191895,0.37392866611480713,0.3864588141441345,2.746826171875,0.5156542062759399,0.6079775094985962,2.858752489089966,-0.24221554398536682,0.4263102114200592,2.87333345413208,-0.15784677863121033,0.32519713044166565,0.49214816093444824,2.321818755035565e-07,0.37783023715019226,0.45655032992362976,0.0007749440264888108,0.41460198163986206,0.4004632830619812,0.004436320159584284,0.43202972412109375,0.3528406620025635,0.003917878959327936,0.44012027978897095,0.30982956290245056,0.003626922843977809,0.3893077075481415,0.3111996650695801,0.028094148263335228,0.40777286887168884,0.25413602590560913,0.020611446350812912,0.4245815575122833,0.22437483072280884,0.009715326130390167,0.44033706188201904,0.19981777667999268,0.002108912914991379,0.3715052604675293,0.2972167134284973,0.0181488785892725,0.3926638960838318,0.22823753952980042,0.012493106536567211,0.4152173101902008,0.19203399121761322,0.0029629103373736143,0.4358448386192322,0.16563615202903748,-0.003590928390622139,0.3509291410446167,0.29328832030296326,0.004329530522227287,0.3649577796459198,0.22026728093624115,-0.002877245657145977,0.38471657037734985,0.1819048523902893,-0.008630354888737202,0.4042823314666748,0.15428850054740906,-0.012202584184706211,0.3278128206729889,0.2994539737701416,-0.010857665911316872,0.3340105414390564,0.23684543371200562,-0.017307817935943604,0.3466215431690216,0.1991325467824936,-0.019114939495921135,0.36235177516937256,0.16745571792125702,-0.019900459796190262
35,0.5834321975708008,0.3464061915874481,-0.7443928122520447,0.6082349419593811,0.2808687388896942,-0.6756788492202759,0.6234659552574158,0.2825842499732971,-0.6753859519958496,0.6383365392684937,0.284411758184433,-0.6754056215286255,0.5545752644538879,0.2793898284435272,-0.670762836933136,0.5349002480506897,0.28113269805908203,-0.6702195405960083,0.5159221291542053,0.28463274240493774,-0.6704802513122559,0.666222870349884,0.32093068957328796,-0.285512238740921,0.48665913939476013,0.3241625428199768,-0.244180366396904,0.6130622029304504,0.4137466251850128,-0.6095014810562134,0.5443191528320312,0.41907650232315063,-0.59872967004776,0.7953274846076965,0.6261081099510193,-0.10525882244110107,0.3802356421947479,0.6333053708076477,-0.18267998099327087,0.8584669828414917,0.9953639507293701,-0.07366307079792023,0.14627674221992493,0.9454573392868042,-0.7924909591674805,0.8929049372673035,1.4483197927474976,-0.2222195863723755,0.3210292458534241,0.4631091058254242,-1.529512643814087,0.9206206202507019,1.5678712129592896,-0.2788483500480652,0.3655230402946472,0.3115818202495575,-1.7107683420181274,0.8704336881637573,1.5578306913375854,-0.31155720353126526,0.38382488489151,0.28529122471809387,-1.5887739658355713,0.8457419276237488,1.519112467765808,-0.25079262256622314,0.38886743783950806,0.3375658690929413,-1.5029447078704834,0.7078002691268921,1.433707356452942,-0.07612016797065735,0.4015532433986664,1.431222677230835,0.08070136606693268,0.6678653955459595,2.091034173965454,-0.21102268993854523,0.40300846099853516,2.0872414112091064,0.030229801312088966,0.6381840109825134,2.6835579872131348,0.3052525818347931,0.3891128897666931,2.667757511138916,0.3744296431541443,0.6417733430862427,2.7671396732330322,0.3165972828865051,0.37820643186569214,2.744027614593506,0.39566493034362793,0.5996397733688354,2.8581736087799072,-0.30288341641426086,0.420445054769516,2.869434118270874,-0.2837076783180237,0.32310858368873596,0.4826014041900635,2.688218785351637e-07,0.37896814942359924,0.45186594128608704,-0.006970986258238554,0.42012181878089905,0.4008948802947998,-0.00670506339520216,0.4379654824733734,0.35359591245651245,-0.00907162670046091,0.44272729754447937,0.3062421381473541,-0.010585537180304527,0.39785316586494446,0.3123874366283417,0.021186193451285362,0.42023801803588867,0.25512558221817017,0.011520352214574814,0.4382224380970001,0.2212716042995453,-0.0005876075010746717,0.4540715217590332,0.19138182699680328,-0.008830021135509014,0.38182753324508667,0.2966127395629883,0.014670630916953087,0.40744543075561523,0.23094624280929565,0.008035489358007908,0.42891383171081543,0.1939430981874466,-0.0021394698414951563,0.4485560953617096,0.16426080465316772,-0.00935736857354641,0.36250030994415283,0.2902633547782898,0.0037063874769955873,0.38509708642959595,0.22224709391593933,-0.0036570578813552856,0.4052359163761139,0.18375526368618011,-0.009709315374493599,0.42418068647384644,0.15407396852970123,-0.013547404669225216,0.3388141095638275,0.29242846369743347,-0.00932300928980112,0.35084670782089233,0.2311529517173767,-0.014977342449128628,0.36485326290130615,0.19389615952968597,-0.016522802412509918,0.3801116347312927,0.1631776988506317,-0.017247753217816353
36,0.5846090912818909,0.3461085259914398,-0.7091590762138367,0.6101198196411133,0.2807718813419342,-0.6362708806991577,0.6255151033401489,0.2824708819389343,-0.6359311938285828,0.6403233408927917,0.2843203842639923,-0.6359399557113647,0.5561130046844482,0.27939659357070923,-0.6332331895828247,0.5365765690803528,0.2811600863933563,-0.632735550403595,0.5174564719200134,0.28469720482826233,-0.6329573392868042,0.6681624054908752,0.32095322012901306,-0.24502114951610565,0.48722782731056213,0.3242892622947693,-0.21122196316719055,0.6144786477088928,0.4130796790122986,-0.5753289461135864,0.5450032949447632,0.41845783591270447,-0.566758394241333,0.7954719066619873,0.6283308267593384,-0.06923837959766388,0.38067391514778137,0.6357616782188416,-0.1725151240825653,0.8610743284225464,0.9898257851600647,-0.05534619092941284,0.14418213069438934,0.9414111971855164,-0.7877017259597778,0.8958786725997925,1.439523458480835,-0.2179693877696991,0.32849863171577454,0.44739484786987305,-1.507171630859375,0.9238861203193665,1.5499039888381958,-0.2769826054573059,0.3764963150024414,0.3045148551464081,-1.6856138706207275,0.8738628625869751,1.5380836725234985,-0.3067611753940582,0.39368730783462524,0.2812574505805969,-1.568967580795288,0.8490244746208191,1.5043450593948364,-0.2469666302204132,0.3976620137691498,0.3331495523452759,-1.4843237400054932,0.7076393961906433,1.4382086992263794,-0.06835590302944183,0.40117183327674866,1.4322803020477295,0.07316519320011139,0.6681264638900757,2.0970184803009033,-0.2130795419216156,0.403076708316803,2.0916588306427,0.01721987873315811,0.6404462456703186,2.692593812942505,0.28672367334365845,0.3899163603782654,2.6754777431488037,0.35376209020614624,0.644721269607544,2.777472496032715,0.29646584391593933,0.3801380693912506,2.751695394515991,0.37347811460494995,0.6019790172576904,2.8644821643829346,-0.3234446346759796,0.42451319098472595,2.876934766769409,-0.30436959862709045,0.33169329166412354,0.4717903733253479,2.564983105912688e-07,0.38753828406333923,0.44319114089012146,-0.006188834086060524,0.4265475571155548,0.3948579728603363,-0.0043701110407710075,0.4440498948097229,0.35071617364883423,-0.005447785370051861,0.4493301510810852,0.30633673071861267,-0.0059327841736376286,0.4076617360115051,0.3123352825641632,0.023191381245851517,0.4318898022174835,0.2566017210483551,0.015128416940569878,0.4476643204689026,0.21962621808052063,0.004248930141329765,0.46092575788497925,0.18552950024604797,-0.0037284069694578648,0.39195019006729126,0.2960749864578247,0.016876444220542908,0.41799888014793396,0.23451440036296844,0.00987574364989996,0.43794992566108704,0.2001815140247345,-0.0004993294714950025,0.4557904601097107,0.17151521146297455,-0.007711424957960844,0.37320420145988464,0.2867456078529358,0.0062199803069233894,0.39621326327323914,0.22191965579986572,-0.002628105692565441,0.4164137840270996,0.1842300295829773,-0.009439637884497643,0.43471044301986694,0.15427206456661224,-0.013337980955839157,0.3505726158618927,0.2841237783432007,-0.006273696199059486,0.36607053875923157,0.2255905419588089,-0.013082989491522312,0.38157492876052856,0.1899884045124054,-0.01506881881505251,0.3981074392795563,0.15983736515045166,-0.01606527343392372
37,0.5851975083351135,0.3453901410102844,-0.6988081336021423,0.6107243299484253,0.2806186378002167,-0.6268917322158813,0.6261471509933472,0.2822417914867401,-0.6265419721603394,0.6409797668457031,0.2840288579463959,-0.626598596572876,0.5569090843200684,0.27938491106033325,-0.6235833168029785,0.5377720594406128,0.2811543047428131,-0.6231083869934082,0.5189347863197327,0.2846917510032654,-0.6233561038970947,0.668819785118103,0.32081958651542664,-0.23962411284446716,0.48854389786720276,0.3242896497249603,-0.20317670702934265,0.6152520775794983,0.41172459721565247,-0.5660951733589172,0.5460752248764038,0.41667690873146057,-0.5569016933441162,0.7956331372261047,0.6295681595802307,-0.07023212313652039,0.3809930086135864,0.6364554166793823,-0.161420077085495,0.8615704774856567,0.9899688363075256,-0.0541776642203331,0.1409025341272354,0.938899576663971,-0.7765212655067444,0.8972412347793579,1.44011390209198,-0.19996784627437592,0.3347635269165039,0.43352434039115906,-1.469303846359253,0.9255483746528625,1.5505861043930054,-0.2583070695400238,0.38664567470550537,0.2919866740703583,-1.6430517435073853,0.8747076988220215,1.5395567417144775,-0.28645920753479004,0.4026077389717102,0.2678664028644562,-1.5287915468215942,0.8500844240188599,1.5058449506759644,-0.22804418206214905,0.4053589403629303,0.31887656450271606,-1.448978304862976,0.7069057822227478,1.443369746208191,-0.06699773669242859,0.4001743793487549,1.4341589212417603,0.07184932380914688,0.6673479676246643,2.104203939437866,-0.20479810237884521,0.40092554688453674,2.0969624519348145,0.025824761018157005,0.6399989724159241,2.700697422027588,0.3164141774177551,0.38997015357017517,2.6825826168060303,0.35977989435195923,0.6437137722969055,2.78564453125,0.32913127541542053,0.38010886311531067,2.7586750984191895,0.3856828212738037,0.6024808883666992,2.8742096424102783,-0.2896515429019928,0.4255600571632385,2.886958122253418,-0.28254204988479614,0.33788102865219116,0.4655853509902954,2.429456174013467e-07,0.39263254404067993,0.4416241943836212,-0.004996186122298241,0.4300035834312439,0.39603233337402344,-0.0028167914133518934,0.4479896128177643,0.3540801703929901,-0.0037192904856055975,0.4559822678565979,0.31260812282562256,-0.004011515993624926,0.4133669137954712,0.3148420453071594,0.023205813020467758,0.4349086284637451,0.25992292165756226,0.015585358254611492,0.4506102502346039,0.2242831587791443,0.005363729316741228,0.4641668498516083,0.1921449601650238,-0.0020596475806087255,0.39851629734039307,0.2984742820262909,0.016724660992622375,0.42329901456832886,0.23934206366539001,0.01017662975937128,0.44403237104415894,0.20831212401390076,0.000742929638363421,0.4624638259410858,0.18348373472690582,-0.005731782875955105,0.3800846338272095,0.287968248128891,0.006043676752597094,0.40158942341804504,0.22578130662441254,-0.0021030555944889784,0.4200632870197296,0.18857313692569733,-0.008471891283988953,0.437019944190979,0.15974193811416626,-0.012060828506946564,0.3578331172466278,0.28320544958114624,-0.006386599037796259,0.37252336740493774,0.2261354774236679,-0.012549116276204586,0.38653120398521423,0.19022558629512787,-0.01452055387198925,0.40128639340400696,0.16011707484722137,-0.01552770659327507
38,0.5857186913490295,0.3444265127182007,-0.6967452168464661,0.6112901568412781,0.2804076373577118,-0.6241962313652039,0.6267653703689575,0.28200089931488037,-0.6238498687744141,0.6416447758674622,0.2837745249271393,-0.6239073872566223,0.5574173927307129,0.27926772832870483,-0.6217278242111206,0.5384166836738586,0.2810189425945282,-0.621271014213562,0.5196592807769775,0.2845228314399719,-0.6215218305587769,0.6693844199180603,0.3207460045814514,-0.2345595806837082,0.48897451162338257,0.32423505187034607,-0.20223692059516907,0.6158384084701538,0.4103449285030365,-0.5631291270256042,0.5466131567955017,0.41480523347854614,-0.5551846027374268,0.7956253290176392,0.6300649642944336,-0.060852278023958206,0.38086777925491333,0.63700270652771,-0.1616687923669815,0.8627015948295593,0.9885143637657166,-0.03039245866239071,0.14022795855998993,0.9354974627494812,-0.7736638784408569,0.8986495733261108,1.4383116960525513,-0.15953828394412994,0.3368670344352722,0.4336622357368469,-1.465378999710083,0.9272407293319702,1.5482478141784668,-0.2136778086423874,0.3886696696281433,0.2917042672634125,-1.6384098529815674,0.8762373924255371,1.5375887155532837,-0.24305281043052673,0.40445494651794434,0.2673324644565582,-1.5292577743530273,0.8517121076583862,1.5041499137878418,-0.1876656413078308,0.4071965217590332,0.31851139664649963,-1.447451114654541,0.7058354616165161,1.4448074102401733,-0.06452800333499908,0.3986937403678894,1.4342591762542725,0.06940340995788574,0.6671018600463867,2.106534004211426,-0.20254342257976532,0.40000423789024353,2.0985777378082275,0.04214160144329071,0.6406605839729309,2.703918933868408,0.3157106935977936,0.39083603024482727,2.6852316856384277,0.40939125418663025,0.6442732214927673,2.7892537117004395,0.3277089595794678,0.38102608919143677,2.7616186141967773,0.43553441762924194,0.6030856370925903,2.877620220184326,-0.29270318150520325,0.4258621335029602,2.8898489475250244,-0.23471789062023163,0.3391738533973694,0.4605690836906433,2.5363851818838157e-07,0.39314648509025574,0.4413221478462219,-0.005288081709295511,0.4306601881980896,0.3973236083984375,-0.0031777939293533564,0.44812387228012085,0.35584133863449097,-0.003877055598422885,0.45398253202438354,0.3156348764896393,-0.004028141498565674,0.4148710370063782,0.31439536809921265,0.021724790334701538,0.4354211091995239,0.26098325848579407,0.014497758820652962,0.450426310300827,0.22644944489002228,0.004464298486709595,0.4636248052120209,0.1959080845117569,-0.0028372923843562603,0.3994891047477722,0.29812857508659363,0.0156428012996912,0.42368581891059875,0.23956620693206787,0.009645497426390648,0.4436757564544678,0.2067977488040924,0.00021172274136915803,0.46180009841918945,0.18038330972194672,-0.006340580526739359,0.3808306157588959,0.2879219651222229,0.005588851403445005,0.4014168679714203,0.2261531800031662,-0.0019253286300227046,0.41940948367118835,0.18959234654903412,-0.008398621343076229,0.4362223446369171,0.16127553582191467,-0.012185872532427311,0.35844215750694275,0.28354766964912415,-0.006174321752041578,0.3716031610965729,0.22768278419971466,-0.012037336826324463,0.3853740692138672,0.19268396496772766,-0.014105100184679031,0.40018707513809204,0.1635688841342926,-0.015232314355671406
39,0.5859214663505554,0.3442170321941376,-0.7115829586982727,0.6114184260368347,0.2803596556186676,-0.6386253237724304,0.6268628835678101,0.2818770110607147,-0.6382917165756226,0.6417359113693237,0.28356286883354187,-0.6383439302444458,0.5576432943344116,0.2792946398258209,-0.6363691091537476,0.5387166738510132,0.2810535430908203,-0.6359518766403198,0.520018458366394,0.28456971049308777,-0.636246919631958,0.6693917512893677,0.320671945810318,-0.2455480545759201,0.4892146587371826,0.32437291741371155,-0.2145899087190628,0.6160632371902466,0.4100278615951538,-0.5766745805740356,0.547001302242279,0.41424861550331116,-0.5690852999687195,0.7956293821334839,0.6310346126556396,-0.06427592039108276,0.3807699978351593,0.6375529766082764,-0.17413432896137238,0.8626845479011536,0.9886284470558167,-0.029355138540267944,0.13927508890628815,0.9311846494674683,-0.7778930068016052,0.8980073928833008,1.4384063482284546,-0.15083442628383636,0.34126710891723633,0.4309143126010895,-1.468258261680603,0.926270604133606,1.5484145879745483,-0.20155107975006104,0.3938198685646057,0.2933702766895294,-1.6399497985839844,0.8751280903816223,1.538028359413147,-0.2285872995853424,0.4083564877510071,0.2722174823284149,-1.5324097871780396,0.850686252117157,1.5044511556625366,-0.17753103375434875,0.41088157892227173,0.3227786719799042,-1.4510886669158936,0.7033217549324036,1.4453760385513306,-0.06264472752809525,0.3966403603553772,1.4336457252502441,0.0674513652920723,0.6642573475837708,2.1078667640686035,-0.19955696165561676,0.3973841071128845,2.0985076427459717,0.04718848690390587,0.636725127696991,2.7055256366729736,0.3246825039386749,0.3884402811527252,2.686030149459839,0.42743343114852905,0.6396709680557251,2.790886640548706,0.33746087551116943,0.37823718786239624,2.76265811920166,0.45339012145996094,0.6002914905548096,2.8794870376586914,-0.28265130519866943,0.4247327744960785,2.8907525539398193,-0.22253718972206116,0.33882439136505127,0.46058714389801025,2.574298036961409e-07,0.39314985275268555,0.44401052594184875,-0.007816989906132221,0.4306424856185913,0.40041089057922363,-0.0061430539935827255,0.44802772998809814,0.35763242840766907,-0.006602576468139887,0.4579724371433258,0.3165753483772278,-0.00645636348053813,0.4156588613986969,0.3207177221775055,0.018371671438217163,0.43707573413848877,0.2669891119003296,0.009959430433809757,0.45298853516578674,0.23164771497249603,-0.0005276388255879283,0.46675562858581543,0.1997225433588028,-0.008090995252132416,0.40008923411369324,0.30330607295036316,0.013531772419810295,0.42612385749816895,0.24645793437957764,0.0061685917899012566,0.4473608434200287,0.21396590769290924,-0.0038606750313192606,0.4667157232761383,0.18754185736179352,-0.010723751038312912,0.38131505250930786,0.2922322750091553,0.004546919837594032,0.4039474129676819,0.2332763671875,-0.004591017961502075,0.42321255803108215,0.19638700783252716,-0.012090899981558323,0.4412478804588318,0.16701434552669525,-0.016297021880745888,0.358756422996521,0.28697502613067627,-0.006258038338273764,0.3750830292701721,0.2325153648853302,-0.014027116820216179,0.38987693190574646,0.19755598902702332,-0.017404811456799507,0.40562617778778076,0.16791822016239166,-0.019192494451999664
40,0.586328387260437,0.3436027765274048,-0.7077720761299133,0.6118014454841614,0.28021958470344543,-0.6320350170135498,0.6271463632583618,0.28165796399116516,-0.631717324256897,0.6419982314109802,0.28328534960746765,-0.6317992210388184,0.5579949617385864,0.27929434180259705,-0.6291991472244263,0.5390596985816956,0.28105035424232483,-0.6287676692008972,0.5203319787979126,0.28456613421440125,-0.6290717720985413,0.6695255041122437,0.3206716477870941,-0.236162468791008,0.48927801847457886,0.32447177171707153,-0.20068080723285675,0.6167871356010437,0.4091443121433258,-0.5731667876243591,0.5479298233985901,0.41238465905189514,-0.564631998538971,0.7956308126449585,0.6333594918251038,-0.06683702021837234,0.3804548978805542,0.6400660276412964,-0.16963782906532288,0.8626520037651062,0.9922041296958923,-0.04208553582429886,0.13813772797584534,0.9299724102020264,-0.7854539155960083,0.8962122797966003,1.4439928531646729,-0.1531643569469452,0.34211450815200806,0.4336336553096771,-1.47374427318573,0.9240461587905884,1.5549302101135254,-0.20388594269752502,0.39414194226264954,0.2984379231929779,-1.6470451354980469,0.8723224401473999,1.5456546545028687,-0.2274142950773239,0.4094929099082947,0.2788628935813904,-1.5445002317428589,0.8483761548995972,1.5113396644592285,-0.17829227447509766,0.41176852583885193,0.3289814591407776,-1.4556913375854492,0.7015715837478638,1.4479714632034302,-0.06300275772809982,0.3945791721343994,1.4352234601974487,0.06781205534934998,0.6633995771408081,2.111316442489624,-0.19779135286808014,0.39566874504089355,2.102403402328491,0.11569075286388397,0.6361591815948486,2.7077009677886963,0.3310355246067047,0.3873502314090729,2.689910650253296,0.5821856260299683,0.6391988396644592,2.7927160263061523,0.3443543612957001,0.3770982027053833,2.766430139541626,0.6167985200881958,0.5992596745491028,2.883190393447876,-0.27705979347229004,0.42480096220970154,2.8967339992523193,-0.06732237339019775,0.33988893032073975,0.4581947922706604,2.874637061722751e-07,0.39340782165527344,0.44421082735061646,-0.009581007994711399,0.4314339756965637,0.40105384588241577,-0.008778843097388744,0.4479907155036926,0.35803163051605225,-0.00964125245809555,0.45736438035964966,0.3168373703956604,-0.009638523682951927,0.41591769456863403,0.3182406723499298,0.01617438904941082,0.4389314353466034,0.2656247019767761,0.008103490807116032,0.45500946044921875,0.23077377676963806,-0.001956083346158266,0.4690167009830475,0.19945740699768066,-0.009213992394506931,0.40022149682044983,0.3011464476585388,0.012375914491713047,0.42649534344673157,0.24454787373542786,0.005820896942168474,0.4470904767513275,0.212018221616745,-0.003407925134524703,0.4662292003631592,0.18557824194431305,-0.00978698581457138,0.38188353180885315,0.29067936539649963,0.004461689852178097,0.40513890981674194,0.2310241311788559,-0.003845518920570612,0.42379647493362427,0.19415877759456635,-0.010702240280807018,0.441447913646698,0.16530199348926544,-0.014565828256309032,0.3601551055908203,0.2866211533546448,-0.005398292560130358,0.37690645456314087,0.2330854833126068,-0.012341775000095367,0.3913614749908447,0.19777795672416687,-0.015127526596188545,0.406116247177124,0.16855230927467346,-0.016539232805371284
41,0.5870537161827087,0.34321340918540955,-0.7051776647567749,0.6123568415641785,0.2801544964313507,-0.6295919418334961,0.6275662183761597,0.28153905272483826,-0.629271924495697,0.6424016952514648,0.28313249349594116,-0.6293712258338928,0.5585712194442749,0.27930498123168945,-0.6262713670730591,0.5396413207054138,0.2810577154159546,-0.6258221864700317,0.5208250880241394,0.28457722067832947,-0.6261175274848938,0.6697965860366821,0.32068106532096863,-0.23448777198791504,0.48937422037124634,0.32460305094718933,-0.1962999701499939,0.6178001165390015,0.4086094796657562,-0.5707883238792419,0.5492264032363892,0.4111330211162567,-0.5615763664245605,0.7956595420837402,0.6348513960838318,-0.06949830055236816,0.380418598651886,0.6415651440620422,-0.16371038556098938,0.8626344799995422,0.9943849444389343,-0.04849233478307724,0.13733132183551788,0.9292517304420471,-0.7841001152992249,0.89540034532547,1.4494273662567139,-0.15908114612102509,0.3426913321018219,0.43366739153862,-1.4751451015472412,0.9231436848640442,1.5616321563720703,-0.21174028515815735,0.3944399952888489,0.2983566224575043,-1.648411512374878,0.8708020448684692,1.5529285669326782,-0.2351446896791458,0.4106069505214691,0.2796482741832733,-1.5410161018371582,0.8472133874893188,1.517728328704834,-0.1843361258506775,0.4129559099674225,0.3297175168991089,-1.4573571681976318,0.7005085945129395,1.4501163959503174,-0.06356603652238846,0.39340314269065857,1.4370583295822144,0.06839238852262497,0.6634063720703125,2.114304780960083,-0.19665613770484924,0.3951420485973358,2.1062638759613037,0.13990570604801178,0.6368259191513062,2.710205078125,0.33879685401916504,0.38787925243377686,2.6939518451690674,0.6174094676971436,0.6400613784790039,2.7950661182403564,0.3529517352581024,0.3777783215045929,2.7704548835754395,0.6528993844985962,0.5996789336204529,2.886950969696045,-0.27470114827156067,0.4250752329826355,2.901902437210083,-0.03169723600149155,0.34036821126937866,0.4558919370174408,2.756233072886971e-07,0.39341551065444946,0.4436889886856079,-0.009370436891913414,0.431397020816803,0.40058809518814087,-0.008146794512867928,0.4480314552783966,0.35748720169067383,-0.008527941070497036,0.45793235301971436,0.3173196017742157,-0.008109447546303272,0.41602468490600586,0.31823623180389404,0.01581653393805027,0.43898025155067444,0.26615723967552185,0.00777853699401021,0.455168217420578,0.23174971342086792,-0.002064603380858898,0.4691739082336426,0.20115289092063904,-0.009153762832283974,0.4008159935474396,0.3007654845714569,0.012060040608048439,0.4272884726524353,0.24463781714439392,0.005330544896423817,0.4480595588684082,0.21212592720985413,-0.0037907909136265516,0.46729299426078796,0.1857544630765915,-0.010046943090856075,0.3827782869338989,0.28988000750541687,0.004239944275468588,0.4058981239795685,0.2302325963973999,-0.004357468336820602,0.4245487451553345,0.19347414374351501,-0.011342307552695274,0.44218042492866516,0.16461431980133057,-0.01527694333344698,0.36112961173057556,0.28514564037323,-0.005466710310429335,0.37719666957855225,0.2319243848323822,-0.012701408937573433,0.391663134098053,0.19709861278533936,-0.01567363366484642,0.4066978991031647,0.16818468272686005,-0.017236055806279182
42,0.5870711207389832,0.3424656093120575,-0.7118221521377563,0.6125991344451904,0.2798885405063629,-0.636531412601471,0.627824604511261,0.28131064772605896,-0.6362037062644958,0.6427803635597229,0.2829495072364807,-0.6363167762756348,0.5585941076278687,0.2789362668991089,-0.6326123476028442,0.5396454930305481,0.28053703904151917,-0.6321910619735718,0.5208309292793274,0.28387004137039185,-0.6324988007545471,0.6705278158187866,0.3206873834133148,-0.2384858876466751,0.48943766951560974,0.3244592547416687,-0.1988222301006317,0.6180872917175293,0.4081054925918579,-0.5763217806816101,0.5492279529571533,0.40971994400024414,-0.5666723251342773,0.7957128286361694,0.6352583765983582,-0.07093973457813263,0.38032791018486023,0.6421089172363281,-0.1643010377883911,0.8630919456481934,1.0006089210510254,-0.04255817458033562,0.13622929155826569,0.924956738948822,-0.7848796248435974,0.8949697613716125,1.45377516746521,-0.13774721324443817,0.34251394867897034,0.43402260541915894,-1.4758633375167847,0.9224134683609009,1.5667423009872437,-0.18908187747001648,0.39378947019577026,0.299735963344574,-1.649570107460022,0.870315432548523,1.559233546257019,-0.21743007004261017,0.41036659479141235,0.28093665838241577,-1.5401266813278198,0.84679114818573,1.5232840776443481,-0.16528737545013428,0.4130162298679352,0.33106714487075806,-1.4580248594284058,0.7004652619361877,1.4541429281234741,-0.06409142911434174,0.39337652921676636,1.4404642581939697,0.0689212828874588,0.6635034680366516,2.1210787296295166,-0.20197579264640808,0.3948807418346405,2.1130075454711914,0.12950506806373596,0.6372977495193481,2.719428062438965,0.3317444920539856,0.38819798827171326,2.702556848526001,0.5788882970809937,0.6406255960464478,2.805149555206299,0.3449784815311432,0.37812042236328125,2.7794229984283447,0.6107051372528076,0.5999151468276978,2.8967437744140625,-0.2897648513317108,0.42532721161842346,2.911708354949951,-0.06898592412471771,0.34151652455329895,0.4539632797241211,2.829299035056465e-07,0.3950936198234558,0.4406849145889282,-0.007957215420901775,0.43253055214881897,0.39772915840148926,-0.0059390198439359665,0.4494796395301819,0.35526588559150696,-0.005849029868841171,0.4595204293727875,0.3148823082447052,-0.005076299887150526,0.41720423102378845,0.3168908357620239,0.018441136926412582,0.4399183988571167,0.26505738496780396,0.011388388462364674,0.4563789963722229,0.23056720197200775,0.001953320112079382,0.47079771757125854,0.1996735781431198,-0.004977620206773281,0.40221622586250305,0.2990390956401825,0.014187955297529697,0.42844823002815247,0.2436951994895935,0.008417055942118168,0.4497408866882324,0.212131068110466,-0.0005205211346037686,0.46972620487213135,0.18671180307865143,-0.006760736927390099,0.38403409719467163,0.2878810167312622,0.005897078663110733,0.40682491660118103,0.2290932834148407,-0.0018106355564668775,0.425549179315567,0.1932397186756134,-0.008647157810628414,0.4437543749809265,0.16557854413986206,-0.012594685889780521,0.36232396960258484,0.28287291526794434,-0.0042212363332509995,0.3790535628795624,0.2294655293226242,-0.01074847113341093,0.39368197321891785,0.19479423761367798,-0.013534952886402607,0.4089887738227844,0.16665950417518616,-0.015045084059238434
43,0.5870789289474487,0.3419012427330017,-0.7161869406700134,0.6128748059272766,0.27969467639923096,-0.6409682631492615,0.6281073689460754,0.2811366617679596,-0.6406310200691223,0.6431542634963989,0.28281155228614807,-0.6407293081283569,0.5586113333702087,0.27867645025253296,-0.6371966004371643,0.5396407842636108,0.2801409363746643,-0.6367385387420654,0.520825207233429,0.2832842171192169,-0.6370259523391724,0.6710838079452515,0.3207014203071594,-0.24038200080394745,0.4894449710845947,0.3241620361804962,-0.20164158940315247,0.6183002591133118,0.40763044357299805,-0.5796403288841248,0.5492163896560669,0.4085528552532196,-0.5701972246170044,0.7956894636154175,0.635400652885437,-0.07186296582221985,0.38025784492492676,0.6421770453453064,-0.16607189178466797,0.8642253875732422,1.0027636289596558,-0.03960365056991577,0.13560375571250916,0.9223763346672058,-0.7883650064468384,0.8948327302932739,1.4532479047775269,-0.12764662504196167,0.3421701192855835,0.43527859449386597,-1.4784406423568726,0.9223033785820007,1.5665054321289062,-0.17748074233531952,0.39362281560897827,0.3013656437397003,-1.6543474197387695,0.8701221346855164,1.5590373277664185,-0.20554693043231964,0.4102567732334137,0.281685471534729,-1.5442832708358765,0.8466890454292297,1.5230178833007812,-0.154795840382576,0.41279658675193787,0.3320435583591461,-1.45924711227417,0.7003079652786255,1.4551453590393066,-0.06439186632633209,0.39304620027542114,1.4417539834976196,0.069245345890522,0.663580060005188,2.1229424476623535,-0.2051805555820465,0.394677072763443,2.1151986122131348,0.12381637096405029,0.6376136541366577,2.72160267829895,0.327885240316391,0.3884859085083008,2.7045540809631348,0.5634914040565491,0.6410108804702759,2.807455539703369,0.3404771387577057,0.3784703314304352,2.781377077102661,0.5943657755851746,0.6001282930374146,2.898648977279663,-0.29825499653816223,0.42548829317092896,2.9133217334747314,-0.08580715954303741,0.34173518419265747,0.4527379870414734,2.788521840102476e-07,0.39447957277297974,0.4407489597797394,-0.008016626350581646,0.43196970224380493,0.39768797159194946,-0.0059775738045573235,0.4491126239299774,0.3554053008556366,-0.005803313106298447,0.4597160816192627,0.31579911708831787,-0.004922704771161079,0.41747820377349854,0.3164442777633667,0.01791301742196083,0.4402468502521515,0.26444000005722046,0.010822608135640621,0.45677199959754944,0.23005321621894836,0.0015729907900094986,0.47119253873825073,0.19977763295173645,-0.005170526914298534,0.40273621678352356,0.29859060049057007,0.013671309687197208,0.4294472336769104,0.2431812882423401,0.007881198078393936,0.45079660415649414,0.21185633540153503,-0.0008985850727185607,0.4705522060394287,0.18707653880119324,-0.006990047171711922,0.3846983015537262,0.2873886525630951,0.005401854868978262,0.4077702760696411,0.22839830815792084,-0.0023917844519019127,0.42668259143829346,0.19279944896697998,-0.009246046654880047,0.4448647201061249,0.1655791699886322,-0.013206439092755318,0.36301639676094055,0.28215375542640686,-0.0046606347896158695,0.3794127106666565,0.22902631759643555,-0.011211409233510494,0.39413851499557495,0.19471873342990875,-0.013991106301546097,0.4096289873123169,0.16696101427078247,-0.01553213968873024
44,0.5871113538742065,0.34142592549324036,-0.7168594598770142,0.613155722618103,0.2795899212360382,-0.6432009935379028,0.6283877491950989,0.28103911876678467,-0.6428660750389099,0.6434692144393921,0.2827264666557312,-0.6429697275161743,0.5586889386177063,0.27847006916999817,-0.6388342976570129,0.5397108197212219,0.2797988951206207,-0.6383613348007202,0.5209401249885559,0.2827615439891815,-0.6386401057243347,0.6713070869445801,0.3207050859928131,-0.24497930705547333,0.48984408378601074,0.3238670229911804,-0.20280173420906067,0.618511438369751,0.40715929865837097,-0.5807909369468689,0.5493279695510864,0.407724529504776,-0.5701854228973389,0.7953647375106812,0.6350048184394836,-0.07750516384840012,0.38025206327438354,0.6421341300010681,-0.1627362072467804,0.8648120164871216,1.0026241540908813,-0.04466274008154869,0.1319914013147354,0.9188486933708191,-0.7877713441848755,0.8918596506118774,1.4520803689956665,-0.12910941243171692,0.34170621633529663,0.4350253939628601,-1.4788174629211426,0.917755126953125,1.5663506984710693,-0.17853417992591858,0.3937026262283325,0.30249255895614624,-1.6541874408721924,0.8657946586608887,1.5588507652282715,-0.2051713764667511,0.4101096987724304,0.28186872601509094,-1.5430370569229126,0.8434651494026184,1.522837519645691,-0.15492306649684906,0.4122677743434906,0.33193880319595337,-1.4600039720535278,0.7002480626106262,1.4552628993988037,-0.06666050106287003,0.39312130212783813,1.4422527551651,0.07146807014942169,0.6635998487472534,2.1226284503936768,-0.2044486552476883,0.3943239450454712,2.1150662899017334,0.13853949308395386,0.6377347707748413,2.720899820327759,0.33036431670188904,0.3877570331096649,2.703963041305542,0.6011001467704773,0.641215443611145,2.8063266277313232,0.3432568907737732,0.3776112496852875,2.780655860900879,0.6351061463356018,0.5999720692634583,2.897946834564209,-0.29260167479515076,0.4248806834220886,2.9118711948394775,-0.05169849470257759,0.3452267050743103,0.45193779468536377,2.8794232775908313e-07,0.39620667695999146,0.4396190345287323,-0.00790986604988575,0.4327142834663391,0.39560258388519287,-0.0059849051758646965,0.4494760036468506,0.35441404581069946,-0.006049537565559149,0.4618961215019226,0.314730703830719,-0.005341970827430487,0.42252928018569946,0.3135690987110138,0.0198367852717638,0.44512253999710083,0.26428961753845215,0.013340618461370468,0.4619687795639038,0.23220103979110718,0.003973820246756077,0.4769977629184723,0.20315223932266235,-0.0029338854365050793,0.40734022855758667,0.2959214746952057,0.01571030542254448,0.43363603949546814,0.243045836687088,0.010605581104755402,0.45500507950782776,0.212627112865448,0.0015866539906710386,0.47526490688323975,0.1875416487455368,-0.004796136636286974,0.38875293731689453,0.2850174307823181,0.007494641933590174,0.41181036829948425,0.22860237956047058,0.00038830714765936136,0.4305666983127594,0.1944459080696106,-0.006376712117344141,0.4488252103328705,0.16739673912525177,-0.01035580225288868,0.36654600501060486,0.2803630828857422,-0.0025535228196531534,0.3835180997848511,0.228561669588089,-0.00842249020934105,0.398171067237854,0.19473223388195038,-0.010973792523145676,0.41383931040763855,0.16638022661209106,-0.012424632906913757
45,0.5876961946487427,0.3407859206199646,-0.7219324111938477,0.6140989661216736,0.2794613540172577,-0.6484058499336243,0.6292126178741455,0.28093594312667847,-0.6480761766433716,0.6443071365356445,0.28264233469963074,-0.6481819748878479,0.5599542856216431,0.278145432472229,-0.6443809866905212,0.5413168668746948,0.2792431712150574,-0.6439119577407837,0.522727370262146,0.2818828821182251,-0.6441866159439087,0.6719207763671875,0.32070666551589966,-0.24966570734977722,0.4916377067565918,0.3234190046787262,-0.2095203846693039,0.6189397573471069,0.40647733211517334,-0.5856417417526245,0.5502675771713257,0.4066453278064728,-0.5754573941230774,0.7950938940048218,0.634812593460083,-0.08155529201030731,0.38026005029678345,0.6420547366142273,-0.16592144966125488,0.8668135404586792,1.0024971961975098,-0.04576742649078369,0.12827825546264648,0.9182546734809875,-0.7917658090591431,0.8919399380683899,1.4516838788986206,-0.14641836285591125,0.3426518142223358,0.43203049898147583,-1.4798028469085693,0.9182392954826355,1.565933346748352,-0.19838395714759827,0.3942798376083374,0.2975868880748749,-1.654728889465332,0.8660823702812195,1.5587329864501953,-0.225704625248909,0.4114285409450531,0.27909672260284424,-1.5442686080932617,0.843640923500061,1.5228571891784668,-0.1728425920009613,0.4137202203273773,0.32956841588020325,-1.461182713508606,0.6999502778053284,1.4567351341247559,-0.06858396530151367,0.3930743336677551,1.4438611268997192,0.0733327716588974,0.6625193357467651,2.1244585514068604,-0.2004527598619461,0.3922486901283264,2.1167585849761963,0.15033742785453796,0.636027991771698,2.7221078872680664,0.3437095582485199,0.38484084606170654,2.70516300201416,0.62486332654953,0.6394460201263428,2.8071694374084473,0.3576963245868683,0.3745183050632477,2.7814416885375977,0.6601462364196777,0.5978017449378967,2.8992936611175537,-0.2778250575065613,0.4225785732269287,2.913498640060425,-0.024552715942263603,0.34851959347724915,0.45342370867729187,2.522244813008001e-07,0.39865410327911377,0.44085371494293213,-0.008140373043715954,0.43482497334480286,0.39729583263397217,-0.006591394543647766,0.45329245924949646,0.3562433123588562,-0.006802452728152275,0.4658452272415161,0.31778886914253235,-0.006320661399513483,0.4256535768508911,0.31993937492370605,0.016570033505558968,0.4488878846168518,0.2696334719657898,0.009057222865521908,0.4655882716178894,0.23726221919059753,-0.0005085400771349669,0.4798274338245392,0.20777618885040283,-0.007401305716484785,0.4107648730278015,0.3021824359893799,0.012489807792007923,0.437735378742218,0.2479672133922577,0.006118404679000378,0.4589398503303528,0.21577559411525726,-0.0029325203504413366,0.4782082736492157,0.18843746185302734,-0.009132575243711472,0.392471045255661,0.2910314202308655,0.004503974225372076,0.4159882366657257,0.23417502641677856,-0.003604702651500702,0.4351688623428345,0.19964760541915894,-0.01043184194713831,0.45288002490997314,0.17150162160396576,-0.01428272295743227,0.37051844596862793,0.28602302074432373,-0.005243465304374695,0.3873575031757355,0.2342853993177414,-0.012188353575766087,0.4017240107059479,0.20057901740074158,-0.0151636628434062,0.4166364073753357,0.17148706316947937,-0.01673567108809948
46,0.5880848169326782,0.3403332531452179,-0.7246803045272827,0.6148332357406616,0.27938219904899597,-0.6511901617050171,0.6298846006393433,0.2808785140514374,-0.6508642435073853,0.6450273990631104,0.2826041877269745,-0.6509753465652466,0.5609111785888672,0.27793657779693604,-0.6472061276435852,0.542532742023468,0.27888235449790955,-0.6467387676239014,0.5241022109985352,0.28132200241088867,-0.6470125913619995,0.6726326942443848,0.3207348883152008,-0.2525767982006073,0.4931315779685974,0.3231614828109741,-0.21231797337532043,0.6192669868469238,0.4060386121273041,-0.5883905291557312,0.5509136915206909,0.40595823526382446,-0.5782519578933716,0.7950376868247986,0.634738028049469,-0.08294343948364258,0.38038399815559387,0.6420125365257263,-0.16642341017723083,0.8681638836860657,1.0023587942123413,-0.056070100516080856,0.12646882236003876,0.9176698923110962,-0.7913914918899536,0.8917695879936218,1.4514577388763428,-0.15435762703418732,0.3432384133338928,0.4310222566127777,-1.4797003269195557,0.9180830121040344,1.5658842325210571,-0.20749790966510773,0.39466819167137146,0.2959856688976288,-1.6538509130477905,0.8660045862197876,1.5592002868652344,-0.2358139306306839,0.41232118010520935,0.2785089612007141,-1.5407243967056274,0.8435468673706055,1.5234357118606567,-0.18150679767131805,0.41474777460098267,0.32922062277793884,-1.4605364799499512,0.6996971964836121,1.4581818580627441,-0.07108353078365326,0.3930762708187103,1.4452176094055176,0.07576881349086761,0.6613072156906128,2.1262049674987793,-0.19941888749599457,0.39012137055397034,2.118189573287964,0.1603982150554657,0.6340795755386353,2.723392963409424,0.34830236434936523,0.38167285919189453,2.706381320953369,0.6403156518936157,0.637518048286438,2.808142900466919,0.3626837134361267,0.37130048871040344,2.782383680343628,0.6761844754219055,0.5950543284416199,2.9007513523101807,-0.2726883590221405,0.41941362619400024,2.915038585662842,-0.007462591864168644,0.3503293991088867,0.45162874460220337,2.678038981684949e-07,0.399865061044693,0.4406851530075073,-0.007211079355329275,0.43608057498931885,0.39718112349510193,-0.004832060541957617,0.4539542496204376,0.356415718793869,-0.0043180580250918865,0.46651601791381836,0.3183702826499939,-0.003160331165418029,0.4255976974964142,0.31589585542678833,0.018810909241437912,0.4490574896335602,0.2673841118812561,0.013036547228693962,0.4651718735694885,0.2358168661594391,0.0043746596202254295,0.4788808524608612,0.20707383751869202,-0.0021852145437151194,0.41112011671066284,0.2987191081047058,0.014561779797077179,0.4381179213523865,0.2456984668970108,0.01004215981811285,0.4586203694343567,0.21453329920768738,0.0014920402318239212,0.477171391248703,0.1883263885974884,-0.0047689503990113735,0.3930361568927765,0.2883334159851074,0.006484988611191511,0.4166443645954132,0.23215025663375854,-0.00011724432988557965,0.43542400002479553,0.19831612706184387,-0.006858400534838438,0.4528002142906189,0.17068533599376678,-0.011196301318705082,0.3711000382900238,0.28415384888648987,-0.0032657396513968706,0.3871901035308838,0.23360802233219147,-0.009310770779848099,0.4016774296760559,0.20113404095172882,-0.012132695876061916,0.4170946776866913,0.17351512610912323,-0.013934282585978508
47,0.5882729291915894,0.34002482891082764,-0.7348783612251282,0.6153134107589722,0.27923911809921265,-0.6614091396331787,0.6304187774658203,0.28077077865600586,-0.6610876321792603,0.6456378102302551,0.28253138065338135,-0.6612072587013245,0.5612697601318359,0.27766910195350647,-0.6574162840843201,0.5429384112358093,0.2785341441631317,-0.6569274067878723,0.5245199799537659,0.2809024453163147,-0.6571968793869019,0.6734755039215088,0.320740282535553,-0.25853246450424194,0.4938923716545105,0.32298925518989563,-0.21769480407238007,0.6195237040519714,0.4058575928211212,-0.5966751575469971,0.5512170195579529,0.4056704640388489,-0.5864883661270142,0.7950363755226135,0.6347463130950928,-0.09748536348342896,0.3803638815879822,0.6419743895530701,-0.16743257641792297,0.8689184188842773,1.0058295726776123,-0.07531484216451645,0.12497007846832275,0.9175150990486145,-0.7969677448272705,0.8857780694961548,1.451398491859436,-0.15799392759799957,0.3426671624183655,0.4318077266216278,-1.4856455326080322,0.9094167947769165,1.566135287284851,-0.21207208931446075,0.3952723741531372,0.29733791947364807,-1.658872365951538,0.8573722839355469,1.5593171119689941,-0.24139006435871124,0.4129444658756256,0.2786458134651184,-1.5409886837005615,0.8363334536552429,1.5234885215759277,-0.18632228672504425,0.41513967514038086,0.3285457491874695,-1.464619755744934,0.6988474130630493,1.4593048095703125,-0.0751887634396553,0.39266636967658997,1.4464123249053955,0.0798584446310997,0.659879207611084,2.1275746822357178,-0.19962039589881897,0.3881698250770569,2.120180368423462,0.16959334909915924,0.6332682967185974,2.7259058952331543,0.35066884756088257,0.3812550902366638,2.7085115909576416,0.6566637754440308,0.6369177103042603,2.8109397888183594,0.3656021058559418,0.3711307644844055,2.7843856811523438,0.6933495998382568,0.5940824747085571,2.903031587600708,-0.27150759100914,0.41863036155700684,2.9168002605438232,0.0060181342996656895,0.34491825103759766,0.450389564037323,2.3294174411603308e-07,0.3968196213245392,0.4415246844291687,-0.007290762383490801,0.43500861525535583,0.3966744542121887,-0.0036930893547832966,0.45167243480682373,0.35417136549949646,-0.0018393817590549588,0.46164846420288086,0.31658217310905457,0.0005518689285963774,0.42557960748672485,0.315898060798645,0.01968027837574482,0.4484699070453644,0.26684266328811646,0.014095637947320938,0.46484270691871643,0.2355681210756302,0.005441214423626661,0.4785084128379822,0.207675963640213,-0.0010496358154341578,0.41080063581466675,0.2991606891155243,0.015808474272489548,0.436928391456604,0.24692349135875702,0.011210889555513859,0.45673274993896484,0.21614840626716614,0.0021851384080946445,0.47463756799697876,0.19040732085704803,-0.004203817341476679,0.3927765190601349,0.2891346216201782,0.008062855340540409,0.4157496988773346,0.2340373396873474,0.0009761323453858495,0.43467408418655396,0.20051655173301697,-0.006478063762187958,0.45205196738243103,0.17296072840690613,-0.010973438620567322,0.3705531358718872,0.2851840853691101,-0.0013288543559610844,0.38678863644599915,0.23406895995140076,-0.007744175381958485,0.4014991819858551,0.20197679102420807,-0.010947620496153831,0.41734760999679565,0.17497824132442474,-0.012832334265112877
48,0.5886200666427612,0.3430442214012146,-0.8094517588615417,0.6166402101516724,0.28141042590141296,-0.7398239970207214,0.63194340467453,0.2835155427455902,-0.7395042777061462,0.6470638513565063,0.28627175092697144,-0.7396290302276611,0.5627421140670776,0.2796657979488373,-0.7340284585952759,0.5442478060722351,0.2805091440677643,-0.7336107492446899,0.5252750515937805,0.28305476903915405,-0.7338225245475769,0.6743448972702026,0.3247167766094208,-0.3251778483390808,0.4959701597690582,0.3248171806335449,-0.28412193059921265,0.6199272871017456,0.409451961517334,-0.6661921143531799,0.5516701936721802,0.41002458333969116,-0.6553026437759399,0.7944331765174866,0.6343225836753845,-0.13279995322227478,0.3803275227546692,0.6406277418136597,-0.17350539565086365,0.8688651919364929,1.0027557611465454,-0.08700300753116608,0.1251075565814972,0.9133310317993164,-0.7962428331375122,0.8858399391174316,1.433711290359497,-0.2115079164505005,0.31522485613822937,0.4353809654712677,-1.5438040494918823,0.9094060063362122,1.5417400598526,-0.27165547013282776,0.36490872502326965,0.30349212884902954,-1.7285572290420532,0.859015941619873,1.5332938432693481,-0.3084430396556854,0.39590752124786377,0.2916654646396637,-1.6150976419448853,0.8380901217460632,1.5002198219299316,-0.24268415570259094,0.4039817750453949,0.3495980203151703,-1.5266602039337158,0.6988233327865601,1.4538987874984741,-0.0754513218998909,0.39547696709632874,1.4397718906402588,0.08002430200576782,0.6591306328773499,2.1187832355499268,-0.20914185047149658,0.38824301958084106,2.1087729930877686,0.14505647122859955,0.6323880553245544,2.7179102897644043,0.2962085008621216,0.3797900378704071,2.694932699203491,0.5824646353721619,0.6362169981002808,2.801302194595337,0.30644094944000244,0.36903637647628784,2.7673802375793457,0.6127262711524963,0.5918892621994019,2.893663167953491,-0.33707195520401,0.41493287682533264,2.899566411972046,-0.08234666287899017,,,,,,,,,,,,,,,,,,,,,,,,,,,,,,,,,,,,,,,,,,,,,,,,,,,,,,,,,,,,,,,
49,0.5883148312568665,0.34367114305496216,-0.7966060042381287,0.6165818572044373,0.2821447551250458,-0.7301751375198364,0.6318944096565247,0.284563273191452,-0.7298376560211182,0.6470023393630981,0.2877880930900574,-0.7299933433532715,0.562698483467102,0.27982455492019653,-0.7237732410430908,0.5442356467247009,0.28055593371391296,-0.7232838273048401,0.5253151655197144,0.2830617129802704,-0.7234851121902466,0.6739402413368225,0.3259503245353699,-0.33913832902908325,0.49742645025253296,0.32499754428863525,-0.2950645387172699,0.6198545694351196,0.409833163022995,-0.6583610773086548,0.5517017841339111,0.41119176149368286,-0.6468406915664673,0.7937620878219604,0.6330028176307678,-0.14819106459617615,0.3807681202888489,0.6233270764350891,-0.18909169733524323,0.8674728274345398,0.9879956841468811,-0.09430475533008575,0.12411018460988998,0.8974330425262451,-0.7961569428443909,0.8868328928947449,1.4060261249542236,-0.22803962230682373,0.1925678849220276,0.47245654463768005,-1.6100486516952515,0.9093062281608582,1.5085220336914062,-0.28503313660621643,0.21125833690166473,0.3245845139026642,-1.7933744192123413,0.8610872030258179,1.4932125806808472,-0.32614803314208984,0.2633726894855499,0.3005160093307495,-1.7163879871368408,0.8416920900344849,1.4635326862335205,-0.26039937138557434,0.2756648063659668,0.36461085081100464,-1.610642433166504,0.6985677480697632,1.434470295906067,-0.05647009611129761,0.39742860198020935,1.4199751615524292,0.060847409069538116,0.6601360440254211,2.090681314468384,-0.1894364207983017,0.3912588953971863,2.0788092613220215,0.05624770373106003,0.6343055963516235,2.6837782859802246,0.2922966778278351,0.3798048496246338,2.6614198684692383,0.4381527006626129,0.6384351849555969,2.76322865486145,0.30101296305656433,0.3683398365974426,2.7343413829803467,0.46396422386169434,0.5934143662452698,2.856802463531494,-0.32178106904029846,0.4139884412288666,2.8534281253814697,-0.20403119921684265,,,,,,,,,,,,,,,,,,,,,,,,,,,,,,,,,,,,,,,,,,,,,,,,,,,,,,,,,,,,,,,
50,0.5882999897003174,0.3438626527786255,-0.827656090259552,0.6166337728500366,0.282474160194397,-0.764181911945343,0.6319438219070435,0.28515708446502686,-0.7638548016548157,0.6470668315887451,0.28874728083610535,-0.7640247941017151,0.5627206563949585,0.2798241376876831,-0.7568470239639282,0.5442560911178589,0.2805442810058594,-0.7562680244445801,0.5254343152046204,0.2830100357532501,-0.7564442753791809,0.6739125847816467,0.32697567343711853,-0.3683958947658539,0.49833178520202637,0.32504308223724365,-0.3243456184864044,0.6198578476905823,0.41000106930732727,-0.6898825168609619,0.551831066608429,0.41175439953804016,-0.6777478456497192,0.7933453321456909,0.6328216791152954,-0.1714826077222824,0.38077783584594727,0.6167145371437073,-0.2073092758655548,0.8655378222465515,0.9869288802146912,-0.12540462613105774,0.12363725900650024,0.8886449933052063,-0.8121638298034668,0.8867640495300293,1.4007480144500732,-0.2839796245098114,0.1750730723142624,0.4824420213699341,-1.6719062328338623,0.9064127206802368,1.5017123222351074,-0.34593409299850464,0.19596746563911438,0.33162233233451843,-1.8624122142791748,0.8610254526138306,1.4843868017196655,-0.3868597149848938,0.24120306968688965,0.30267396569252014,-1.788007378578186,0.8417696952819824,1.455398440361023,-0.3166373372077942,0.25390931963920593,0.371965616941452,-1.675832748413086,0.6987903118133545,1.4300785064697266,-0.05212344601750374,0.3995988965034485,1.4159634113311768,0.05652257055044174,0.6614722609519958,2.083932638168335,-0.17401549220085144,0.3927682042121887,2.0730838775634766,0.07161825150251389,0.6361660361289978,2.673590660095215,0.29937225580215454,0.37932878732681274,2.653435230255127,0.48325079679489136,0.6407467722892761,2.7527248859405518,0.31001949310302734,0.36716607213020325,2.72674560546875,0.5121689438819885,0.5938576459884644,2.846419095993042,-0.3183801472187042,0.41263094544410706,2.844600200653076,-0.16357360780239105,,,,,,,,,,,,,,,,,,,,,,,,,,,,,,,,,,,,,,,,,,,,,,,,,,,,,,,,,,,,,,,
51,0.5900004506111145,0.3434205949306488,-0.6653656363487244,0.6182688474655151,0.2823944687843323,-0.6128412485122681,0.6330465078353882,0.2851293385028839,-0.6125937700271606,0.6481162309646606,0.28869199752807617,-0.6128284335136414,0.5647878646850586,0.2789198160171509,-0.6082780361175537,0.5457990169525146,0.27903470396995544,-0.6076170206069946,0.527214765548706,0.2806338667869568,-0.6077835559844971,0.6741236448287964,0.32695865631103516,-0.27115362882614136,0.5000997185707092,0.32271990180015564,-0.24439093470573425,0.6205361485481262,0.40934932231903076,-0.5438364744186401,0.5531536340713501,0.4109301269054413,-0.5361940860748291,0.793336033821106,0.6285876035690308,-0.14048883318901062,0.38508421182632446,0.5985149145126343,-0.15706530213356018,0.86224365234375,0.9762531518936157,-0.11934296041727066,0.1500644087791443,0.8498731851577759,-0.6629624366760254,0.8732209205627441,1.3798643350601196,-0.3152061700820923,0.1017322912812233,0.48106786608695984,-1.4924994707107544,0.888124942779541,1.4836902618408203,-0.390579491853714,0.08512493222951889,0.319955050945282,-1.6645209789276123,0.8461139798164368,1.4596061706542969,-0.4408586919307709,0.13141213357448578,0.2831214666366577,-1.7095588445663452,0.828941822052002,1.4284768104553223,-0.3528676927089691,0.15450893342494965,0.35470229387283325,-1.5341706275939941,0.7009345889091492,1.4204760789871216,-0.026297062635421753,0.40597105026245117,1.4084841012954712,0.03059408999979496,0.6727597117424011,2.0592265129089355,-0.10739859193563461,0.404506117105484,2.0500478744506836,-0.08236788958311081,0.6561204791069031,2.646930456161499,0.32890453934669495,0.39503151178359985,2.6270487308502197,0.14194506406784058,0.6607421636581421,2.727360963821411,0.3384123742580414,0.38338983058929443,2.702636957168579,0.15013889968395233,0.620918869972229,2.8171234130859375,-0.19986219704151154,0.43091779947280884,2.809842109680176,-0.47145113348960876,,,,,,,,,,,,,,,,,,,,,,,,,,,,,,,,,,,,,,,,,,,,,,,,,,,,,,,,,,,,,,,
52,0.5908852815628052,0.34326496720314026,-0.6442563533782959,0.6193708181381226,0.2823542356491089,-0.591035008430481,0.6339629888534546,0.2851009666919708,-0.5907951593399048,0.6491150259971619,0.28870660066604614,-0.5910049676895142,0.5656704902648926,0.27815455198287964,-0.5861657857894897,0.5463442802429199,0.27792367339134216,-0.585507869720459,0.5279073715209961,0.2791280448436737,-0.5857023596763611,0.674643874168396,0.32698169350624084,-0.2516573369503021,0.5012050867080688,0.32182222604751587,-0.22243277728557587,0.6209617853164673,0.4093046486377716,-0.5240539312362671,0.553817629814148,0.41085085272789,-0.5156086683273315,0.7936822175979614,0.6282733082771301,-0.13036979734897614,0.3871152102947235,0.5952323079109192,-0.1415351927280426,0.8596802949905396,0.9769068360328674,-0.12479124963283539,0.15989097952842712,0.8517265319824219,-0.6306878924369812,0.8663851022720337,1.3777852058410645,-0.3566710352897644,0.0891820415854454,0.5009515285491943,-1.450432300567627,0.878726601600647,1.482685923576355,-0.4384732246398926,0.06377090513706207,0.3270126283168793,-1.6223214864730835,0.836550235748291,1.4562879800796509,-0.48641258478164673,0.11931202560663223,0.27980247139930725,-1.6599843502044678,0.820378303527832,1.4242513179779053,-0.39432984590530396,0.1410471349954605,0.3523753881454468,-1.4883006811141968,0.7030278444290161,1.4208179712295532,-0.018085386604070663,0.40876930952072144,1.4089722633361816,0.02247987873852253,0.6782665252685547,2.0570437908172607,-0.09883928298950195,0.4086548388004303,2.048196315765381,-0.09235550463199615,0.6642801761627197,2.6445834636688232,0.3342773914337158,0.4012642800807953,2.6241676807403564,0.12960685789585114,0.6694202423095703,2.726166248321533,0.34299081563949585,0.3899514377117157,2.700446605682373,0.13747623562812805,0.628908097743988,2.8147075176239014,-0.19086793065071106,0.439126193523407,2.8079442977905273,-0.4827865660190582,,,,,,,,,,,,,,,,,,,,,,,,,,,,,,,,,,,,,,,,,,,,,,,,,,,,,,,,,,,,,,,
53,0.594139575958252,0.3415326178073883,-0.6009261012077332,0.6216205954551697,0.28119543194770813,-0.5431134104728699,0.6361807584762573,0.28414538502693176,-0.5428225994110107,0.6513984799385071,0.2878534495830536,-0.5429787039756775,0.5680046081542969,0.2760370373725891,-0.5441903471946716,0.5482360124588013,0.2755579948425293,-0.5435365438461304,0.5299461483955383,0.2765059769153595,-0.5436888933181763,0.6755277514457703,0.32634714245796204,-0.2024536430835724,0.5023967027664185,0.3200451135635376,-0.19822494685649872,0.6227351427078247,0.4083886742591858,-0.481214702129364,0.5558032989501953,0.4096636176109314,-0.4802926480770111,0.794537365436554,0.6271437406539917,-0.10161173343658447,0.38698405027389526,0.597825825214386,-0.12835070490837097,0.8594846725463867,0.9771445393562317,-0.12256070226430893,0.1647094488143921,0.8455231189727783,-0.6147727966308594,0.860304057598114,1.3715583086013794,-0.36065492033958435,0.05105853080749512,0.4096167981624603,-1.3979582786560059,0.8712749481201172,1.478529691696167,-0.4429490566253662,0.0022237205412238836,0.26343682408332825,-1.5665431022644043,0.827954113483429,1.4501948356628418,-0.49190884828567505,0.049032874405384064,0.24016962945461273,-1.5863888263702393,0.812505841255188,1.416957139968872,-0.3993473947048187,0.062112390995025635,0.30553343892097473,-1.438686728477478,0.7057541608810425,1.4212925434112549,-0.004245382267981768,0.41020315885543823,1.4145290851593018,0.00903538428246975,0.6816622018814087,2.0598185062408447,-0.09430977702140808,0.4087909758090973,2.052847385406494,-0.06453359872102737,0.669581949710846,2.647566556930542,0.3262019753456116,0.4043048024177551,2.6300294399261475,0.18318548798561096,0.6750087738037109,2.730332136154175,0.33296462893486023,0.39390432834625244,2.7062714099884033,0.19232313334941864,0.6361559629440308,2.8182637691497803,-0.20577815175056458,0.4480718970298767,2.817532777786255,-0.41883033514022827,0.05850530043244362,0.3867143392562866,2.733820281264343e-07,0.10670211166143417,0.3194458484649658,-0.013055895455181599,0.12531094253063202,0.23214568197727203,-0.01291457749903202,0.12806333601474762,0.15887954831123352,-0.014742711558938026,0.12798546254634857,0.10265512019395828,-0.016509277746081352,0.08181532472372055,0.12962260842323303,0.016640493646264076,0.08287039399147034,0.043763428926467896,0.005595490336418152,0.08007115125656128,-0.009336128830909729,-0.00947120226919651,0.07728705555200577,-0.055761680006980896,-0.021294889971613884,0.05114297941327095,0.127814382314682,0.012678509578108788,0.04850250855088234,0.03101477026939392,0.003515171352773905,0.04617711156606674,-0.025099441409111023,-0.010980255901813507,0.04638327285647392,-0.07364168763160706,-0.022311778739094734,0.02123609185218811,0.1409446895122528,0.004108821973204613,0.014091774821281433,0.05079421401023865,-0.006371733732521534,0.011949431151151657,-0.0009700506925582886,-0.015778224915266037,0.012733694165945053,-0.04247035086154938,-0.02299991250038147,-0.008994270116090775,0.16816303133964539,-0.006963659543544054,-0.01909349486231804,0.09921484440565109,-0.016002347692847252,-0.020451966673135757,0.0575537234544754,-0.01960916817188263,-0.018071260303258896,0.019779279828071594,-0.022338883951306343
54,0.5990434885025024,0.34008878469467163,-0.5949710607528687,0.6252129077911377,0.28058385848999023,-0.5366730093955994,0.6399707198143005,0.2836988866329193,-0.5363179445266724,0.6550528407096863,0.2875300645828247,-0.5364662408828735,0.5721403360366821,0.27447250485420227,-0.5372980237007141,0.5517156720161438,0.27361875772476196,-0.5366278886795044,0.5333230495452881,0.2742277681827545,-0.5368088483810425,0.6771363019943237,0.32617390155792236,-0.19741222262382507,0.5037959814071655,0.3184245526790619,-0.1929282546043396,0.6257172226905823,0.40739932656288147,-0.476431280374527,0.5588160753250122,0.4081217646598816,-0.4752201437950134,0.7951344847679138,0.6269255876541138,-0.0810626894235611,0.3858944773674011,0.5995647311210632,-0.1253879964351654,0.8582741022109985,0.9775384068489075,-0.10194375365972519,0.1658840775489807,0.8477470278739929,-0.5877626538276672,0.8542607426643372,1.3692634105682373,-0.33223024010658264,0.041146062314510345,0.4231707453727722,-1.348447561264038,0.865016758441925,1.4723174571990967,-0.40706896781921387,-0.011114613153040409,0.26587626338005066,-1.5092576742172241,0.8203792572021484,1.4431601762771606,-0.4508780837059021,0.05188291147351265,0.2401193082332611,-1.5164024829864502,0.8049731254577637,1.41078519821167,-0.36802682280540466,0.07942887395620346,0.3017805814743042,-1.383838176727295,0.7052881121635437,1.4210662841796875,0.00512673519551754,0.4098517894744873,1.4139429330825806,-0.00025601653032936156,0.6811729669570923,2.055149555206299,-0.09785325080156326,0.4081554412841797,2.0495855808258057,-0.1116761565208435,0.6676161885261536,2.6436073780059814,0.3089357018470764,0.40337175130844116,2.625171661376953,0.07727540284395218,0.6728943586349487,2.7277328968048096,0.31411266326904297,0.39291316270828247,2.7016775608062744,0.0796831026673317,0.6335068345069885,2.811842203140259,-0.21557287871837616,0.44702425599098206,2.8119118213653564,-0.5270333290100098,0.05087311565876007,0.3805616497993469,3.2856388543223147e-07,0.10546724498271942,0.3223069906234741,-0.017698494717478752,0.12609730660915375,0.23890572786331177,-0.01718568243086338,0.1268967241048813,0.16354267299175262,-0.016987698152661324,0.1226419061422348,0.10675869882106781,-0.015968605875968933,0.07996363937854767,0.1455327868461609,0.014479968696832657,0.07886257022619247,0.0540691614151001,0.00502551207318902,0.0746764987707138,-0.0017782151699066162,-0.008198733441531658,0.07009465247392654,-0.05028270184993744,-0.018299905583262444,0.046855658292770386,0.13821378350257874,0.013856104575097561,0.04431995004415512,0.0375140905380249,0.006700949277728796,0.04131600260734558,-0.02390940487384796,-0.006970447488129139,0.04025816172361374,-0.07497204840183258,-0.017527198418974876,0.014830011874437332,0.1458958089351654,0.008282498456537724,0.00853743776679039,0.054245248436927795,-0.0006282429094426334,0.007104109972715378,-0.003733888268470764,-0.011121752671897411,0.008318640291690826,-0.05057987570762634,-0.018855346366763115,-0.019279997795820236,0.16744202375411987,-3.790865957853384e-05,-0.030352387577295303,0.09793536365032196,-0.008249489590525627,-0.034133683890104294,0.054068662226200104,-0.01223827339708805,-0.03429039195179939,0.014548897743225098,-0.015067833475768566
55,0.600767195224762,0.3388172686100006,-0.5983563661575317,0.6265521049499512,0.27969232201576233,-0.5398349165916443,0.641325056552887,0.2829561233520508,-0.5394658446311951,0.6564595103263855,0.2869030833244324,-0.5396122336387634,0.5735326409339905,0.2730652093887329,-0.5404421091079712,0.5529595613479614,0.27212247252464294,-0.5397740602493286,0.5346673130989075,0.2726545035839081,-0.539972722530365,0.6778090596199036,0.32581406831741333,-0.19856318831443787,0.5044623613357544,0.3173255920410156,-0.19387103617191315,0.626863420009613,0.40657275915145874,-0.4790889620780945,0.5600067973136902,0.4069935083389282,-0.4779582917690277,0.7955586910247803,0.6267284750938416,-0.07245425879955292,0.38467419147491455,0.6008318066596985,-0.12854811549186707,0.856979250907898,0.9778353571891785,-0.08228297531604767,0.16617795825004578,0.8525537252426147,-0.5984395146369934,0.8493703603744507,1.3680896759033203,-0.3288164734840393,0.037597864866256714,0.4311508536338806,-1.3651362657546997,0.8589341044425964,1.4698106050491333,-0.4046526849269867,-0.011825278401374817,0.2679794728755951,-1.5255091190338135,0.8138718605041504,1.4402542114257812,-0.44837483763694763,0.05349263548851013,0.24086599051952362,-1.525342345237732,0.798843502998352,1.4080989360809326,-0.3644828200340271,0.08144732564687729,0.30073413252830505,-1.3975086212158203,0.7049909830093384,1.4212230443954468,0.00892341136932373,0.40963226556777954,1.4138305187225342,-0.004079575650393963,0.6808210611343384,2.0530686378479004,-0.09331370145082474,0.40725788474082947,2.0475146770477295,-0.1263863891363144,0.6662725210189819,2.641329526901245,0.3095429837703705,0.4027128219604492,2.621607780456543,0.05871133878827095,0.6714541912078857,2.725975513458252,0.31518638134002686,0.39219316840171814,2.6979894638061523,0.06079708784818649,0.6318789720535278,2.8083102703094482,-0.21498627960681915,0.4463822841644287,2.80793833732605,-0.5464307069778442,0.0492795892059803,0.3788082003593445,3.3216227279808663e-07,0.1055072695016861,0.32126468420028687,-0.013023327104747295,0.12662002444267273,0.2395419031381607,-0.008365700021386147,0.12727728486061096,0.1661236435174942,-0.004740979988127947,0.12431842088699341,0.10902716964483261,-0.00013073264562990516,0.07885459065437317,0.1474834531545639,0.026710424572229385,0.07764953374862671,0.05893334001302719,0.023680511862039566,0.07296058535575867,0.004520237445831299,0.01414208859205246,0.06797254830598831,-0.04250539839267731,0.006216146517544985,0.0452607162296772,0.13972783088684082,0.02579253725707531,0.04256316274404526,0.043071359395980835,0.024875730276107788,0.03928684443235397,-0.017845913767814636,0.013620450161397457,0.037874240428209305,-0.06767728924751282,0.004579394590109587,0.012884054332971573,0.1469888687133789,0.019956909120082855,0.006486933678388596,0.05794920027256012,0.016430765390396118,0.004710793495178223,0.0021096915006637573,0.007196313701570034,0.005523644387722015,-0.043902888894081116,-2.100385790981818e-05,-0.021729059517383575,0.16800615191459656,0.0116270137950778,-0.03282462805509567,0.10051869601011276,0.007492402568459511,-0.03724883496761322,0.056971997022628784,0.004711057059466839,-0.038068823516368866,0.016391485929489136,0.0025535584427416325
56,0.6011306047439575,0.33851009607315063,-0.6156967282295227,0.6269344091415405,0.27931803464889526,-0.5551910400390625,0.6416980028152466,0.2827138304710388,-0.5548263192176819,0.6568799018859863,0.2867695987224579,-0.554924726486206,0.5736627578735352,0.27246636152267456,-0.5559829473495483,0.5530458688735962,0.27156421542167664,-0.5553170442581177,0.5347186923027039,0.2721385061740875,-0.5555328726768494,0.6781437397003174,0.3257733881473541,-0.20124979317188263,0.504457950592041,0.3170468211174011,-0.19815845787525177,0.6273211240768433,0.4065301716327667,-0.49218201637268066,0.5604779720306396,0.40684738755226135,-0.4914209842681885,0.7957193851470947,0.627987802028656,-0.056261152029037476,0.3839109241962433,0.6017179489135742,-0.14294874668121338,0.856847882270813,0.9781308770179749,-0.015498553402721882,0.1678597629070282,0.8559645414352417,-0.6220439672470093,0.8500195741653442,1.3697483539581299,-0.19870463013648987,0.05331982299685478,0.43487629294395447,-1.4693390130996704,0.8602498173713684,1.4741140604019165,-0.2502712607383728,0.0033215153962373734,0.281552255153656,-1.6320472955703735,0.8161689043045044,1.4416671991348267,-0.2952515482902527,0.06713132560253143,0.24516980350017548,-1.650099754333496,0.800580620765686,1.409035563468933,-0.23292133212089539,0.09762757271528244,0.3046594262123108,-1.510231375694275,0.7031425833702087,1.422019600868225,0.010663283057510853,0.406790167093277,1.4141223430633545,-0.0057931807823479176,0.6762654781341553,2.0552761554718018,-0.10078839212656021,0.4031485915184021,2.0491271018981934,-0.14371496438980103,0.6573902368545532,2.6440110206604004,0.28927209973335266,0.39342981576919556,2.623879909515381,0.025962546467781067,0.6614073514938354,2.728471279144287,0.2934115529060364,0.38124558329582214,2.7002508640289307,0.0263130571693182,0.6228154897689819,2.811660051345825,-0.2401469498872757,0.4373170733451843,2.8111610412597656,-0.5983728170394897,0.05533142015337944,0.38144195079803467,3.375639039404632e-07,0.11101286113262177,0.3267991542816162,-0.016693301498889923,0.13313773274421692,0.2454652488231659,-0.014607335440814495,0.13542531430721283,0.1748119294643402,-0.012673507444560528,0.13349907100200653,0.12111015617847443,-0.00969786662608385,0.08404060453176498,0.152300626039505,0.01627434231340885,0.0848354697227478,0.06464111059904099,0.010222923941910267,0.0809144452214241,0.00933288037776947,-0.0003236994962207973,0.0763518437743187,-0.037952110171318054,-0.00873210746794939,0.04965685307979584,0.14507775008678436,0.01634196937084198,0.048121094703674316,0.04958367347717285,0.012271303683519363,0.04640303924679756,-0.010675013065338135,0.0007670972845517099,0.045930005609989166,-0.05955223739147186,-0.007972894236445427,0.016768882051110268,0.1535283327102661,0.011730737052857876,0.009600769728422165,0.06481136381626129,0.005460856482386589,0.008054006844758987,0.009046316146850586,-0.003974361810833216,0.008478205651044846,-0.03732024133205414,-0.010785135440528393,-0.017704270780086517,0.1760600507259369,0.004520195070654154,-0.029851600527763367,0.10703438520431519,-0.002306370995938778,-0.03488748520612717,0.061064012348651886,-0.006121680606156588,-0.03645773231983185,0.01824331283569336,-0.008567719720304012
57,0.6010127663612366,0.337975412607193,-0.6286070346832275,0.6269704103469849,0.27868974208831787,-0.5675889849662781,0.6417472958564758,0.28213486075401306,-0.5672415494918823,0.6569722890853882,0.2862216830253601,-0.5673550367355347,0.5736217498779297,0.2716473937034607,-0.5673986673355103,0.5529432892799377,0.270662397146225,-0.5667579174041748,0.5346040725708008,0.27109912037849426,-0.5669713616371155,0.6782463788986206,0.32511666417121887,-0.20859241485595703,0.5044057965278625,0.31541621685028076,-0.19971975684165955,0.6273351907730103,0.406200110912323,-0.5035310983657837,0.5604555010795593,0.4060744643211365,-0.5016523599624634,0.7956339120864868,0.6278845071792603,-0.06159452721476555,0.38082659244537354,0.6022338271141052,-0.1570378839969635,0.8571528196334839,0.9764758348464966,-0.024411045014858246,0.16706900298595428,0.8577373623847961,-0.6607815623283386,0.8511976003646851,1.371869444847107,-0.21451795101165771,0.05521883815526962,0.4364560842514038,-1.528777837753296,0.8618083000183105,1.477216124534607,-0.2705468535423279,0.004983545280992985,0.2856024503707886,-1.6958860158920288,0.8181467056274414,1.4475295543670654,-0.314535915851593,0.07053518295288086,0.248047336935997,-1.707029104232788,0.8022648692131042,1.4147415161132812,-0.2484654188156128,0.10102659463882446,0.30776840448379517,-1.5661494731903076,0.7015107870101929,1.4224677085876465,0.006622279528528452,0.4043859839439392,1.41434645652771,-0.0018032819498330355,0.6747885942459106,2.0561106204986572,-0.10448231548070908,0.4012724459171295,2.0503342151641846,-0.10840070247650146,0.6552728414535522,2.645031690597534,0.29135873913764954,0.3914039731025696,2.6250908374786377,0.11366677284240723,0.6588194966316223,2.729445457458496,0.2967427968978882,0.3788607120513916,2.7012903690338135,0.12052176147699356,0.622306227684021,2.8128228187561035,-0.2408648431301117,0.4359208643436432,2.8129124641418457,-0.5082234144210815,0.05793633684515953,0.38091737031936646,3.5477026472108264e-07,0.11395139247179031,0.3291998505592346,-0.01520659402012825,0.1365785151720047,0.24971497058868408,-0.012877027504146099,0.1391899287700653,0.17952358722686768,-0.010971604846417904,0.13960938155651093,0.1250898838043213,-0.0083917286247015,0.08839987218379974,0.15653960406780243,0.015884149819612503,0.09059970080852509,0.06856835633516312,0.009375222027301788,0.0871814638376236,0.0134153813123703,-0.0011650052620097995,0.08290357887744904,-0.03411935269832611,-0.00967394933104515,0.05396207422018051,0.14760412275791168,0.014735912904143333,0.053463373333215714,0.050525933504104614,0.009498708881437778,0.05093638226389885,-0.011451318860054016,-0.002968086628243327,0.04970814287662506,-0.06197899580001831,-0.012354238890111446,0.020572371780872345,0.1551411747932434,0.009190300479531288,0.013450030237436295,0.06480544060468674,0.0014972493518143892,0.011498607695102692,0.008141085505485535,-0.00920393131673336,0.011456843465566635,-0.03995569050312042,-0.016889557242393494,-0.014771755784749985,0.17677369713783264,0.0013611858012154698,-0.025527451187372208,0.10569356381893158,-0.006894958205521107,-0.028792697936296463,0.05934707075357437,-0.011749639175832272,-0.0285215862095356,0.015435531735420227,-0.014945855364203453
58,0.6009155511856079,0.337515652179718,-0.6332131028175354,0.6270163059234619,0.27816110849380493,-0.5718806982040405,0.6418101191520691,0.28163373470306396,-0.5715517997741699,0.6570631265640259,0.2857253849506378,-0.5716637372970581,0.5735667943954468,0.27099892497062683,-0.572658896446228,0.5528340935707092,0.26996123790740967,-0.5720110535621643,0.5344758629798889,0.2703247368335724,-0.5722216963768005,0.6783164739608765,0.32453304529190063,-0.2089349329471588,0.5043553709983826,0.31432411074638367,-0.20281663537025452,0.6273436546325684,0.4059208631515503,-0.506655216217041,0.560440182685852,0.40551623702049255,-0.5060065984725952,0.795529305934906,0.6277875900268555,-0.05944686010479927,0.37871605157852173,0.6026797890663147,-0.1629488319158554,0.8572834730148315,0.9750831127166748,-0.013266260735690594,0.16671285033226013,0.8591318130493164,-0.6788138747215271,0.8518117666244507,1.3726478815078735,-0.19770629703998566,0.05414830893278122,0.4376259446144104,-1.5422431230545044,0.8624080419540405,1.4791431427001953,-0.2504102885723114,0.0038517937064170837,0.2883337736129761,-1.7099329233169556,0.8192669749259949,1.4509944915771484,-0.29482051730155945,0.06901083886623383,0.24993406236171722,-1.7179429531097412,0.8033032417297363,1.4179270267486572,-0.2313009798526764,0.09995340555906296,0.30987802147865295,-1.5781352519989014,0.7004948854446411,1.4228055477142334,0.0050073410384356976,0.4025881886482239,1.414495825767517,-0.00020362141367513686,0.6739627122879028,2.05666184425354,-0.1064666360616684,0.4002409875392914,2.051211357116699,-0.09832195192575455,0.6543055176734924,2.645777463912964,0.2902103364467621,0.39055126905441284,2.625887393951416,0.12546886503696442,0.6575684547424316,2.7302072048187256,0.2959127426147461,0.3778408467769623,2.701967477798462,0.1325034350156784,0.6220839619636536,2.8135430812835693,-0.24330934882164001,0.4356003701686859,2.8139474391937256,-0.495007187128067,0.05803685262799263,0.3820544481277466,3.7785062545481196e-07,0.11396658420562744,0.32938647270202637,-0.014776796102523804,0.13581669330596924,0.24905326962471008,-0.012211306020617485,0.13911697268486023,0.1789703518152237,-0.010060164146125317,0.14091956615447998,0.12507160007953644,-0.007284779567271471,0.09018601477146149,0.15764813125133514,0.016345180571079254,0.09173746407032013,0.06960363686084747,0.010425659827888012,0.087800532579422,0.013833463191986084,0.0003458560968283564,0.08320336043834686,-0.0339743047952652,-0.007928860373795033,0.05539355427026749,0.14852990210056305,0.015168569050729275,0.055885422974824905,0.05142137408256531,0.010293852537870407,0.053878773003816605,-0.010792791843414307,-0.0016982111847028136,0.053138669580221176,-0.06128910183906555,-0.010730261914432049,0.021061912178993225,0.15616750717163086,0.009607138112187386,0.014590352773666382,0.06551207602024078,0.0022048484534025192,0.013283293694257736,0.00901782512664795,-0.008028179407119751,0.014154601842164993,-0.03854246437549591,-0.01543273963034153,-0.015564508736133575,0.17779886722564697,0.0018156924052163959,-0.02480224519968033,0.10678641498088837,-0.006059125531464815,-0.02684713900089264,0.06100811809301376,-0.010576124303042889,-0.025330662727355957,0.017265453934669495,-0.01362086646258831
59,0.6001244187355042,0.3373417854309082,-0.6293231844902039,0.6268523335456848,0.27795034646987915,-0.570285975933075,0.6417220830917358,0.28148916363716125,-0.5699459910392761,0.6570078134536743,0.2856327295303345,-0.5700712203979492,0.5724486708641052,0.270630419254303,-0.5702430605888367,0.5518625974655151,0.26948338747024536,-0.5695663690567017,0.5335613489151001,0.2696995735168457,-0.5697728991508484,0.6783534288406372,0.3244604766368866,-0.21185576915740967,0.5042405128479004,0.3131922483444214,-0.20277950167655945,0.6271477937698364,0.40577083826065063,-0.5046666860580444,0.5600754022598267,0.4051009714603424,-0.5023730993270874,0.7954610586166382,0.6277202367782593,-0.06278061121702194,0.3776875138282776,0.6023597121238708,-0.15753903985023499,0.8570222854614258,0.9742814898490906,-0.022467223927378654,0.1661246120929718,0.8544877171516418,-0.6552475094795227,0.8495514988899231,1.3733984231948853,-0.20333299040794373,0.059649597853422165,0.44122377038002014,-1.4698882102966309,0.8596253395080566,1.4800604581832886,-0.260087788105011,0.01538509875535965,0.2859218716621399,-1.6332683563232422,0.816015899181366,1.452669620513916,-0.30159640312194824,0.07661673426628113,0.2404322773218155,-1.643143653869629,0.800315260887146,1.4193741083145142,-0.2361171692609787,0.10501760244369507,0.3007103204727173,-1.506170392036438,0.6956847906112671,1.42312753200531,0.0029952784534543753,0.39803412556648254,1.4137228727340698,0.0017904352862387896,0.6679416298866272,2.056673049926758,-0.10115727037191391,0.39444899559020996,2.0490987300872803,-0.08972975611686707,0.6472815275192261,2.6444218158721924,0.3176276683807373,0.38311007618904114,2.622366189956665,0.14722281694412231,0.650355875492096,2.7283692359924316,0.3254029154777527,0.37016114592552185,2.69840931892395,0.15626102685928345,0.6150969862937927,2.812396287918091,-0.20872382819652557,0.4282093942165375,2.8103325366973877,-0.47134023904800415,0.06034061685204506,0.3842628598213196,3.777984147745883e-07,0.11679676175117493,0.3312147259712219,-0.014434094540774822,0.1377781331539154,0.25073277950286865,-0.011244836263358593,0.14104443788528442,0.17972004413604736,-0.008621087297797203,0.14297714829444885,0.12592752277851105,-0.005351935513317585,0.09110081195831299,0.15711021423339844,0.017620861530303955,0.09406957030296326,0.06933975219726562,0.012521320022642612,0.09021225571632385,0.013668805360794067,0.0028997419867664576,0.08563437312841415,-0.03448048233985901,-0.005278228782117367,0.056487832218408585,0.1480497419834137,0.016275227069854736,0.05713906139135361,0.05180150270462036,0.012344593182206154,0.05517999082803726,-0.011121392250061035,0.0009531244286336005,0.05443396419286728,-0.06250682473182678,-0.007775180973112583,0.02269015461206436,0.15746894478797913,0.010459283366799355,0.014644108712673187,0.06810838729143143,0.0037075718864798546,0.012021556496620178,0.011783674359321594,-0.006599382031708956,0.011575557291507721,-0.036829471588134766,-0.01424656342715025,-0.012839723378419876,0.18225553631782532,0.0023556568194180727,-0.024983052164316177,0.1147037073969841,-0.0056433598510921,-0.029778216034173965,0.07015560567378998,-0.010760990902781487,-0.030986908823251724,0.026517242193222046,-0.014310315251350403
60,0.5999352931976318,0.3370724320411682,-0.6221588850021362,0.6268287301063538,0.277741938829422,-0.5647626519203186,0.64170241355896,0.28139105439186096,-0.5644187331199646,0.6569903492927551,0.2856084108352661,-0.5645771622657776,0.5721853971481323,0.27004531025886536,-0.5643713474273682,0.5516101717948914,0.2687491178512573,-0.5636831521987915,0.5333080887794495,0.26879435777664185,-0.5639061331748962,0.6783519983291626,0.3244369626045227,-0.21262511610984802,0.5040525197982788,0.3122151494026184,-0.20226915180683136,0.6270270943641663,0.4056869447231293,-0.4996015131473541,0.5595316886901855,0.4048715829849243,-0.49678248167037964,0.7953560948371887,0.6274093389511108,-0.06504185497760773,0.37671953439712524,0.6014977097511292,-0.1493052989244461,0.8570358157157898,0.9743578433990479,-0.044919662177562714,0.16606584191322327,0.8554192185401917,-0.6279407739639282,0.842505156993866,1.3713880777359009,-0.271987646818161,0.062249310314655304,0.44182583689689636,-1.4127503633499146,0.8503244519233704,1.4755100011825562,-0.34225448966026306,0.016140198335051537,0.2882961928844452,-1.576717734336853,0.8059674501419067,1.4466445446014404,-0.37733203172683716,0.0768807977437973,0.23710069060325623,-1.5773311853408813,0.791337251663208,1.4136850833892822,-0.3038642108440399,0.10598181188106537,0.2981378436088562,-1.4451518058776855,0.6939557194709778,1.422900676727295,0.0022751903161406517,0.3963926136493683,1.412819504737854,0.0025162803940474987,0.6671110391616821,2.055710792541504,-0.09548597782850266,0.3934508264064789,2.047468423843384,-0.09753759950399399,0.6469656229019165,2.6430039405822754,0.32827848196029663,0.3815365731716156,2.6205716133117676,0.12682463228702545,0.6501916646957397,2.726921796798706,0.33648717403411865,0.36843377351760864,2.696930170059204,0.13438156247138977,0.613900899887085,2.811784505844116,-0.19784528017044067,0.42690309882164,2.808601140975952,-0.4850809574127197,0.06046903505921364,0.38819456100463867,3.6130003877588024e-07,0.11937196552753448,0.33390146493911743,-0.014149089343845844,0.14103096723556519,0.25281769037246704,-0.010313211940228939,0.1447259783744812,0.18122640252113342,-0.006974239367991686,0.1473790407180786,0.12873896956443787,-0.0028463713824748993,0.09153622388839722,0.16036415100097656,0.018267225474119186,0.09627115726470947,0.07300043106079102,0.013423945754766464,0.09350897371768951,0.018257111310958862,0.0038581981789320707,0.0893290638923645,-0.028933361172676086,-0.003953315783292055,0.056636929512023926,0.15045282244682312,0.017793210223317146,0.05788373947143555,0.054342880845069885,0.014759798534214497,0.05580495670437813,-0.00697442889213562,0.004099787212908268,0.05454225465655327,-0.05686156451702118,-0.003949988633394241,0.02220720425248146,0.1576622575521469,0.012996121309697628,0.015109121799468994,0.0702688917517662,0.007858764380216599,0.012871947139501572,0.015941813588142395,-0.001171595067717135,0.012388207018375397,-0.029604703187942505,-0.007836127653717995,-0.014457643032073975,0.18053416907787323,0.0058658067137002945,-0.025946959853172302,0.11513423174619675,0.0002906444715335965,-0.030420124530792236,0.0719250962138176,-0.0029965885914862156,-0.03163876384496689,0.03102685511112213,-0.0051750619895756245
61,0.5993143320083618,0.33683183789253235,-0.61891108751297,0.6267081499099731,0.27754685282707214,-0.5622879266738892,0.6416010856628418,0.2813073396682739,-0.5619489550590515,0.6568953394889832,0.2855774164199829,-0.5621293783187866,0.5716336965560913,0.269497275352478,-0.5615643262863159,0.5511295199394226,0.2680770754814148,-0.5608708262443542,0.5328721404075623,0.2679947316646576,-0.5610997676849365,0.6783031821250916,0.324418842792511,-0.21343548595905304,0.5038403272628784,0.31141436100006104,-0.20185890793800354,0.6266781687736511,0.4055868089199066,-0.4973190724849701,0.5586602687835693,0.4046287536621094,-0.49403518438339233,0.7952950596809387,0.6271661520004272,-0.06649844348430634,0.3757878839969635,0.6009312868118286,-0.14517971873283386,0.8570516705513,0.9744287729263306,-0.05934082716703415,0.16672658920288086,0.8561807870864868,-0.6195857524871826,0.8396604657173157,1.370356798171997,-0.29357999563217163,0.06244385242462158,0.4428480565547943,-1.399889349937439,0.8471358418464661,1.4736233949661255,-0.3655173182487488,0.015746554359793663,0.2887142300605774,-1.5645614862442017,0.8026712536811829,1.4442869424819946,-0.4012693464756012,0.07621844112873077,0.23625639081001282,-1.562145471572876,0.788296103477478,1.4112472534179688,-0.32591181993484497,0.1055404543876648,0.2973773777484894,-1.4311434030532837,0.6929041743278503,1.422659993171692,0.0020215651020407677,0.3954959511756897,1.4122556447982788,0.0027651838026940823,0.6668282151222229,2.0546467304229736,-0.09127442538738251,0.3930179476737976,2.0461316108703613,-0.10289223492145538,0.6469854712486267,2.6415395736694336,0.33406442403793335,0.38143667578697205,2.619036912918091,0.113836370408535,0.6502783894538879,2.725499391555786,0.3424098789691925,0.3684169352054596,2.695573091506958,0.1205359548330307,0.6137966513633728,2.8107833862304688,-0.1916254162788391,0.42687129974365234,2.806913137435913,-0.4951058030128479,0.05958830937743187,0.39002725481987,3.689490029046283e-07,0.11963029205799103,0.3347321152687073,-0.013028060086071491,0.14177125692367554,0.25359681248664856,-0.008505920879542828,0.1454439014196396,0.18206940591335297,-0.004717033822089434,0.14785179495811462,0.12979546189308167,-0.00015482511662412435,0.09285739809274673,0.16025587916374207,0.019798332825303078,0.09580346196889877,0.06981749832630157,0.015361377038061619,0.09159229695796967,0.013443097472190857,0.006133853457868099,0.08646835386753082,-0.03480216860771179,-0.0014062825357541442,0.05784677714109421,0.15088823437690735,0.018819818273186684,0.05742410942912102,0.0531524121761322,0.015917330980300903,0.0543505884706974,-0.009427249431610107,0.0051061129197478294,0.05247899889945984,-0.0597904771566391,-0.002982090227305889,0.02318624034523964,0.15871456265449524,0.013580886647105217,0.015504639595746994,0.07063339650630951,0.008490926586091518,0.012616466730833054,0.015643149614334106,-0.0005557191325351596,0.011226192116737366,-0.030367031693458557,-0.007161958143115044,-0.013402502983808517,0.18197977542877197,0.006109763868153095,-0.023540299385786057,0.11394669860601425,0.00036505551543086767,-0.027519483119249344,0.07030907273292542,-0.0028392330277711153,-0.02855018898844719,0.02941770851612091,-0.004820398520678282
62,0.5971158742904663,0.3367670476436615,-0.6199891567230225,0.6259670853614807,0.2773898243904114,-0.5642369985580444,0.6408800482749939,0.2812463343143463,-0.5639069676399231,0.6561421155929565,0.2855449318885803,-0.5640856027603149,0.5698269009590149,0.2691135108470917,-0.562463641166687,0.549214243888855,0.2676364481449127,-0.5617741346359253,0.5309181809425354,0.26755648851394653,-0.5620102882385254,0.6781297922134399,0.32440418004989624,-0.21681144833564758,0.5023390054702759,0.31098395586013794,-0.20175032317638397,0.6254907250404358,0.40555015206336975,-0.4991037845611572,0.5558873414993286,0.4045948386192322,-0.4941990375518799,0.7952990531921387,0.6273065209388733,-0.07668270915746689,0.3745186924934387,0.6005576848983765,-0.14051756262779236,0.8556548953056335,0.9795364141464233,-0.08710949122905731,0.16649070382118225,0.8671413660049438,-0.5976474285125732,0.8382433652877808,1.374297857284546,-0.3250078856945038,0.05685549974441528,0.44722017645835876,-1.3765692710876465,0.8468915820121765,1.4770342111587524,-0.40040215849876404,0.009220004081726074,0.2911921441555023,-1.5409729480743408,0.8016498684883118,1.4461944103240967,-0.44042038917541504,0.06428301334381104,0.2363290935754776,-1.5414774417877197,0.7867808938026428,1.4123953580856323,-0.3594551682472229,0.09468301385641098,0.2987290918827057,-1.408858060836792,0.6924818754196167,1.4241381883621216,0.0015855652745813131,0.39389652013778687,1.4127169847488403,0.0032102628611028194,0.6660551428794861,2.0554940700531006,-0.09401784837245941,0.3906305134296417,2.0462183952331543,-0.11537092924118042,0.6460750102996826,2.6421024799346924,0.33272188901901245,0.37706613540649414,2.619558811187744,0.08686713874340057,0.6497803926467896,2.7262179851531982,0.34100472927093506,0.36371561884880066,2.6960272789001465,0.09201033413410187,0.6098399758338928,2.8122193813323975,-0.19634409248828888,0.4229920506477356,2.807338237762451,-0.5250174403190613,0.07194668799638748,0.39779767394065857,3.5176114465684805e-07,0.1247393935918808,0.33910953998565674,-0.01564277708530426,0.1474447250366211,0.25760459899902344,-0.015072791837155819,0.15500232577323914,0.18883797526359558,-0.015098223462700844,0.15289178490638733,0.13727957010269165,-0.014191444963216782,0.09848473966121674,0.162349134683609,0.013599468395113945,0.10209780931472778,0.07711512595415115,0.005630990024656057,0.10046761482954025,0.023977994918823242,-0.006622241344302893,0.0978475883603096,-0.02164803445339203,-0.016004854813218117,0.06278228014707565,0.15647290647029877,0.012115421704947948,0.06184002012014389,0.06076712906360626,0.007118635345250368,0.05887002497911453,0.0010195225477218628,-0.004507381469011307,0.05719450116157532,-0.046883225440979004,-0.013548552989959717,0.029025442898273468,0.166437566280365,0.006262128707021475,0.02449645847082138,0.07988569885492325,0.0003124042123090476,0.02365773171186447,0.026619374752044678,-0.007970334962010384,0.024868246167898178,-0.01684972643852234,-0.014514606446027756,-0.0056497082114219666,0.1917812079191208,-0.002244261559098959,-0.015048973262310028,0.12696896493434906,-0.008256442844867706,-0.017551027238368988,0.08455745130777359,-0.01055482029914856,-0.01632349193096161,0.04484003782272339,-0.01217116229236126
63,0.5911983847618103,0.3369317650794983,-0.6214213967323303,0.6223419904708862,0.2774070203304291,-0.566079318523407,0.6381667852401733,0.28128936886787415,-0.5657687783241272,0.653458833694458,0.285637229681015,-0.5659652352333069,0.5640932321548462,0.26922494173049927,-0.5632688999176025,0.5437822937965393,0.26785725355148315,-0.562599778175354,0.5262179970741272,0.2679832875728607,-0.5628566741943359,0.6771617531776428,0.32449913024902344,-0.2272922247648239,0.500957190990448,0.3113038241863251,-0.2018902748823166,0.6226231455802917,0.40564683079719543,-0.5004526376724243,0.5514480471611023,0.4050165116786957,-0.4956526756286621,0.7953072786331177,0.6286731958389282,-0.09182462841272354,0.37451499700546265,0.6003732085227966,-0.14102202653884888,0.8551878929138184,0.9811148047447205,-0.10184639692306519,0.16678355634212494,0.8669129014015198,-0.6103135943412781,0.8385217785835266,1.3767303228378296,-0.31471702456474304,0.06065024808049202,0.4604994058609009,-1.3797085285186768,0.8481112718582153,1.4801685810089111,-0.38531678915023804,0.014411041513085365,0.2924181818962097,-1.5459414720535278,0.8037044405937195,1.4510669708251953,-0.42755579948425293,0.07047827541828156,0.2381528913974762,-1.5504395961761475,0.7883950471878052,1.4168543815612793,-0.34924423694610596,0.10018794238567352,0.30138787627220154,-1.419466495513916,0.6905717253684998,1.4225001335144043,0.0013147999998182058,0.39310526847839355,1.40890371799469,0.0034853641409426928,0.6575884819030762,2.055177927017212,-0.09499434381723404,0.38192933797836304,2.0428693294525146,-0.11027786880731583,0.6297324895858765,2.6419870853424072,0.32363662123680115,0.36032962799072266,2.6167309284210205,0.09982339292764664,0.6335651278495789,2.7258105278015137,0.3310467302799225,0.34685176610946655,2.69316029548645,0.1057465448975563,0.5885788202285767,2.811838388442993,-0.20645856857299805,0.40104469656944275,2.8043365478515625,-0.516628086566925,0.10383249074220657,0.3983808755874634,3.7179543710408325e-07,0.14752590656280518,0.3391290307044983,-0.017059944570064545,0.165486142039299,0.2600361108779907,-0.021869122982025146,0.1716601550579071,0.19755052030086517,-0.02805030532181263,0.18036752939224243,0.15938788652420044,-0.033941492438316345,0.1192106083035469,0.1615869104862213,0.0036657461896538734,0.1235387921333313,0.08057443052530289,-0.011835699900984764,0.12390453368425369,0.025856807827949524,-0.028525372967123985,0.12348699569702148,-0.024018213152885437,-0.04091154783964157,0.08760300278663635,0.15869471430778503,-0.0010153327602893114,0.08812665939331055,0.069817453622818,-0.013478761538863182,0.08886600285768509,0.012591928243637085,-0.027509775012731552,0.09058164805173874,-0.038901716470718384,-0.037615105509757996,0.05775321647524834,0.17160403728485107,-0.010100102983415127,0.050097983330488205,0.09354380518198013,-0.02281036600470543,0.04875319451093674,0.04390208423137665,-0.031262557953596115,0.0495881624519825,0.001457706093788147,-0.03672124817967415,0.027648527175188065,0.1990281492471695,-0.022183317691087723,0.014534953981637955,0.13435643911361694,-0.032572563737630844,0.010364595800638199,0.08960408717393875,-0.035707052797079086,0.010121170431375504,0.04889979958534241,-0.03749353438615799
64,0.5877596139907837,0.33702409267425537,-0.6218531727790833,0.6198815107345581,0.27741101384162903,-0.5671135783195496,0.6362784504890442,0.2813107669353485,-0.5668042898178101,0.6515843868255615,0.2856813073158264,-0.5669896006584167,0.5606041550636292,0.26931139826774597,-0.5636450052261353,0.5404930114746094,0.26803919672966003,-0.5629632472991943,0.523361325263977,0.2683373689651489,-0.5631887912750244,0.6764118671417236,0.3245302736759186,-0.22839780151844025,0.5000108480453491,0.3116334080696106,-0.2013997733592987,0.6207364201545715,0.4056642949581146,-0.5014982223510742,0.5488142967224121,0.4053141176700592,-0.49533528089523315,0.7953235507011414,0.6292628049850464,-0.09487742930650711,0.3747374713420868,0.6000129580497742,-0.13869155943393707,0.8550372123718262,0.9811641573905945,-0.10258916765451431,0.1672212928533554,0.8642936944961548,-0.6162572503089905,0.839328408241272,1.3769402503967285,-0.30764004588127136,0.06314799934625626,0.464132159948349,-1.3967392444610596,0.8497135043144226,1.4805757999420166,-0.3766598105430603,0.017232617363333702,0.29371505975723267,-1.5627045631408691,0.8065757751464844,1.4516162872314453,-0.41959840059280396,0.07427118718624115,0.23861493170261383,-1.5613954067230225,0.791121244430542,1.4174880981445312,-0.3422391414642334,0.10342343151569366,0.3020157217979431,-1.4316236972808838,0.689961314201355,1.4205186367034912,0.0010099004721269011,0.3930825889110565,1.406156301498413,0.003793034702539444,0.6560633182525635,2.0544593334198,-0.09473557025194168,0.3813718259334564,2.0411007404327393,-0.11458463966846466,0.6282441020011902,2.641369581222534,0.32583025097846985,0.3599894344806671,2.6158416271209717,0.08678626269102097,0.6322602033615112,2.7247934341430664,0.33347970247268677,0.3467142879962921,2.6923301219940186,0.09182499349117279,0.5872918963432312,2.811122417449951,-0.20338383316993713,0.4003666937351227,2.8031423091888428,-0.531664252281189,0.10185115039348602,0.4001106917858124,4.186325952559855e-07,0.14694996178150177,0.3419390320777893,-0.01833919808268547,0.1624191552400589,0.2622724771499634,-0.022684911265969276,0.16628773510456085,0.19921991229057312,-0.027873411774635315,0.1806362271308899,0.15605919063091278,-0.03246421366930008,0.1190226674079895,0.1623041331768036,0.005003704223781824,0.12217211723327637,0.08181747794151306,-0.007695597130805254,0.1208842396736145,0.02884422242641449,-0.022300653159618378,0.1185600608587265,-0.018086284399032593,-0.03317582979798317,0.08769076317548752,0.1602293848991394,0.0024222901556640863,0.08691186457872391,0.073641836643219,-0.006936540827155113,0.08618535101413727,0.018459603190422058,-0.01856394112110138,0.08613726496696472,-0.02972160279750824,-0.02687852270901203,0.05754752457141876,0.17462582886219025,-0.004750601481646299,0.04595249518752098,0.1022779792547226,-0.015623004175722599,0.04261474683880806,0.059499070048332214,-0.022394536063075066,0.04207686334848404,0.02426944673061371,-0.026480160653591156,0.02614825963973999,0.20317442715168,-0.014997128397226334,0.011426843702793121,0.14429137110710144,-0.024881631135940552,0.00589144229888916,0.10522621124982834,-0.02751700021326542,0.004800140857696533,0.07020300626754761,-0.028466898947954178
65,0.585493266582489,0.3370248079299927,-0.6496891379356384,0.6179030537605286,0.2773664891719818,-0.5960641503334045,0.6345584392547607,0.28123611211776733,-0.5958148241043091,0.6496266722679138,0.2855576276779175,-0.5960327386856079,0.5590832829475403,0.2693096697330475,-0.5904445648193359,0.5393136739730835,0.2680681049823761,-0.5898079872131348,0.5223474502563477,0.2684420645236969,-0.5900243520736694,0.6753721237182617,0.3242959678173065,-0.24531593918800354,0.4999809265136719,0.31169748306274414,-0.21097543835639954,0.6189123392105103,0.4056263267993927,-0.5248249769210815,0.5477186441421509,0.4053531289100647,-0.5155750513076782,0.7952826023101807,0.6291694641113281,-0.09740249067544937,0.37602463364601135,0.5992054343223572,-0.1569775491952896,0.8548682332038879,0.9808596968650818,-0.09941979497671127,0.17431336641311646,0.8606506586074829,-0.7210929989814758,0.8406254649162292,1.3757203817367554,-0.29766613245010376,0.10633915662765503,0.5015190839767456,-1.6190364360809326,0.8503844141960144,1.4804317951202393,-0.3570813536643982,0.0880502313375473,0.36964836716651917,-1.794348955154419,0.8081930875778198,1.451882243156433,-0.39531001448631287,0.12204170227050781,0.32721051573753357,-1.7792142629623413,0.7937121391296387,1.4177336692810059,-0.32754844427108765,0.1488473266363144,0.38246119022369385,-1.6451666355133057,0.6904049515724182,1.420451283454895,-0.005843911319971085,0.3952864706516266,1.4049644470214844,0.010335511527955532,0.6562448740005493,2.054518938064575,-0.09944207966327667,0.3827332854270935,2.0413317680358887,-0.03760536015033722,0.6285609006881714,2.641525983810425,0.32471364736557007,0.3613283932209015,2.616060733795166,0.28880876302719116,0.6323896646499634,2.724348306655884,0.3320584297180176,0.3480440080165863,2.6922504901885986,0.3086649179458618,0.5872859358787537,2.811342716217041,-0.21636292338371277,0.4006362557411194,2.803645133972168,-0.3242381513118744,,,,,,,,,,,,,,,,,,,,,,,,,,,,,,,,,,,,,,,,,,,,,,,,,,,,,,,,,,,,,,,
66,0.5851742029190063,0.33653637766838074,-0.7320261001586914,0.6174498796463013,0.2770654857158661,-0.6756501197814941,0.6339523196220398,0.2810302972793579,-0.6754075884819031,0.6488181352615356,0.28540804982185364,-0.6755954027175903,0.5590951442718506,0.2689196467399597,-0.667343258857727,0.539375901222229,0.26772981882095337,-0.6667816638946533,0.5223596096038818,0.26820752024650574,-0.6670032143592834,0.674663245677948,0.32426613569259644,-0.3078162372112274,0.49987536668777466,0.31165605783462524,-0.2590477466583252,0.6182469129562378,0.4050838053226471,-0.6030445098876953,0.5475999712944031,0.40460172295570374,-0.589353621006012,0.7951400279998779,0.6289390325546265,-0.13933655619621277,0.37424224615097046,0.6001548767089844,-0.1790684163570404,0.8548034429550171,0.9808678030967712,-0.12673279643058777,0.1659650355577469,0.8747627139091492,-0.7518730163574219,0.8594391942024231,1.3820449113845825,-0.30940812826156616,0.15348227322101593,0.5136052966117859,-1.6406675577163696,0.8742257952690125,1.4879785776138306,-0.3681574761867523,0.15667396783828735,0.3911895453929901,-1.8209728002548218,0.83391273021698,1.464504361152649,-0.40893203020095825,0.1949385404586792,0.3634246587753296,-1.7798786163330078,0.8167268633842468,1.4309732913970947,-0.3404811918735504,0.19702033698558807,0.4217548668384552,-1.655931830406189,0.690427303314209,1.4204487800598145,-0.023757215589284897,0.3955928683280945,1.4050260782241821,0.02796494960784912,0.6564134359359741,2.056239604949951,-0.14024057984352112,0.38287514448165894,2.042768716812134,0.005963736679404974,0.62920081615448,2.6424829959869385,0.3041315972805023,0.36167868971824646,2.61651611328125,0.366464227437973,0.6328558921813965,2.724470853805542,0.3111618161201477,0.3486131429672241,2.6925103664398193,0.38961976766586304,0.588239312171936,2.812342405319214,-0.2740008234977722,0.4019325375556946,2.8043432235717773,-0.25621268153190613,0.2107565551996231,0.4135166108608246,3.1320246307586785e-07,0.26252469420433044,0.3731726109981537,-0.00889957882463932,0.299339234828949,0.3194708526134491,-0.009564721025526524,0.31917157769203186,0.27157261967658997,-0.012684564106166363,0.3270237445831299,0.2283942699432373,-0.015104725956916809,0.2848232686519623,0.24397161602973938,0.01791961118578911,0.30460506677627563,0.18974465131759644,0.006481813732534647,0.3188258409500122,0.16296085715293884,-0.0077859810553491116,0.33009183406829834,0.14461714029312134,-0.017282988876104355,0.26097655296325684,0.23231136798858643,0.01414872519671917,0.28180673718452454,0.17085766792297363,0.0028928546234965324,0.2961985170841217,0.14219547808170319,-0.012486323714256287,0.30781593918800354,0.12384118139743805,-0.022514069452881813,0.2338874489068985,0.22920359671115875,0.006651905830949545,0.25405168533325195,0.17490053176879883,-0.005859373137354851,0.27213650941848755,0.1676740199327469,-0.013743487186729908,0.28577467799186707,0.174475759267807,-0.016956545412540436,0.20505410432815552,0.2344619780778885,-0.0025915587320923805,0.2221262902021408,0.19659386575222015,-0.012246822938323021,0.24019011855125427,0.19281993806362152,-0.014084872789680958,0.2559016942977905,0.20076397061347961,-0.013398244045674801
67,0.5848041772842407,0.3358802795410156,-0.7427005171775818,0.6169860363006592,0.2766363024711609,-0.6867607831954956,0.6334166526794434,0.2806909680366516,-0.6864919066429138,0.6481475830078125,0.2851106524467468,-0.6866797804832458,0.5589976906776428,0.26842015981674194,-0.6781834363937378,0.5393500924110413,0.267282098531723,-0.6776139736175537,0.5222995281219482,0.2678625285625458,-0.67781662940979,0.6741108894348145,0.3241480588912964,-0.32207754254341125,0.4997180998325348,0.3115426003932953,-0.2701799273490906,0.6177870631217957,0.4043688178062439,-0.6152249574661255,0.5474206805229187,0.4035201072692871,-0.6007212996482849,0.7950408458709717,0.6289121508598328,-0.15241721272468567,0.3726899027824402,0.6008085608482361,-0.18073543906211853,0.8548178672790527,0.9811428189277649,-0.1345827877521515,0.15977843105793,0.8856642842292786,-0.7338513135910034,0.8703083992004395,1.388910174369812,-0.3115566372871399,0.165220245718956,0.5150719881057739,-1.5911643505096436,0.8878741264343262,1.4951375722885132,-0.37121766805648804,0.1714058220386505,0.39172691106796265,-1.7682340145111084,0.8468381762504578,1.4745701551437378,-0.4125283658504486,0.2168857306241989,0.36679694056510925,-1.728258728981018,0.8283277750015259,1.4410938024520874,-0.3431006073951721,0.2154274731874466,0.4271933436393738,-1.606187105178833,0.6904460191726685,1.4208394289016724,-0.03227105736732483,0.39563214778900146,1.405249834060669,0.03646411746740341,0.6563128232955933,2.060436964035034,-0.1530652493238449,0.3830168843269348,2.0463931560516357,0.03037506714463234,0.629508376121521,2.6454012393951416,0.2948378026485443,0.36257582902908325,2.6188478469848633,0.4047575891017914,0.6334410309791565,2.7263424396514893,0.30181121826171875,0.3495718836784363,2.6934919357299805,0.4293157458305359,0.5874262452125549,2.81600022315979,-0.2884638011455536,0.40176206827163696,2.8085570335388184,-0.21341407299041748,0.21052075922489166,0.41007620096206665,3.8933922041906044e-07,0.2601783871650696,0.3743910491466522,-0.015035890974104404,0.29714709520339966,0.31821295619010925,-0.017546262592077255,0.31582677364349365,0.2667061984539032,-0.020713642239570618,0.32230862975120544,0.22262758016586304,-0.0229282695800066,0.28446897864341736,0.24661411345005035,0.01188698224723339,0.3025960326194763,0.1913461834192276,-0.001874731620773673,0.31246042251586914,0.16155578196048737,-0.01722978614270687,0.3201649785041809,0.14158989489078522,-0.026628121733665466,0.2593834698200226,0.23161680996418,0.010853235609829426,0.27771109342575073,0.16680151224136353,0.000587926828302443,0.28854385018348694,0.12462706863880157,-0.013325345702469349,0.2979500889778137,0.09299957752227783,-0.02205158956348896,0.2314247488975525,0.2276422381401062,0.005300488322973251,0.24854490160942078,0.16444969177246094,-0.0061189341358840466,0.2614036500453949,0.1286284625530243,-0.013258290477097034,0.272288054227829,0.10589820146560669,-0.016432207077741623,0.20198681950569153,0.23393090069293976,-0.0024981622118502855,0.2179155945777893,0.1905016005039215,-0.01145465113222599,0.23102058470249176,0.16937896609306335,-0.012330587953329086,0.2434992641210556,0.156592458486557,-0.010943050496280193
68,0.583836019039154,0.33575859665870667,-0.7384830117225647,0.6168590188026428,0.2761167883872986,-0.6775254011154175,0.6332985162734985,0.2801809310913086,-0.6772440075874329,0.6480688452720642,0.28455018997192383,-0.6774182915687561,0.5588787794113159,0.2682148516178131,-0.6671257019042969,0.5391037464141846,0.2671942412853241,-0.66654372215271,0.5217734575271606,0.2678449749946594,-0.6667681336402893,0.6741800308227539,0.32396119832992554,-0.3109554648399353,0.49946171045303345,0.3116568922996521,-0.26662227511405945,0.6171554327011108,0.40415382385253906,-0.6122777462005615,0.5459092855453491,0.40334585309028625,-0.5947773456573486,0.7950618863105774,0.6301621794700623,-0.15175718069076538,0.3716750741004944,0.6044189929962158,-0.1369793862104416,0.8548647165298462,0.9964845180511475,-0.1283780187368393,0.13198819756507874,0.9016247391700745,-0.6759086847305298,0.8713100552558899,1.438499927520752,-0.27999982237815857,0.2351617068052292,0.48022186756134033,-1.4242082834243774,0.891605019569397,1.5515415668487549,-0.34648436307907104,0.274685800075531,0.32209405303001404,-1.602081060409546,0.8457658886909485,1.5377726554870605,-0.38021308183670044,0.2969299852848053,0.306527316570282,-1.4958417415618896,0.8265199661254883,1.5003794431686401,-0.30940037965774536,0.30492207407951355,0.3933302164077759,-1.4113818407058716,0.690366268157959,1.4363257884979248,-0.06297601759433746,0.3940578103065491,1.4148670434951782,0.06733827292919159,0.6514566540718079,2.0918447971343994,-0.21548552811145782,0.37954166531562805,2.0768520832061768,0.10982908308506012,0.6200469136238098,2.6830430030822754,0.2691493630409241,0.35530608892440796,2.6543405055999756,0.5283144116401672,0.6241475343704224,2.766165018081665,0.27836164832115173,0.3428412675857544,2.7283427715301514,0.5583686828613281,0.5717311501502991,2.862750768661499,-0.3472762703895569,0.38671958446502686,2.860650062561035,-0.10886052995920181,,,,,,,,,,,,,,,,,,,,,,,,,,,,,,,,,,,,,,,,,,,,,,,,,,,,,,,,,,,,,,,
69,0.5821047425270081,0.3357536196708679,-0.7273128032684326,0.6162946820259094,0.2759615182876587,-0.6657499670982361,0.6329668164253235,0.28007254004478455,-0.6654695868492126,0.6479026079177856,0.2844971716403961,-0.6656290292739868,0.5579797029495239,0.2682031989097595,-0.6554754376411438,0.5378684997558594,0.267269492149353,-0.6548845171928406,0.5202231407165527,0.2680670917034149,-0.6551101803779602,0.674329400062561,0.32403475046157837,-0.3012848198413849,0.4983195662498474,0.3116645812988281,-0.22904017567634583,0.6159898042678833,0.4041581153869629,-0.601479172706604,0.5425458550453186,0.4033380150794983,-0.5834985375404358,0.7953832745552063,0.6320671439170837,-0.14743614196777344,0.3708198666572571,0.6117843389511108,-0.10584381967782974,0.8541757464408875,1.0051970481872559,-0.1315779983997345,0.12539921700954437,0.9235678315162659,-0.6631381511688232,0.8704169988632202,1.4484450817108154,-0.2709299325942993,0.28120413422584534,0.4533286690711975,-1.4089720249176025,0.8906091451644897,1.559607982635498,-0.33705392479896545,0.3245845437049866,0.3056875169277191,-1.5851932764053345,0.8440402150154114,1.5460468530654907,-0.35900047421455383,0.34656086564064026,0.28962668776512146,-1.471243143081665,0.8258582949638367,1.5095194578170776,-0.29610729217529297,0.3552010953426361,0.36089763045310974,-1.3929311037063599,0.6907698512077332,1.4457414150238037,-0.09237117320299149,0.3932085335254669,1.4238191843032837,0.0969986841082573,0.6513880491256714,2.1093175411224365,-0.22929701209068298,0.37956300377845764,2.094665288925171,0.1806427389383316,0.6211191415786743,2.7042970657348633,0.2751951813697815,0.3561156392097473,2.675663948059082,0.6520312428474426,0.6253066658973694,2.7891528606414795,0.2911806106567383,0.34304478764533997,2.7504303455352783,0.6881756782531738,0.5727638006210327,2.882389783859253,-0.32511475682258606,0.38887637853622437,2.8850319385528564,0.015447279438376427,,,,,,,,,,,,,,,,,,,,,,,,,,,,,,,,,,,,,,,,,,,,,,,,,,,,,,,,,,,,,,,
70,0.5816444158554077,0.33593276143074036,-0.7191017866134644,0.6161677241325378,0.27592992782592773,-0.6587400436401367,0.6328853964805603,0.28004226088523865,-0.6584650874137878,0.6478703618049622,0.2844691872596741,-0.6586310267448425,0.5577107667922974,0.2683809697628021,-0.651248574256897,0.5373779535293579,0.267721563577652,-0.6505972146987915,0.5194963216781616,0.26878494024276733,-0.6508060097694397,0.6744636297225952,0.3240961730480194,-0.3001477122306824,0.49763694405555725,0.3118434548377991,-0.20784911513328552,0.615572988986969,0.4042030870914459,-0.5935841798782349,0.5414239764213562,0.40344446897506714,-0.5790213346481323,0.795529305934906,0.6328221559524536,-0.1462181955575943,0.37058785557746887,0.6154406070709229,-0.09556692838668823,0.8540115356445312,1.0058283805847168,-0.12001615762710571,0.12401684373617172,0.9289564490318298,-0.6538228392601013,0.8712735176086426,1.4461380243301392,-0.23464377224445343,0.28750932216644287,0.4424842894077301,-1.3955333232879639,0.8929845094680786,1.5557960271835327,-0.2978270947933197,0.32912546396255493,0.2996383309364319,-1.571547031402588,0.844201922416687,1.5422288179397583,-0.31979286670684814,0.35241150856018066,0.2823614180088043,-1.4573843479156494,0.8249920606613159,1.5064622163772583,-0.259840726852417,0.3617125153541565,0.34742581844329834,-1.3793818950653076,0.6909663677215576,1.44944167137146,-0.09399957954883575,0.3926648497581482,1.4272892475128174,0.0987454354763031,0.6509634256362915,2.114331007003784,-0.24463406205177307,0.37891247868537903,2.0991806983947754,0.16080354154109955,0.6213408708572388,2.7119052410125732,0.2689589858055115,0.35698556900024414,2.6822988986968994,0.6043657064437866,0.6258343458175659,2.797412395477295,0.28270629048347473,0.34415093064308167,2.757399559020996,0.6370408535003662,0.5729442238807678,2.8882014751434326,-0.35028815269470215,0.38943034410476685,2.8906331062316895,-0.036340393126010895,,,,,,,,,,,,,,,,,,,,,,,,,,,,,,,,,,,,,,,,,,,,,,,,,,,,,,,,,,,,,,,
71,0.5816953778266907,0.3359411954879761,-0.7304903864860535,0.6161940693855286,0.275688111782074,-0.6654728055000305,0.6329156756401062,0.2796942889690399,-0.6651660203933716,0.6479423642158508,0.2840166985988617,-0.6652858853340149,0.5577283501625061,0.26838815212249756,-0.6556020379066467,0.5374017357826233,0.26785987615585327,-0.6550360918045044,0.5195030570030212,0.2691592574119568,-0.6552695035934448,0.6747875213623047,0.3237569034099579,-0.2956007122993469,0.49745622277259827,0.31198543310165405,-0.209010511636734,0.6155780553817749,0.4041939377784729,-0.6007565259933472,0.5414373874664307,0.4035800099372864,-0.5832463502883911,0.7955119013786316,0.6331798434257507,-0.14212694764137268,0.37071749567985535,0.6181758046150208,-0.10399208217859268,0.8535033464431763,1.0085585117340088,-0.10923358052968979,0.12185046821832657,0.9320840835571289,-0.6736253499984741,0.8760477304458618,1.4504753351211548,-0.19738943874835968,0.2987040877342224,0.43812626600265503,-1.412564754486084,0.9015747308731079,1.560846209526062,-0.255088746547699,0.3541727662086487,0.29411348700523376,-1.5882179737091064,0.8517718315124512,1.5515300035476685,-0.28179794549942017,0.3747607469558716,0.27979812026023865,-1.4777815341949463,0.8299919366836548,1.5158140659332275,-0.22408294677734375,0.38032037019729614,0.3388270139694214,-1.3989877700805664,0.6920158267021179,1.4547754526138306,-0.09381671249866486,0.3926500678062439,1.4345802068710327,0.09858383983373642,0.6510788202285767,2.121016502380371,-0.22240130603313446,0.37901604175567627,2.1086578369140625,0.18609467148780823,0.6217473745346069,2.7191412448883057,0.3339691162109375,0.35793977975845337,2.6918585300445557,0.6663895845413208,0.626203179359436,2.8052639961242676,0.35161292552948,0.3461378216743469,2.767146110534668,0.7026817798614502,0.5740615129470825,2.89560866355896,-0.3109118938446045,0.38993626832962036,2.900214910507202,0.018558930605649948,0.29221999645233154,0.46142643690109253,-8.034875520479545e-08,0.35727161169052124,0.4280906915664673,0.018987659364938736,0.3872697651386261,0.37250974774360657,0.02825571969151497,0.3937206566333771,0.3223608136177063,0.029181597754359245,0.385100781917572,0.2953004837036133,0.028292953968048096,0.4011736512184143,0.30058762431144714,0.041387975215911865,0.42291778326034546,0.23532289266586304,0.04088974744081497,0.4368325471878052,0.20607957243919373,0.03448675572872162,0.4482293128967285,0.1820414513349533,0.028102945536375046,0.3843481242656708,0.28702059388160706,0.022059738636016846,0.41159865260124207,0.21750454604625702,0.021135268732905388,0.4311864376068115,0.18914388120174408,0.013429656624794006,0.4467434883117676,0.1691683828830719,0.006598133128136396,0.3618003726005554,0.28162881731987,0.0007959397626109421,0.39056095480918884,0.21208159625530243,-0.0016226668376475573,0.4107809364795685,0.1831727921962738,-0.00563084939494729,0.4280446469783783,0.1615976095199585,-0.010100828483700752,0.33350077271461487,0.28314846754074097,-0.02013324573636055,0.35453760623931885,0.22439926862716675,-0.02126840129494667,0.3704032301902771,0.1931324601173401,-0.01952553354203701,0.38615748286247253,0.16728873550891876,-0.019716061651706696
72,0.5817266702651978,0.33594539761543274,-0.6994701623916626,0.6162019371986389,0.2755481004714966,-0.6313053369522095,0.632914125919342,0.2794027328491211,-0.6309561133384705,0.6479405760765076,0.2835317552089691,-0.631106972694397,0.5577435493469238,0.2684926390647888,-0.6184128522872925,0.5374226570129395,0.2681969702243805,-0.6178715229034424,0.519485592842102,0.26981422305107117,-0.6181069612503052,0.6747936606407166,0.3233197033405304,-0.2581506073474884,0.4970949590206146,0.3121704161167145,-0.17054900527000427,0.6155959367752075,0.4041099548339844,-0.5705752372741699,0.5415053963661194,0.4035927951335907,-0.5488383769989014,0.7954291105270386,0.6333048343658447,-0.11715272814035416,0.37077978253364563,0.6219626665115356,-0.07789812982082367,0.8543586730957031,1.00963294506073,-0.054663486778736115,0.12186256796121597,0.9305105805397034,-0.6641435623168945,0.8871506452560425,1.4551182985305786,-0.10479450225830078,0.30240169167518616,0.4343721568584442,-1.383553147315979,0.9151430130004883,1.5685598850250244,-0.15391719341278076,0.35948485136032104,0.29161691665649414,-1.5576426982879639,0.864402174949646,1.563072681427002,-0.18212811648845673,0.3809807598590851,0.27793872356414795,-1.435100793838501,0.8418228030204773,1.5266560316085815,-0.1309005469083786,0.3858184814453125,0.3328235447406769,-1.3647081851959229,0.6936450600624084,1.4578410387039185,-0.09516400098800659,0.3926548361778259,1.440222978591919,0.09999410063028336,0.654874861240387,2.124004364013672,-0.21590188145637512,0.38206925988197327,2.1147804260253906,0.22007723152637482,0.6292248964309692,2.722917318344116,0.3436102867126465,0.3675057590007782,2.7001564502716064,0.7244386672973633,0.6341167688369751,2.8092994689941406,0.3609255850315094,0.35654035210609436,2.7766318321228027,0.7635287046432495,0.5828355550765991,2.8993403911590576,-0.29983943700790405,0.4017140865325928,2.9069106578826904,0.08332274854183197,0.29560405015945435,0.46577829122543335,8.611196733454562e-08,0.35701170563697815,0.43287816643714905,0.0098376190289855,0.3902037441730499,0.37599173188209534,0.01797426864504814,0.4042590856552124,0.3278190493583679,0.020158054307103157,0.41416844725608826,0.30603253841400146,0.022000214084982872,0.3950178921222687,0.31172844767570496,0.03511762246489525,0.41733863949775696,0.25288742780685425,0.03241398185491562,0.4323168992996216,0.22001540660858154,0.024801980704069138,0.445356547832489,0.1907368302345276,0.018115857616066933,0.37948697805404663,0.29763174057006836,0.022169385105371475,0.4061969220638275,0.23512572050094604,0.019036557525396347,0.4258601665496826,0.2020144760608673,0.010022318921983242,0.4433697462081909,0.17392224073410034,0.003091631457209587,0.3594704866409302,0.28923216462135315,0.006538194138556719,0.384250283241272,0.226604163646698,0.0023234966211020947,0.4044184982776642,0.19288542866706848,-0.004143663682043552,0.4230205714702606,0.16574686765670776,-0.00918987300246954,0.3326992392539978,0.2858555018901825,-0.009511834941804409,0.3496457040309906,0.23029300570487976,-0.01257321797311306,0.36463621258735657,0.19827675819396973,-0.01391126774251461,0.3802965581417084,0.1710154116153717,-0.015492488630115986
73,0.5817672610282898,0.3356941044330597,-0.6945849657058716,0.6162072420120239,0.27527523040771484,-0.624186635017395,0.63291335105896,0.2789500057697296,-0.6238549947738647,0.6479354500770569,0.2828620970249176,-0.6240155696868896,0.5577612519264221,0.2684903144836426,-0.6100865006446838,0.5374312996864319,0.2682288587093353,-0.6095402836799622,0.5194576978683472,0.269935667514801,-0.6097723245620728,0.6747807264328003,0.32252490520477295,-0.24633662402629852,0.49637317657470703,0.3123243451118469,-0.15742549300193787,0.6156855821609497,0.40349987149238586,-0.5653453469276428,0.5415546298027039,0.40344542264938354,-0.5420354604721069,0.7953000664710999,0.6333168148994446,-0.11355794966220856,0.37096455693244934,0.6227926015853882,-0.07449810206890106,0.8555687069892883,1.0120879411697388,-0.06267476081848145,0.12209663540124893,0.9279965758323669,-0.6701101660728455,0.8888276815414429,1.4553037881851196,-0.12204249203205109,0.3123399615287781,0.4351549446582794,-1.3958545923233032,0.9162079691886902,1.5681376457214355,-0.1719900369644165,0.36638420820236206,0.29380500316619873,-1.5700576305389404,0.8652512431144714,1.5634719133377075,-0.19503848254680634,0.38957205414772034,0.28099045157432556,-1.4510514736175537,0.8428407907485962,1.5281857252120972,-0.14586278796195984,0.39620429277420044,0.3329406976699829,-1.3786301612854004,0.6933470368385315,1.4568947553634644,-0.10331752151250839,0.39177000522613525,1.4394185543060303,0.10811789333820343,0.6548217535018921,2.1228504180908203,-0.21707706153392792,0.38243845105171204,2.1130545139312744,0.22787347435951233,0.6294897794723511,2.722367525100708,0.34672266244888306,0.37011048197746277,2.699378252029419,0.7232179045677185,0.6347506046295166,2.8086235523223877,0.3635244369506836,0.35953593254089355,2.775773525238037,0.7613665461540222,0.5829365849494934,2.8971025943756104,-0.2980785071849823,0.4031289219856262,2.90500807762146,0.07842373102903366,0.3006201684474945,0.4661937952041626,1.304681660485585e-07,0.35640472173690796,0.4440137445926666,0.0033574209082871675,0.392444372177124,0.38969290256500244,0.00997136626392603,0.41276729106903076,0.3481852412223816,0.012055578641593456,0.42803633213043213,0.325289785861969,0.014485443010926247,0.39881837368011475,0.3192465007305145,0.02925535850226879,0.42523932456970215,0.26533135771751404,0.02485424280166626,0.44294989109039307,0.23137716948986053,0.016591109335422516,0.45658859610557556,0.20097094774246216,0.009841189719736576,0.38574519753456116,0.30351799726486206,0.019239887595176697,0.4160201847553253,0.24740734696388245,0.015442673116922379,0.4363718032836914,0.2143663913011551,0.007001411635428667,0.4536750018596649,0.18557299673557281,0.0007465810631401837,0.36768174171447754,0.29265204071998596,0.005984411109238863,0.39846736192703247,0.23656848073005676,0.0006397303659468889,0.41956162452697754,0.20401105284690857,-0.005083105526864529,0.4378281533718109,0.17588086426258087,-0.009213799610733986,0.34294453263282776,0.2867636978626251,-0.008294908329844475,0.3638056218624115,0.23604317009449005,-0.012431375682353973,0.37900957465171814,0.20483753085136414,-0.013391709886491299,0.39344459772109985,0.17721086740493774,-0.014302891679108143
74,0.5824456810951233,0.33558791875839233,-0.6846139430999756,0.616428554058075,0.27512454986572266,-0.6120386123657227,0.6329811811447144,0.2787090539932251,-0.6117143034934998,0.6479602456092834,0.2825050950050354,-0.6118966937065125,0.5581886172294617,0.2684834897518158,-0.5992164611816406,0.5377802848815918,0.26823291182518005,-0.5986900329589844,0.519614577293396,0.26994451880455017,-0.5989255309104919,0.6747676730155945,0.32223254442214966,-0.22942551970481873,0.49612799286842346,0.3123413026332855,-0.148663729429245,0.6159120798110962,0.40328511595726013,-0.5544556975364685,0.5419562458992004,0.4033947288990021,-0.5326563715934753,0.7951589226722717,0.6333187222480774,-0.09951251745223999,0.37116265296936035,0.6242024898529053,-0.07708447426557541,0.8575655817985535,1.0116420984268188,-0.05864919349551201,0.12287243455648422,0.9263017773628235,-0.685801088809967,0.8899515271186829,1.455493688583374,-0.10891862213611603,0.32156234979629517,0.4344877302646637,-1.404129981994629,0.9170854687690735,1.5686094760894775,-0.1561949998140335,0.37674063444137573,0.2943645715713501,-1.5779672861099243,0.8660213351249695,1.5642668008804321,-0.17814761400222778,0.3985539376735687,0.2810658812522888,-1.4598225355148315,0.8437032699584961,1.5292401313781738,-0.13208839297294617,0.40535783767700195,0.33284300565719604,-1.3877805471420288,0.6935020685195923,1.4570305347442627,-0.10228253901004791,0.3916991353034973,1.4408860206604004,0.10700982809066772,0.6568419933319092,2.124816656112671,-0.21750767529010773,0.38606971502304077,2.11631178855896,0.20983263850212097,0.6355786323547363,2.7251808643341064,0.34527885913848877,0.3797074556350708,2.7048540115356445,0.6937591433525085,0.6414397954940796,2.811218738555908,0.3614124655723572,0.3695588707923889,2.781418561935425,0.7306395769119263,0.5907249450683594,2.8995025157928467,-0.29714083671569824,0.41388005018234253,2.9097900390625,0.04803891479969025,0.3051653206348419,0.4656957983970642,1.9082160918060254e-07,0.35915225744247437,0.44861918687820435,-0.0021063487511128187,0.3993776738643646,0.40434905886650085,0.0016348215285688639,0.42146027088165283,0.3641561269760132,0.00199840497225523,0.4308409094810486,0.33158639073371887,0.002767687663435936,0.40292105078697205,0.3239980936050415,0.023906128481030464,0.430658757686615,0.27188780903816223,0.017277641221880913,0.4487907588481903,0.2384704351425171,0.007033996284008026,0.46241044998168945,0.2072732150554657,-0.0006882129237055779,0.38959330320358276,0.30814921855926514,0.015840839594602585,0.4224081337451935,0.2531093955039978,0.010255219414830208,0.4432888329029083,0.21895909309387207,0.0001572454784763977,0.46019837260246277,0.18799832463264465,-0.007147044409066439,0.3712694048881531,0.29665324091911316,0.004174203146249056,0.40368369221687317,0.24227333068847656,-0.0030739621724933386,0.42540448904037476,0.208575040102005,-0.010101992636919022,0.443141371011734,0.17916491627693176,-0.014688677154481411,0.3463830351829529,0.28899553418159485,-0.00892315898090601,0.3698616623878479,0.23766915500164032,-0.015071848407387733,0.38664889335632324,0.20593489706516266,-0.01705935038626194,0.4026888608932495,0.17746350169181824,-0.018253600224852562
75,0.582996666431427,0.3355119824409485,-0.6831934452056885,0.6165578961372375,0.2750867009162903,-0.6100214123725891,0.6329947710037231,0.2786324620246887,-0.6096922755241394,0.6479532718658447,0.2823870778083801,-0.6098858118057251,0.5585667490959167,0.2684844434261322,-0.5982952117919922,0.5381352305412292,0.268237441778183,-0.5977725982666016,0.519806444644928,0.2699531018733978,-0.5980077981948853,0.6746717095375061,0.32218292355537415,-0.2248840034008026,0.49600833654403687,0.31235167384147644,-0.1508083939552307,0.6160658597946167,0.4031277894973755,-0.552480161190033,0.5423087477684021,0.4033310115337372,-0.5320781469345093,0.7949955463409424,0.6333580613136292,-0.09008564054965973,0.3714134991168976,0.6263245940208435,-0.08247803151607513,0.8582468032836914,1.0112603902816772,-0.05442828685045242,0.12362567335367203,0.9251239895820618,-0.702816367149353,0.8934194445610046,1.4560673236846924,-0.11061722040176392,0.32753777503967285,0.4327238202095032,-1.4082399606704712,0.9213245511054993,1.5690408945083618,-0.1590164750814438,0.37965577840805054,0.29438120126724243,-1.581605315208435,0.8698233366012573,1.5657439231872559,-0.18224330246448517,0.4019637703895569,0.2811499536037445,-1.4701350927352905,0.847087025642395,1.5309160947799683,-0.13476423919200897,0.40871715545654297,0.33289778232574463,-1.3953043222427368,0.693343460559845,1.4570062160491943,-0.09987999498844147,0.3913796842098236,1.4412802457809448,0.10457424074411392,0.6568940877914429,2.1252217292785645,-0.21399784088134766,0.386933296918869,2.1168463230133057,0.19906267523765564,0.6361696124076843,2.725736379623413,0.352733314037323,0.38187703490257263,2.705986499786377,0.6838210821151733,0.6419308185577393,2.811732530593872,0.36915430426597595,0.37187260389328003,2.7826201915740967,0.720795214176178,0.592180609703064,2.899714946746826,-0.28688380122184753,0.41618961095809937,2.9102349281311035,0.03580277040600777,0.30940353870391846,0.4634504020214081,2.131721288378685e-07,0.3632144629955292,0.4455963373184204,-0.0028994178865104914,0.4016318917274475,0.4031262993812561,1.0931930773949716e-05,0.4223558008670807,0.36392030119895935,-0.0003214063763152808,0.4300439655780792,0.3310117721557617,-0.00047003800864331424,0.40451017022132874,0.3254106640815735,0.021209727972745895,0.43223100900650024,0.2746763825416565,0.013482097536325455,0.450035035610199,0.2423337996006012,0.0027517802082002163,0.46321970224380493,0.21187090873718262,-0.00509782787412405,0.3914734721183777,0.30987483263015747,0.013445182703435421,0.424728661775589,0.2554774880409241,0.006432904861867428,0.4456016421318054,0.2210170030593872,-0.003916248679161072,0.4622943699359894,0.19019484519958496,-0.011122683994472027,0.3731674551963806,0.29853808879852295,0.0021083508618175983,0.406281441450119,0.24495700001716614,-0.00639931857585907,0.42837148904800415,0.21022729575634003,-0.013805380091071129,0.4463537335395813,0.18052248656749725,-0.018331317231059074,0.3483598530292511,0.29117798805236816,-0.010623260401189327,0.37289702892303467,0.24210582673549652,-0.017460552975535393,0.3903493881225586,0.2107926607131958,-0.01968313567340374,0.40696993470191956,0.18284472823143005,-0.02092793397605419
76,0.5833742022514343,0.3353480398654938,-0.6807788014411926,0.6166487336158752,0.274989515542984,-0.6070958375930786,0.6330071687698364,0.2785108685493469,-0.6067640781402588,0.6479508280754089,0.2822408974170685,-0.6069630980491638,0.5588022470474243,0.2684614360332489,-0.596071720123291,0.5383546352386475,0.26822516322135925,-0.5955487489700317,0.5199226140975952,0.2699544131755829,-0.5957834124565125,0.6746612787246704,0.32214245200157166,-0.22091643512248993,0.4958837926387787,0.3123636245727539,-0.14979086816310883,0.616202175617218,0.4029010534286499,-0.549759030342102,0.5425288677215576,0.40322428941726685,-0.5303667783737183,0.7949353456497192,0.6334160566329956,-0.08454033732414246,0.37168917059898376,0.6277404427528381,-0.08529707789421082,0.8589434623718262,1.0109604597091675,-0.05139993503689766,0.12406489998102188,0.9243329167366028,-0.7069226503372192,0.8945989608764648,1.4566318988800049,-0.10947024822235107,0.32866722345352173,0.43167030811309814,-1.4116352796554565,0.9225243330001831,1.569760799407959,-0.1580287516117096,0.3800640404224396,0.29457515478134155,-1.5851296186447144,0.8709291219711304,1.5667833089828491,-0.18183329701423645,0.4025443196296692,0.2812556326389313,-1.4718152284622192,0.8481646776199341,1.531964659690857,-0.1339629590511322,0.40921252965927124,0.3329307436943054,-1.3977845907211304,0.6932837963104248,1.4570565223693848,-0.0983453318476677,0.39118605852127075,1.4416613578796387,0.103035107254982,0.6570542454719543,2.12577486038208,-0.21541476249694824,0.3878350853919983,2.117692708969116,0.19044837355613708,0.6367918252944946,2.7267489433288574,0.34924015402793884,0.38352352380752563,2.707536458969116,0.6659024953842163,0.6424962282180786,2.812823534011841,0.36485740542411804,0.3735686242580414,2.7843387126922607,0.7017163038253784,0.5933350920677185,2.9005134105682373,-0.287127822637558,0.4177580773830414,2.911360263824463,0.017080634832382202,0.30862581729888916,0.46408432722091675,2.051705791927816e-07,0.36006566882133484,0.4464401602745056,-0.0019052487332373857,0.39784708619117737,0.4009433686733246,0.0023049223236739635,0.4202236533164978,0.3631824553012848,0.0030883417930454016,0.42982104420661926,0.3338049054145813,0.0039960891008377075,0.4028184413909912,0.3268551528453827,0.023000577464699745,0.4309327006340027,0.27678006887435913,0.01624808833003044,0.449192076921463,0.2439199686050415,0.0060860891826450825,0.4622935652732849,0.21297918260097504,-0.001556545845232904,0.3908271789550781,0.31087419390678406,0.014833157882094383,0.4243012070655823,0.25700879096984863,0.00838933140039444,0.44557780027389526,0.22215957939624786,-0.002019487787038088,0.4621970057487488,0.19090943038463593,-0.009261268191039562,0.3733559846878052,0.29923492670059204,0.0031141566578298807,0.4057677090167999,0.24585650861263275,-0.005127216223627329,0.42812472581863403,0.21080631017684937,-0.013223025016486645,0.4460545778274536,0.18057866394519806,-0.018204795196652412,0.34922516345977783,0.2911902666091919,-0.009901394136250019,0.3739534318447113,0.2422640025615692,-0.016677483916282654,0.3913281261920929,0.21059772372245789,-0.019351717084646225,0.4078882932662964,0.1819116771221161,-0.02100561372935772
77,0.5835674405097961,0.335062712430954,-0.6825287938117981,0.6166750192642212,0.2749098241329193,-0.6077426075935364,0.6330071687698364,0.27840331196784973,-0.6074160933494568,0.6479206085205078,0.2821097671985626,-0.6076124310493469,0.5589918494224548,0.26845264434814453,-0.5967581272125244,0.5385531783103943,0.2682264745235443,-0.5962191224098206,0.5200451612472534,0.269961416721344,-0.5964489579200745,0.6746453046798706,0.3221239149570465,-0.22362391650676727,0.49579519033432007,0.31237784028053284,-0.15338674187660217,0.6162678003311157,0.40240272879600525,-0.5505011081695557,0.5426797270774841,0.40292608737945557,-0.5310567021369934,0.7949256896972656,0.633897066116333,-0.0855293795466423,0.3717859089374542,0.6290814876556396,-0.08686183393001556,0.8589746356010437,1.0110344886779785,-0.05274224281311035,0.1244305968284607,0.9237307906150818,-0.7204905152320862,0.8945325016975403,1.459773302078247,-0.1246950775384903,0.3276042342185974,0.43149662017822266,-1.4249944686889648,0.9222396612167358,1.5729234218597412,-0.17581282556056976,0.37857386469841003,0.2947952449321747,-1.5998003482818604,0.8707439303398132,1.56979501247406,-0.20176509022712708,0.4015099108219147,0.28133976459503174,-1.4735400676727295,0.847930908203125,1.5349292755126953,-0.1501595675945282,0.4076334834098816,0.3328910171985626,-1.4054248332977295,0.693209171295166,1.4583669900894165,-0.098179891705513,0.3910720944404602,1.4428722858428955,0.10285179316997528,0.657038688659668,2.1276140213012695,-0.22644753754138947,0.3880799114704132,2.1194827556610107,0.18558679521083832,0.6367803812026978,2.729581117630005,0.3321687579154968,0.3835768699645996,2.7099950313568115,0.6538712382316589,0.6424776315689087,2.815964937210083,0.34696078300476074,0.37359002232551575,2.786939859390259,0.6887671947479248,0.5933195352554321,2.9024503231048584,-0.30681532621383667,0.4175264239311218,2.9135284423828125,0.00440198415890336,0.31287962198257446,0.46376410126686096,2.3048565367389529e-07,0.3643433153629303,0.44708380103111267,-0.005143964663147926,0.40094831585884094,0.4046838581562042,-0.003514140145853162,0.4215430021286011,0.36499345302581787,-0.004661166574805975,0.4321371614933014,0.3289217948913574,-0.005480391439050436,0.40412718057632446,0.32778745889663696,0.018395118415355682,0.43183469772338867,0.27766770124435425,0.009405499324202538,0.44954419136047363,0.24516847729682922,-0.0019022831693291664,0.46238255500793457,0.2145383656024933,-0.009920671582221985,0.39118826389312744,0.31176483631134033,0.011664268560707569,0.4253157377243042,0.2576580047607422,0.0035908182617276907,0.4465276002883911,0.22350355982780457,-0.007046632934361696,0.46371152997016907,0.19220353662967682,-0.014260406605899334,0.3733264207839966,0.29975882172584534,0.0012032564263790846,0.4065774083137512,0.2458857297897339,-0.008233258500695229,0.42830586433410645,0.2106710523366928,-0.01575891114771366,0.44618260860443115,0.1799086481332779,-0.020100470632314682,0.3491727411746979,0.29156360030174255,-0.010760556906461716,0.37412360310554504,0.243584543466568,-0.01835370622575283,0.3914766013622284,0.21252937614917755,-0.020810004323720932,0.4080721139907837,0.18427050113677979,-0.0219800416380167
78,0.5840990543365479,0.33453214168548584,-0.6548996567726135,0.6168580055236816,0.27474382519721985,-0.579871416091919,0.6330891847610474,0.27820703387260437,-0.5795548558235168,0.6479706168174744,0.28185275197029114,-0.5797338485717773,0.5594606399536133,0.26830193400382996,-0.5695603489875793,0.53913414478302,0.2680174708366394,-0.5690463185310364,0.5205006003379822,0.26966750621795654,-0.569307804107666,0.6746460795402527,0.32201889157295227,-0.1965944916009903,0.4957732558250427,0.31214192509651184,-0.12738759815692902,0.6164743304252625,0.4019738733768463,-0.525101363658905,0.5430554151535034,0.4024137854576111,-0.5070102214813232,0.7949172854423523,0.6346415281295776,-0.06365940719842911,0.3718074858188629,0.6302279233932495,-0.07728633284568787,0.858975887298584,1.0109306573867798,-0.041556216776371,0.124276302754879,0.9242334365844727,-0.7047989368438721,0.8941929936408997,1.4594498872756958,-0.11626102775335312,0.3263888955116272,0.4320205748081207,-1.3950821161270142,0.9215630292892456,1.5723216533660889,-0.16599813103675842,0.37869206070899963,0.29516494274139404,-1.5682445764541626,0.8703166842460632,1.5681710243225098,-0.19119176268577576,0.40224188566207886,0.28207239508628845,-1.4419691562652588,0.8476703763008118,1.533313512802124,-0.14197567105293274,0.4081297516822815,0.3329252600669861,-1.373931646347046,0.6929601430892944,1.45839524269104,-0.09689430147409439,0.38999977707862854,1.4429309368133545,0.10155944526195526,0.6570823788642883,2.1278061866760254,-0.2393305003643036,0.3881089389324188,2.119310140609741,0.17914804816246033,0.6370641589164734,2.7307581901550293,0.2971879541873932,0.3842581808567047,2.7104010581970215,0.6275016665458679,0.6427004933357239,2.8173413276672363,0.30933916568756104,0.374136745929718,2.7873823642730713,0.6597453355789185,0.5942712426185608,2.903261661529541,-0.3429719805717468,0.41944804787635803,2.913745641708374,-0.03537872061133385,0.3134807348251343,0.4633418321609497,2.6402656772006594e-07,0.3643375337123871,0.4512321650981903,-0.009143521077930927,0.4034520983695984,0.41577112674713135,-0.009551835246384144,0.42458197474479675,0.3760497570037842,-0.011916041374206543,0.4327511787414551,0.33567294478416443,-0.013794144615530968,0.4050334692001343,0.3296026587486267,0.01477702148258686,0.43258801102638245,0.2790243923664093,0.004579055588692427,0.4499639868736267,0.24572302401065826,-0.007756351958960295,0.46297487616539,0.21388231217861176,-0.01631931960582733,0.3918248116970062,0.31224125623703003,0.009663552045822144,0.42593199014663696,0.2578599750995636,0.0007484290981665254,0.44699275493621826,0.22292238473892212,-0.010592971928417683,0.46410220861434937,0.1907024085521698,-0.01819508709013462,0.3736265003681183,0.2995849549770355,0.0005611813976429403,0.4062398672103882,0.2451709657907486,-0.009471326135098934,0.42729100584983826,0.20918340981006622,-0.01731790043413639,0.44443976879119873,0.17785264551639557,-0.021655326709151268,0.3491809666156769,0.2907472848892212,-0.01040460355579853,0.37484171986579895,0.2425747513771057,-0.018516402691602707,0.3921887278556824,0.21104197204113007,-0.02115645818412304,0.4086800813674927,0.18207791447639465,-0.022205855697393417
79,0.5845907926559448,0.33402329683303833,-0.6492027640342712,0.6170180439949036,0.27455297112464905,-0.5741742849349976,0.6331689357757568,0.2779889404773712,-0.5738624930381775,0.6480262279510498,0.28158459067344666,-0.574038028717041,0.559805154800415,0.26814427971839905,-0.5647556781768799,0.5395234227180481,0.26782098412513733,-0.5642523765563965,0.5207851529121399,0.26941758394241333,-0.5645214319229126,0.6746566891670227,0.32190296053886414,-0.1896519958972931,0.4957438111305237,0.3119952082633972,-0.12438300997018814,0.6167134046554565,0.40159156918525696,-0.5193923711776733,0.5434137582778931,0.40198448300361633,-0.5026549696922302,0.7949097752571106,0.6350053548812866,-0.054996270686388016,0.37174347043037415,0.6310663223266602,-0.07834350317716599,0.858971118927002,1.0108743906021118,-0.03473394364118576,0.12407654523849487,0.9246025085449219,-0.7038003206253052,0.8940094709396362,1.4592281579971313,-0.10997803509235382,0.3259216845035553,0.4324226677417755,-1.395803689956665,0.9211767315864563,1.5719460248947144,-0.15854184329509735,0.37887829542160034,0.295449823141098,-1.5689947605133057,0.8700761795043945,1.5671393871307373,-0.18360944092273712,0.40249601006507874,0.28265756368637085,-1.4453524351119995,0.8475260734558105,1.5322726964950562,-0.13574376702308655,0.4082270562648773,0.33296769857406616,-1.3754284381866455,0.6926819086074829,1.458437204360962,-0.09671975672245026,0.3887653052806854,1.4430333375930786,0.10142914950847626,0.657111644744873,2.1280386447906494,-0.23978936672210693,0.38810259103775024,2.1192846298217773,0.1704792082309723,0.6372402906417847,2.731379747390747,0.29242366552352905,0.38450708985328674,2.7106919288635254,0.612876296043396,0.6427913308143616,2.818039655685425,0.30435577034950256,0.37427961826324463,2.7876970767974854,0.6444599032402039,0.5950819849967957,2.903829336166382,-0.3444285988807678,0.42067259550094604,2.914069890975952,-0.05200517922639847,0.31342434883117676,0.4630429446697235,2.4434328338429623e-07,0.3649280071258545,0.4489620327949524,-0.005984973162412643,0.4023265838623047,0.41020938754081726,-0.0042558214627206326,0.4216766059398651,0.36981502175331116,-0.005089272279292345,0.4316730797290802,0.3310531973838806,-0.005485350266098976,0.40508386492729187,0.3292244076728821,0.01976075954735279,0.43094348907470703,0.2793947160243988,0.011157305911183357,0.4477726221084595,0.24467457830905914,-0.00013012033014092594,0.45991015434265137,0.211898535490036,-0.00817819219082594,0.39249470829963684,0.3121064603328705,0.013462386094033718,0.4260402321815491,0.25853216648101807,0.005425512325018644,0.44716930389404297,0.22335834801197052,-0.005462021101266146,0.464223712682724,0.19099223613739014,-0.012721450999379158,0.37447118759155273,0.29925283789634705,0.0032519616652280092,0.40672868490219116,0.24517706036567688,-0.006389628164470196,0.4278637766838074,0.20964980125427246,-0.014184091240167618,0.44523292779922485,0.1786445528268814,-0.018481798470020294,0.3499775826931,0.28971579670906067,-0.008527524769306183,0.3750886023044586,0.24210496246814728,-0.01622685417532921,0.3928961157798767,0.21116231381893158,-0.01878117397427559,0.4099986255168915,0.18275484442710876,-0.019896887242794037
80,0.5846253037452698,0.33345282077789307,-0.643539309501648,0.6170292496681213,0.2743910551071167,-0.568078339099884,0.6331679224967957,0.2778567373752594,-0.5677586793899536,0.6480211019515991,0.2814639210700989,-0.5679311752319336,0.5598232746124268,0.26790177822113037,-0.5587766766548157,0.5395458936691284,0.26752784848213196,-0.5582596659660339,0.5208047032356262,0.26904401183128357,-0.5585290789604187,0.6746805906295776,0.32188040018081665,-0.18300707638263702,0.49559730291366577,0.3117389380931854,-0.11796070635318756,0.6167346835136414,0.40120163559913635,-0.5137552618980408,0.5434015989303589,0.40140724182128906,-0.49731507897377014,0.7949212193489075,0.6355777382850647,-0.050044041126966476,0.3708917796611786,0.6313945055007935,-0.07646732777357101,0.8590022921562195,1.0103504657745361,-0.034378983080387115,0.12367025762796402,0.9244502186775208,-0.7026928663253784,0.8943146467208862,1.4590075016021729,-0.1123494952917099,0.32581081986427307,0.43216952681541443,-1.3991864919662476,0.921403706073761,1.5717484951019287,-0.16082802414894104,0.37997186183929443,0.29543325304985046,-1.5726006031036377,0.8702771067619324,1.5666309595108032,-0.1853044182062149,0.4029565453529358,0.28267180919647217,-1.4515972137451172,0.8477892875671387,1.531734585762024,-0.13801859319210052,0.4083358645439148,0.3328448235988617,-1.3800523281097412,0.6919354200363159,1.4585566520690918,-0.09598057717084885,0.38674217462539673,1.4431641101837158,0.10066105425357819,0.656752347946167,2.1279451847076416,-0.24356821179389954,0.38737088441848755,2.119081735610962,0.16862830519676208,0.6369106769561768,2.7312026023864746,0.28529804944992065,0.38415205478668213,2.7105460166931152,0.6114916801452637,0.6424035429954529,2.817904233932495,0.2970978319644928,0.373778760433197,2.787682294845581,0.6432568430900574,0.594790518283844,2.9037325382232666,-0.35203030705451965,0.4205133318901062,2.9140701293945312,-0.05221329256892204,0.31487366557121277,0.46305015683174133,2.5355754473821435e-07,0.365664005279541,0.4510369896888733,-0.005852464586496353,0.4053305983543396,0.41529136896133423,-0.004488721024245024,0.42736801505088806,0.3796296715736389,-0.005824496038258076,0.4348740875720978,0.34205129742622375,-0.006868697702884674,0.40771228075027466,0.3275722861289978,0.01955067552626133,0.4343568682670593,0.27839455008506775,0.011228052899241447,0.4511173963546753,0.24609683454036713,-0.00042191726970486343,0.4639571011066437,0.21540792286396027,-0.008788373321294785,0.3943301737308502,0.31036174297332764,0.012984801083803177,0.4273672103881836,0.25715094804763794,0.0057564834132790565,0.4485729932785034,0.22295759618282318,-0.005451625678688288,0.4660874903202057,0.19134943187236786,-0.013176856562495232,0.37582260370254517,0.2983912527561188,0.0026176299434155226,0.40783199667930603,0.24456468224525452,-0.005885278340429068,0.42843014001846313,0.20938009023666382,-0.01361613068729639,0.4454106092453003,0.1784559041261673,-0.018176035955548286,0.3514033555984497,0.29077431559562683,-0.00942077487707138,0.3762738108634949,0.24227961897850037,-0.016322806477546692,0.39353135228157043,0.21124997735023499,-0.018516389653086662,0.4104347229003906,0.18324099481105804,-0.01948205567896366
81,0.5846568942070007,0.33306610584259033,-0.6392084360122681,0.6170433163642883,0.27426111698150635,-0.5635533928871155,0.6331721544265747,0.2777378261089325,-0.5632253885269165,0.648023247718811,0.2813434600830078,-0.5633869171142578,0.5598446130752563,0.26774781942367554,-0.5542231798171997,0.5395663976669312,0.26735445857048035,-0.5536867380142212,0.5208218097686768,0.2688421607017517,-0.5539478063583374,0.6747153997421265,0.3218611776828766,-0.1785380244255066,0.49546369910240173,0.31161487102508545,-0.11324048042297363,0.6167735457420349,0.4009552001953125,-0.5096479058265686,0.5434271693229675,0.4010661542415619,-0.4932076036930084,0.7949553728103638,0.635928213596344,-0.04738257825374603,0.37028875946998596,0.6318680047988892,-0.0743403434753418,0.8590977787971497,1.0099315643310547,-0.034381333738565445,0.12331155687570572,0.9243568778038025,-0.7020698189735413,0.8948622941970825,1.4587745666503906,-0.11353031545877457,0.32591691613197327,0.43188220262527466,-1.401079773902893,0.9219732284545898,1.5715833902359009,-0.1620592176914215,0.3806970417499542,0.2954363226890564,-1.5747815370559692,0.8706752061843872,1.566277027130127,-0.1863390952348709,0.40315955877304077,0.28268295526504517,-1.4543520212173462,0.8482033610343933,1.531375527381897,-0.13918402791023254,0.40828245878219604,0.33274227380752563,-1.382335901260376,0.6915633082389832,1.458616018295288,-0.09545350074768066,0.38535773754119873,1.4432426691055298,0.10009567439556122,0.6565050482749939,2.1280276775360107,-0.24697594344615936,0.3867250084877014,2.1190216541290283,0.1662692129611969,0.6366622447967529,2.731340169906616,0.27927839756011963,0.3837187588214874,2.7105820178985596,0.6035521626472473,0.6421175599098206,2.8181354999542236,0.29067209362983704,0.3731781244277954,2.787764549255371,0.6344591975212097,0.5946303606033325,2.903811454772949,-0.359628289937973,0.4204016327857971,2.914395332336426,-0.0605301558971405,0.31479641795158386,0.46234866976737976,2.3696763662428566e-07,0.3662532567977905,0.4497176706790924,-0.004605164751410484,0.4057506024837494,0.4108765721321106,-0.0020348348189145327,0.42726796865463257,0.37363317608833313,-0.002371884183958173,0.43529075384140015,0.3352433741092682,-0.0022991353180259466,0.40698331594467163,0.32667213678359985,0.02199385315179825,0.4320051372051239,0.27693402767181396,0.014331790618598461,0.44872453808784485,0.24352529644966125,0.003216127399355173,0.4617355167865753,0.21261225640773773,-0.004856001120060682,0.39440980553627014,0.3097737729549408,0.015096318908035755,0.42644616961479187,0.25626105070114136,0.008249765262007713,0.44770896434783936,0.2216029167175293,-0.002729634754359722,0.46568143367767334,0.18999233841896057,-0.010411754250526428,0.37662890553474426,0.2974919378757477,0.0043626162223517895,0.4077226519584656,0.2438778430223465,-0.00410164799541235,0.4282660186290741,0.20935273170471191,-0.012015837244689465,0.44551965594291687,0.17940834164619446,-0.01679709553718567,0.3527243435382843,0.2890612483024597,-0.007932381704449654,0.3759080171585083,0.24122630059719086,-0.014717336744070053,0.3927633762359619,0.2102702558040619,-0.017246749252080917,0.4094841182231903,0.1824595332145691,-0.018683046102523804
82,0.5846861600875854,0.33304545283317566,-0.6404904723167419,0.6170445680618286,0.274210125207901,-0.5656012296676636,0.6331555843353271,0.2776843011379242,-0.5652741193771362,0.6479856967926025,0.2812958359718323,-0.5654529333114624,0.5598598718643188,0.26776552200317383,-0.556242823600769,0.5395923852920532,0.26739513874053955,-0.5557085275650024,0.5208532214164734,0.26891452074050903,-0.5559669733047485,0.6747235059738159,0.3218419849872589,-0.1808088719844818,0.49544304609298706,0.3116932213306427,-0.11546878516674042,0.6167891621589661,0.4009169340133667,-0.5107202529907227,0.5434545278549194,0.40104445815086365,-0.49425897002220154,0.7950078248977661,0.6361870169639587,-0.04900722950696945,0.3702890872955322,0.6321824193000793,-0.07406295090913773,0.859917938709259,1.0088905096054077,-0.03297945111989975,0.12292293459177017,0.9236152172088623,-0.7014487385749817,0.8968805074691772,1.4585301876068115,-0.10712821781635284,0.3298993706703186,0.42996886372566223,-1.4004770517349243,0.9246107935905457,1.5712735652923584,-0.15515533089637756,0.3855517506599426,0.2948722243309021,-1.5742813348770142,0.8732470273971558,1.5658808946609497,-0.18053561449050903,0.40735167264938354,0.28258535265922546,-1.4522249698638916,0.8506566882133484,1.5309882164001465,-0.13305366039276123,0.41238588094711304,0.332364022731781,-1.3810746669769287,0.6912691593170166,1.4588223695755005,-0.09494833648204803,0.38505905866622925,1.4434140920639038,0.0996265634894371,0.6564677357673645,2.1284983158111572,-0.2488168179988861,0.38672539591789246,2.119523525238037,0.16598132252693176,0.6366666555404663,2.73249888420105,0.27558186650276184,0.3837982416152954,2.711758852005005,0.6056213974952698,0.6421397924423218,2.819556951522827,0.28688186407089233,0.3732694387435913,2.789083957672119,0.6369472742080688,0.5946124792098999,2.9047906398773193,-0.36223042011260986,0.42043057084083557,2.9157702922821045,-0.056451935321092606,0.3146911859512329,0.46500909328460693,2.0289550661800604e-07,0.36353743076324463,0.4568824768066406,-0.004292404279112816,0.4061644673347473,0.4182300567626953,-0.0010052573634311557,0.4298785328865051,0.3823416233062744,-0.0003234556643292308,0.4349609315395355,0.3469686210155487,0.0006948584923520684,0.41193246841430664,0.33055415749549866,0.020114460960030556,0.43813085556030273,0.2819671034812927,0.013693270273506641,0.45468881726264954,0.24975742399692535,0.003541040001437068,0.4672088921070099,0.2195838987827301,-0.004168270621448755,0.3986387550830841,0.3127126097679138,0.013585122302174568,0.4301338493824005,0.2599155008792877,0.008015717379748821,0.450166255235672,0.22623896598815918,-0.0018330808961763978,0.46648967266082764,0.19531916081905365,-0.00880871620029211,0.3800872564315796,0.3003028333187103,0.0036410295870155096,0.4110857844352722,0.24747209250926971,-0.003364862874150276,0.431040495634079,0.21377769112586975,-0.010000535286962986,0.4471781253814697,0.18338680267333984,-0.014249814674258232,0.35550829768180847,0.2929899990558624,-0.007877225987613201,0.3796995282173157,0.24650749564170837,-0.013813652098178864,0.3955869674682617,0.21697506308555603,-0.01542587485164404,0.41080936789512634,0.1894109845161438,-0.016243377700448036
83,0.5851026773452759,0.33310630917549133,-0.6259332299232483,0.6171529293060303,0.27422788739204407,-0.5517299175262451,0.6331874132156372,0.27765312790870667,-0.5513930916786194,0.6479893922805786,0.28125327825546265,-0.5516042709350586,0.560261070728302,0.268120139837265,-0.543622612953186,0.5401284098625183,0.26786938309669495,-0.5430952310562134,0.5213290452957153,0.2695809304714203,-0.5433511137962341,0.6747488379478455,0.32182732224464417,-0.1716376394033432,0.4956556260585785,0.3122416138648987,-0.11042555421590805,0.6170458793640137,0.40089017152786255,-0.49756965041160583,0.5440646409988403,0.40133240818977356,-0.4823954105377197,0.7951082587242126,0.6362056732177734,-0.04061469808220863,0.37070468068122864,0.6322593092918396,-0.07207854837179184,0.8604043126106262,1.008473515510559,-0.0325748585164547,0.12266942113637924,0.9232895374298096,-0.6850948929786682,0.8987148404121399,1.4584510326385498,-0.109682098031044,0.3351365327835083,0.42772579193115234,-1.3591625690460205,0.9275091886520386,1.5711029767990112,-0.1627955436706543,0.3893975019454956,0.2934201955795288,-1.5314829349517822,0.8749352693557739,1.565551519393921,-0.18823762238025665,0.41037091612815857,0.28153112530708313,-1.407952904701233,0.8521339297294617,1.5306737422943115,-0.13680508732795715,0.4160075783729553,0.33108577132225037,-1.3383691310882568,0.6910240054130554,1.4588371515274048,-0.09212519973516464,0.3847423791885376,1.4433797597885132,0.09692844748497009,0.6562503576278687,2.1284987926483154,-0.24834850430488586,0.38632550835609436,2.1193320751190186,0.16305798292160034,0.6360533833503723,2.7327933311462402,0.27843624353408813,0.383428692817688,2.711577892303467,0.5977723598480225,0.6412791013717651,2.8199679851531982,0.2898254692554474,0.3728216290473938,2.7888448238372803,0.628638505935669,0.5944369435310364,2.905360460281372,-0.3564768433570862,0.4204837381839752,2.9165167808532715,-0.06091383844614029,0.3163667619228363,0.46749046444892883,2.148243822830409e-07,0.36868441104888916,0.4562282860279083,-0.005455234553664923,0.4095476269721985,0.4181634187698364,-0.002904186025261879,0.4311840832233429,0.3813599646091461,-0.0030958165880292654,0.439825177192688,0.34447845816612244,-0.002761192386969924,0.4123508334159851,0.3343029022216797,0.021734045818448067,0.4376448094844818,0.2842617630958557,0.01416640356183052,0.45359987020492554,0.2508590519428253,0.0030598933808505535,0.46632570028305054,0.21961013972759247,-0.0051747583784163,0.3994024693965912,0.3171657621860504,0.015366187319159508,0.43075793981552124,0.2631240487098694,0.0084932129830122,0.4507938623428345,0.22798976302146912,-0.002488162834197283,0.46771863102912903,0.19630050659179688,-0.010173131711781025,0.38177624344825745,0.30485209822654724,0.00512058986350894,0.41289669275283813,0.2521657943725586,-0.003282907884567976,0.4329512417316437,0.2184353619813919,-0.010755333118140697,0.4495686888694763,0.18902455270290375,-0.015206482261419296,0.3585297465324402,0.29697614908218384,-0.006836722604930401,0.3836863338947296,0.25081008672714233,-0.0136146554723382,0.40021440386772156,0.22139376401901245,-0.015815364196896553,0.41611284017562866,0.1942710131406784,-0.016891716048121452
84,0.5851439237594604,0.3331068456172943,-0.6289488077163696,0.6171644926071167,0.2741890847682953,-0.555616021156311,0.63318932056427,0.2775512933731079,-0.5553045868873596,0.6479802131652832,0.28109872341156006,-0.5555099248886108,0.560276985168457,0.26819169521331787,-0.5473257899284363,0.5401442646980286,0.2680651545524597,-0.5468030571937561,0.5213457345962524,0.26995623111724854,-0.5470554232597351,0.6747795343399048,0.3217427432537079,-0.17581507563591003,0.4955543875694275,0.31271395087242126,-0.11386670917272568,0.6171203255653381,0.40086689591407776,-0.5005666017532349,0.5441953539848328,0.4014849364757538,-0.4853079319000244,0.7955098748207092,0.6361580491065979,-0.0438644103705883,0.37082669138908386,0.6321918368339539,-0.07302948087453842,0.8611329197883606,1.008121132850647,-0.033846981823444366,0.1223633661866188,0.9221166968345642,-0.6958790421485901,0.8996961712837219,1.4576184749603271,-0.1125878244638443,0.3361533582210541,0.42615506052970886,-1.3725359439849854,0.9284586906433105,1.5697087049484253,-0.16406606137752533,0.3888750672340393,0.2924462854862213,-1.5464777946472168,0.876090407371521,1.5643031597137451,-0.18863162398338318,0.4100301265716553,0.2803649604320526,-1.4091055393218994,0.8532059788703918,1.5296779870986938,-0.13919547200202942,0.4159665107727051,0.3300653398036957,-1.3472424745559692,0.6912419199943542,1.4588377475738525,-0.0904119461774826,0.3847222924232483,1.4433166980743408,0.09530428797006607,0.6561836004257202,2.1285271644592285,-0.23597237467765808,0.38543495535850525,2.119188070297241,0.15976528823375702,0.6351028680801392,2.732602119445801,0.2927343249320984,0.37975436449050903,2.7114155292510986,0.5970178842544556,0.6403586268424988,2.819833517074585,0.3044220805168152,0.36834487318992615,2.7884976863861084,0.6280077695846558,0.5924752354621887,2.905235528945923,-0.3416830897331238,0.41839051246643066,2.9163784980773926,-0.06106545403599739,0.31733033061027527,0.46835771203041077,2.309000564082453e-07,0.36951541900634766,0.4579693078994751,-0.00633202213793993,0.41088244318962097,0.41870084404945374,-0.00416674604639411,0.4311521649360657,0.3807142972946167,-0.004525106865912676,0.43899887800216675,0.34337371587753296,-0.004201875999569893,0.4120538830757141,0.3348761200904846,0.020384687930345535,0.4374377429485321,0.28500980138778687,0.012559235095977783,0.45382457971572876,0.2508581280708313,0.0014556731330230832,0.4667695462703705,0.218744695186615,-0.006757873576134443,0.39888978004455566,0.31814759969711304,0.014371748082339764,0.4305722117424011,0.26423126459121704,0.007150406017899513,0.4509585499763489,0.2285945564508438,-0.004069965798407793,0.4685674011707306,0.19578547775745392,-0.011918545700609684,0.38141119480133057,0.3057247996330261,0.004522291477769613,0.41275280714035034,0.2537830173969269,-0.004301614128053188,0.43296942114830017,0.22052617371082306,-0.012253857217729092,0.4495972692966461,0.1909267157316208,-0.016981074586510658,0.35853493213653564,0.297278493642807,-0.007038145791739225,0.3836047351360321,0.2524954080581665,-0.01413891650736332,0.40021347999572754,0.22362126410007477,-0.016729027032852173,0.4159976840019226,0.19665320217609406,-0.01808818057179451
85,0.5851709842681885,0.3332405388355255,-0.6315827369689941,0.6171356439590454,0.2741607129573822,-0.5588131546974182,0.6331393122673035,0.2775152921676636,-0.5585061311721802,0.6478846669197083,0.2810652554035187,-0.5587133169174194,0.5602742433547974,0.26838064193725586,-0.5500759482383728,0.5401327610015869,0.2684601843357086,-0.5495496988296509,0.5213260650634766,0.2706197500228882,-0.5498001575469971,0.674758791923523,0.32172778248786926,-0.17879951000213623,0.49531692266464233,0.3134665787220001,-0.11586179584264755,0.6171420216560364,0.400892049074173,-0.5033007860183716,0.5442122220993042,0.4019151031970978,-0.4874687194824219,0.7956670522689819,0.6361218094825745,-0.0431818887591362,0.37097328901290894,0.6321794986724854,-0.07875990867614746,0.861415684223175,1.0065293312072754,-0.0339130237698555,0.12213219702243805,0.9220073819160461,-0.7067273855209351,0.8995469212532043,1.4549998044967651,-0.11348894983530045,0.33738061785697937,0.4253932237625122,-1.3929482698440552,0.9282488822937012,1.566234827041626,-0.1654890477657318,0.38926881551742554,0.29229971766471863,-1.568416714668274,0.8759267926216125,1.5603644847869873,-0.19054321944713593,0.4100206792354584,0.2799299955368042,-1.4328138828277588,0.8530495762825012,1.5261462926864624,-0.14032693207263947,0.4158394932746887,0.32961419224739075,-1.3679568767547607,0.6915384531021118,1.4586812257766724,-0.08717649430036545,0.3847372829914093,1.4431591033935547,0.09216109663248062,0.6562734842300415,2.1284945011138916,-0.23498740792274475,0.38534799218177795,2.118901491165161,0.14484119415283203,0.6350427865982056,2.73244309425354,0.2929838001728058,0.3793671131134033,2.711301565170288,0.5756275057792664,0.640241265296936,2.819643497467041,0.30466121435165405,0.3678674101829529,2.788421154022217,0.6057429313659668,0.5924683809280396,2.9050817489624023,-0.3410285711288452,0.41836124658584595,2.9161558151245117,-0.08438196778297424,0.31790927052497864,0.46693575382232666,2.3586858333146665e-07,0.3704744279384613,0.4565924406051636,-0.006844965275377035,0.41279810667037964,0.41898608207702637,-0.0050048488192260265,0.43348264694213867,0.3793567419052124,-0.005531782750040293,0.4416739344596863,0.3405650556087494,-0.005292265675961971,0.41446810960769653,0.3348202109336853,0.020724685862660408,0.44019827246665955,0.28500741720199585,0.0133851682767272,0.45640069246292114,0.25099819898605347,0.002581530949100852,0.46901097893714905,0.2186264842748642,-0.005429120734333992,0.40142136812210083,0.3178885579109192,0.01516603771597147,0.43286919593811035,0.26384350657463074,0.008424937725067139,0.45249539613723755,0.22826606035232544,-0.0025151546578854322,0.46908339858055115,0.19528897106647491,-0.010140135884284973,0.3839106261730194,0.30502620339393616,0.005747917108237743,0.41545334458351135,0.2531954050064087,-0.0025696135126054287,0.43524789810180664,0.2201690822839737,-0.010026954114437103,0.4513123631477356,0.19116756319999695,-0.014438464306294918,0.36087721586227417,0.296004980802536,-0.005441184621304274,0.38572630286216736,0.25126954913139343,-0.01190466620028019,0.40230613946914673,0.22283431887626648,-0.013965110294520855,0.4177735447883606,0.19667702913284302,-0.014933508820831776
86,0.5852795839309692,0.3331800699234009,-0.6512635350227356,0.6171489953994751,0.274091899394989,-0.5779304504394531,0.6331450939178467,0.2774330675601959,-0.5775622129440308,0.6478858590126038,0.2809769809246063,-0.5777369141578674,0.5603331923484802,0.2683531939983368,-0.5692570209503174,0.5402325391769409,0.26845070719718933,-0.5687192678451538,0.5214208960533142,0.27062225341796875,-0.5689547657966614,0.6747863292694092,0.32166609168052673,-0.19370593130588531,0.495283305644989,0.31351420283317566,-0.1313854306936264,0.6172131299972534,0.4008443057537079,-0.5212284922599792,0.5443500876426697,0.4019112288951874,-0.5054289102554321,0.7957603931427002,0.6360353231430054,-0.052011262625455856,0.3709452152252197,0.6316007375717163,-0.09125642478466034,0.8617416620254517,1.0063860416412354,-0.04568517953157425,0.1217837929725647,0.9213172197341919,-0.7215321660041809,0.899814248085022,1.4537334442138672,-0.1379144787788391,0.3380557894706726,0.424716979265213,-1.4241762161254883,0.9282781481742859,1.5644301176071167,-0.19168956577777863,0.3903732895851135,0.2920883595943451,-1.6015245914459229,0.8760426640510559,1.5584921836853027,-0.21390047669410706,0.4106963574886322,0.2797703146934509,-1.4717780351638794,0.8532440066337585,1.524421215057373,-0.16364188492298126,0.4160311222076416,0.3292660415172577,-1.4013268947601318,0.6917961835861206,1.4576854705810547,-0.08670759201049805,0.384738028049469,1.4422744512557983,0.09171586483716965,0.6564580798149109,2.127939224243164,-0.22040121257305145,0.3853271007537842,2.11820912361145,0.15052452683448792,0.6351415514945984,2.7318568229675293,0.326160192489624,0.3792925477027893,2.71091365814209,0.6066421270370483,0.640350878238678,2.8189008235931396,0.33985939621925354,0.36778175830841064,2.7880020141601562,0.6397545337677002,0.5925451517105103,2.9048712253570557,-0.30817076563835144,0.41835394501686096,2.916032552719116,-0.05406291037797928,0.3186612129211426,0.46629711985588074,2.216449814795851e-07,0.37153488397598267,0.45570698380470276,-0.004991086199879646,0.4131332337856293,0.41679704189300537,-0.0017998211551457644,0.4327964186668396,0.3788726031780243,-0.001475021825172007,0.44249534606933594,0.34128230810165405,-0.0004846377996727824,0.4131414294242859,0.3331787884235382,0.02390005812048912,0.4379907250404358,0.2832958698272705,0.017044013366103172,0.4548516571521759,0.24964860081672668,0.006501353345811367,0.46871641278266907,0.218581423163414,-0.0013707255711778998,0.4004620909690857,0.3166089355945587,0.017321188002824783,0.4306626617908478,0.2622372508049011,0.010837752372026443,0.45124730467796326,0.22696426510810852,-0.0003331284679006785,0.46954137086868286,0.19515900313854218,-0.008251676335930824,0.38352170586586,0.304031103849411,0.006805188488215208,0.4142279326915741,0.2519042193889618,-0.0014978826511651278,0.43480321764945984,0.21904994547367096,-0.009564858861267567,0.4522889256477356,0.19031071662902832,-0.014524904079735279,0.361301451921463,0.29529935121536255,-0.005355337169021368,0.38556310534477234,0.2498990297317505,-0.012014420703053474,0.40265753865242004,0.2212539166212082,-0.014636906795203686,0.41935643553733826,0.19518868625164032,-0.01617301255464554
87,0.5853865146636963,0.3331666886806488,-0.6603450179100037,0.617156445980072,0.2740343511104584,-0.5869361758232117,0.6331449151039124,0.2773457169532776,-0.5865592360496521,0.6478748321533203,0.280875563621521,-0.5867389440536499,0.5603454113006592,0.2683607339859009,-0.5787087082862854,0.5402446985244751,0.26850998401641846,-0.578168511390686,0.52143394947052,0.2707756757736206,-0.5783984661102295,0.6747767329216003,0.3216392397880554,-0.1995546668767929,0.4951063096523285,0.3138100206851959,-0.14064130187034607,0.6173285245895386,0.40080687403678894,-0.5286315679550171,0.5447152853012085,0.40190887451171875,-0.5139248371124268,0.7957857847213745,0.635776937007904,-0.05238832160830498,0.3709122836589813,0.6315773725509644,-0.10072548687458038,0.8619307279586792,1.00469172000885,-0.03768127039074898,0.12116984277963638,0.9212429523468018,-0.7375165820121765,0.8995604515075684,1.4466056823730469,-0.10762764513492584,0.3368843197822571,0.4246661365032196,-1.4481180906295776,0.9268245697021484,1.554587483406067,-0.15193545818328857,0.38951539993286133,0.2919379770755768,-1.625948190689087,0.8757664561271667,1.5483673810958862,-0.1744236946105957,0.41003379225730896,0.2796832323074341,-1.49755859375,0.8531914949417114,1.5155490636825562,-0.13200968503952026,0.41534486413002014,0.3290046751499176,-1.426324486732483,0.6931401491165161,1.4545363187789917,-0.0826135128736496,0.38558322191238403,1.4412562847137451,0.0876053124666214,0.6614699959754944,2.124582529067993,-0.20769354701042175,0.3888269066810608,2.116773843765259,0.14229051768779755,0.6442159414291382,2.7290711402893066,0.34386080503463745,0.38712093234062195,2.71026349067688,0.5942582488059998,0.6491982340812683,2.8157265186309814,0.3586826026439667,0.3759976029396057,2.787304401397705,0.6266793012619019,0.6052049994468689,2.902604818344116,-0.2885427176952362,0.42929044365882874,2.9148218631744385,-0.07020460069179535,0.31545495986938477,0.46646830439567566,2.2754416306725034e-07,0.36641043424606323,0.4580112099647522,-0.0048760101199150085,0.41094502806663513,0.4187082052230835,-0.002022675471380353,0.4324719309806824,0.3813447654247284,-0.0018190470291301608,0.4341372847557068,0.3465003967285156,-0.0009651597356423736,0.41144636273384094,0.3297666907310486,0.021141815930604935,0.43530312180519104,0.2777596116065979,0.0141889164224267,0.453070729970932,0.24441635608673096,0.003438156796619296,0.46828970313072205,0.21448366343975067,-0.004594098776578903,0.3980286717414856,0.3129659593105316,0.01474845502525568,0.42714571952819824,0.2581292986869812,0.008821854367852211,0.4484249949455261,0.22495035827159882,-0.0018877353286370635,0.4672659933567047,0.19589753448963165,-0.009450831450521946,0.3807477355003357,0.3012670874595642,0.0048143863677978516,0.41033560037612915,0.2487504482269287,-0.0023944624699652195,0.43182021379470825,0.21626204252243042,-0.010002896189689636,0.45013701915740967,0.1889646202325821,-0.01470403652638197,0.3581056594848633,0.2944980263710022,-0.0067981393076479435,0.38067299127578735,0.24799178540706635,-0.01224389299750328,0.3969433307647705,0.2183772325515747,-0.014207866042852402,0.4128079414367676,0.19245316088199615,-0.015312884002923965
88,0.5854098796844482,0.33317938446998596,-0.6622429490089417,0.6171086430549622,0.2740122675895691,-0.5894309282302856,0.6330934762954712,0.27731817960739136,-0.5890459418296814,0.6477935314178467,0.28084123134613037,-0.5892313718795776,0.5602961778640747,0.2684268057346344,-0.5810506343841553,0.5401709675788879,0.26870936155319214,-0.580506443977356,0.5213518142700195,0.27113863825798035,-0.5807386636734009,0.6747344136238098,0.3216255307197571,-0.20248202979564667,0.49479159712791443,0.3142178952693939,-0.14331525564193726,0.6173511743545532,0.4007914364337921,-0.5303946733474731,0.5447353720664978,0.40203383564949036,-0.5156285762786865,0.7958182096481323,0.6355524063110352,-0.05268365889787674,0.3709055483341217,0.6313982009887695,-0.10253582149744034,0.8622075319290161,1.0036025047302246,-0.029645714908838272,0.12077976763248444,0.9209230542182922,-0.7373085021972656,0.8994787335395813,1.443318247795105,-0.08883838355541229,0.33607855439186096,0.42428624629974365,-1.4476643800735474,0.9265344738960266,1.550881028175354,-0.13063867390155792,0.3891250193119049,0.2914925515651703,-1.6249182224273682,0.8756470680236816,1.5445438623428345,-0.15443406999111176,0.4097215235233307,0.2794179618358612,-1.4979441165924072,0.8531311750411987,1.5118802785873413,-0.1132233589887619,0.414986789226532,0.32853344082832336,-1.4265516996383667,0.693839967250824,1.4533151388168335,-0.0800921693444252,0.3859986960887909,1.4408295154571533,0.08507340401411057,0.6635664105415344,2.123002052307129,-0.2034757435321808,0.38987109065055847,2.1159372329711914,0.13874728977680206,0.6469610929489136,2.7277276515960693,0.34435123205184937,0.38867828249931335,2.710024118423462,0.5884449481964111,0.6517457365989685,2.8141133785247803,0.3589158356189728,0.37760648131370544,2.787116289138794,0.620588481426239,0.6087985038757324,2.901911973953247,-0.2870408892631531,0.4315294325351715,2.9143190383911133,-0.07548224925994873,0.3143518269062042,0.4676567018032074,2.1605580968753202e-07,0.3663409650325775,0.45664122700691223,-0.003536717966198921,0.41097649931907654,0.4166314899921417,2.1409539840533398e-05,0.43257901072502136,0.38017165660858154,0.0005377588095143437,0.434007853269577,0.3467696011066437,0.0016418959712609649,0.4105040431022644,0.3297712206840515,0.023287193849682808,0.43366724252700806,0.27695780992507935,0.01653349958360195,0.4511559307575226,0.243713840842247,0.0058296360075473785,0.4664885401725769,0.21383628249168396,-0.002186562865972519,0.39751604199409485,0.31345614790916443,0.01606758125126362,0.4264449179172516,0.25797051191329956,0.01031878124922514,0.447739839553833,0.2246410995721817,-0.00044182981946505606,0.46701496839523315,0.19519084692001343,-0.008043920621275902,0.38050395250320435,0.30171287059783936,0.005257673095911741,0.41020071506500244,0.2496429681777954,-0.0017466368153691292,0.43180274963378906,0.21736188232898712,-0.009316566400229931,0.45049071311950684,0.18979071080684662,-0.014075441285967827,0.3581273853778839,0.2943817675113678,-0.007195403799414635,0.38087916374206543,0.24775725603103638,-0.012296023778617382,0.39712485671043396,0.2192068099975586,-0.013894106261432171,0.41320642828941345,0.19389313459396362,-0.014851986430585384
89,0.585283637046814,0.33516165614128113,-0.6409550309181213,0.616902232170105,0.27405062317848206,-0.5735211372375488,0.6329036951065063,0.27733689546585083,-0.5730835199356079,0.6475402116775513,0.28090736269950867,-0.5732511281967163,0.5599192380905151,0.2692393660545349,-0.5636993646621704,0.5394889116287231,0.27035078406333923,-0.5631276369094849,0.5204631686210632,0.27361661195755005,-0.5632913112640381,0.6744858026504517,0.3216838836669922,-0.20057256519794464,0.4941112995147705,0.31626564264297485,-0.13891643285751343,0.617357611656189,0.4022766649723053,-0.5153921842575073,0.5447471737861633,0.40517935156822205,-0.4991442561149597,0.7958259582519531,0.6353685259819031,-0.04896582290530205,0.3709089756011963,0.6313039064407349,-0.0737849771976471,0.8621957898139954,0.9975231289863586,0.0064793722704052925,0.12088016420602798,0.9200141429901123,-0.6494088172912598,0.9009194374084473,1.43132483959198,-0.06162726879119873,0.30507713556289673,0.42770159244537354,-1.3692854642868042,0.927283763885498,1.5368573665618896,-0.10521896183490753,0.3486897349357605,0.2938387095928192,-1.5428745746612549,0.8786296844482422,1.5291616916656494,-0.13364090025424957,0.3780148923397064,0.2832793891429901,-1.4209425449371338,0.8571259379386902,1.4971401691436768,-0.08793424814939499,0.3902076482772827,0.3392684757709503,-1.350165605545044,0.6988532543182373,1.4486194849014282,-0.07413484156131744,0.393036425113678,1.438633680343628,0.07910239696502686,0.6748422384262085,2.115731716156006,-0.210664302110672,0.3993329405784607,2.1131622791290283,0.14043626189231873,0.6620521545410156,2.7213118076324463,0.28633183240890503,0.4002225399017334,2.707313060760498,0.5883945226669312,0.6668927669525146,2.8070013523101807,0.2964836359024048,0.38923344016075134,2.7838146686553955,0.6204720139503479,0.6268693208694458,2.896207094192505,-0.3408266305923462,0.44639021158218384,2.910505771636963,-0.07262913137674332,,,,,,,,,,,,,,,,,,,,,,,,,,,,,,,,,,,,,,,,,,,,,,,,,,,,,,,,,,,,,,,
90,0.5852179527282715,0.33635157346725464,-0.6369179487228394,0.6167374849319458,0.2740626633167267,-0.5707295536994934,0.6327439546585083,0.27734535932540894,-0.5702816247940063,0.6473181247711182,0.2809666693210602,-0.5704458951950073,0.5596203207969666,0.2696921229362488,-0.5606018900871277,0.5389572978019714,0.27128538489341736,-0.5600196719169617,0.5197714567184448,0.2750323712825775,-0.5601601004600525,0.6742628216743469,0.32176509499549866,-0.2005981206893921,0.49345165491104126,0.3175095021724701,-0.13867707550525665,0.6173743009567261,0.40341001749038696,-0.5125441551208496,0.5447500944137573,0.4072559177875519,-0.4959365725517273,0.7958329916000366,0.6353162527084351,-0.0494055412709713,0.37075942754745483,0.6312835216522217,-0.06279043108224869,0.8622256517410278,0.9953049421310425,0.013039852492511272,0.1209680587053299,0.91997891664505,-0.6235658526420593,0.9028369188308716,1.4284660816192627,-0.05727074295282364,0.2937859892845154,0.42984798550605774,-1.3411657810211182,0.9288927316665649,1.5341942310333252,-0.10291863977909088,0.3357993960380554,0.29533651471138,-1.5138944387435913,0.8814783096313477,1.5262792110443115,-0.132418692111969,0.36640605330467224,0.2856847643852234,-1.3929998874664307,0.8604215383529663,1.493971586227417,-0.08425735682249069,0.3799594044685364,0.3450266420841217,-1.3226964473724365,0.7019262909889221,1.4469672441482544,-0.07222872972488403,0.39701464772224426,1.4380462169647217,0.07721028476953506,0.6800193190574646,2.1132049560546875,-0.2179567813873291,0.403923362493515,2.1125428676605225,0.14779815077781677,0.6677864193916321,2.719182014465332,0.2699167728424072,0.40504246950149536,2.7067673206329346,0.594545841217041,0.6726304888725281,2.8047051429748535,0.27987557649612427,0.3941393792629242,2.7831685543060303,0.6266697645187378,0.6328293681144714,2.8945186138153076,-0.35748037695884705,0.4514605402946472,2.9095165729522705,-0.05902338773012161,,,,,,,,,,,,,,,,,,,,,,,,,,,,,,,,,,,,,,,,,,,,,,,,,,,,,,,,,,,,,,,
91,0.5847013592720032,0.3367108106613159,-0.6273502707481384,0.6156942248344421,0.274236798286438,-0.5675601959228516,0.6316665410995483,0.2775568962097168,-0.5671249628067017,0.6458919644355774,0.28132811188697815,-0.567368745803833,0.559492826461792,0.2698045074939728,-0.5569828152656555,0.5389601588249207,0.2713092565536499,-0.5563632249832153,0.5198484063148499,0.2750166058540344,-0.556489884853363,0.6724033951759338,0.32182639837265015,-0.2084697037935257,0.4941147267818451,0.31718650460243225,-0.14848336577415466,0.6171404123306274,0.40341222286224365,-0.5075014233589172,0.5448920130729675,0.4072428047657013,-0.4908270239830017,0.7948417663574219,0.6327374577522278,-0.053941018879413605,0.3742232322692871,0.6092522144317627,-0.06484711170196533,0.8618154525756836,0.9933692216873169,-0.004848371259868145,0.13036876916885376,0.8886727094650269,-0.5960015058517456,0.8950322866439819,1.4070022106170654,-0.15570148825645447,0.19695353507995605,0.43219682574272156,-1.3310296535491943,0.91893070936203,1.5070890188217163,-0.22529883682727814,0.2176963984966278,0.29202619194984436,-1.5061609745025635,0.8744465112686157,1.491631269454956,-0.271525114774704,0.2694720923900604,0.26038065552711487,-1.4067673683166504,0.8542038798332214,1.4602980613708496,-0.19188623130321503,0.2730712294578552,0.3298374116420746,-1.329470157623291,0.6959060430526733,1.4151421785354614,-0.04630538448691368,0.3968830406665802,1.400100827217102,0.05100526660680771,0.6768210530281067,2.072463035583496,-0.18546319007873535,0.4033392369747162,2.0604565143585205,0.002193167107179761,0.6644012331962585,2.6751694679260254,0.2548803389072418,0.4016668200492859,2.6555845737457275,0.28765013813972473,0.6687606573104858,2.7579498291015625,0.2610763907432556,0.388947457075119,2.7330262660980225,0.3028169870376587,0.6301441192626953,2.8501274585723877,-0.3550936281681061,0.44428306818008423,2.8489863872528076,-0.3470306992530823,,,,,,,,,,,,,,,,,,,,,,,,,,,,,,,,,,,,,,,,,,,,,,,,,,,,,,,,,,,,,,,
92,0.5847421288490295,0.3370136320590973,-0.5831719636917114,0.6156946420669556,0.2744131088256836,-0.5322646498680115,0.6316519975662231,0.2777092158794403,-0.5319391489028931,0.6457675695419312,0.28149697184562683,-0.5322622060775757,0.5595004558563232,0.2700727581977844,-0.5227969884872437,0.5390300750732422,0.2714487612247467,-0.5220911502838135,0.5200181603431702,0.27505841851234436,-0.5222640633583069,0.6716347932815552,0.321715384721756,-0.19998838007450104,0.49490004777908325,0.31712859869003296,-0.14558640122413635,0.617148220539093,0.40353795886039734,-0.4673369824886322,0.5452156662940979,0.40747177600860596,-0.45249372720718384,0.7948927283287048,0.632560670375824,-0.05584820359945297,0.37531107664108276,0.6032722592353821,-0.06639949977397919,0.8618615865707397,0.9887990951538086,-0.06260790675878525,0.16497889161109924,0.8668774962425232,-0.5678784251213074,0.8833267092704773,1.3946586847305298,-0.286266028881073,0.11043114960193634,0.48677003383636475,-1.3455605506896973,0.8992886543273926,1.4984362125396729,-0.365348219871521,0.08748887479305267,0.3110431730747223,-1.5207712650299072,0.8555521965026855,1.4728310108184814,-0.41257697343826294,0.13415995240211487,0.26359301805496216,-1.5022194385528564,0.8383714556694031,1.439597725868225,-0.32272687554359436,0.14416848123073578,0.34908658266067505,-1.3670215606689453,0.6970325112342834,1.418460488319397,-0.026996949687600136,0.39960184693336487,1.4039374589920044,0.03168867155909538,0.6773022413253784,2.068662643432617,-0.12600192427635193,0.40396633744239807,2.057647943496704,-0.031247790902853012,0.6639107465744019,2.663189172744751,0.2833566963672638,0.40079110860824585,2.6446993350982666,0.22604434192180634,0.6686095595359802,2.7457566261291504,0.28831565380096436,0.38827866315841675,2.722259283065796,0.23819783329963684,0.6281238794326782,2.836945056915283,-0.2500213086605072,0.4432234764099121,2.835663318634033,-0.3756329119205475,,,,,,,,,,,,,,,,,,,,,,,,,,,,,,,,,,,,,,,,,,,,,,,,,,,,,,,,,,,,,,,
93,0.5849854350090027,0.3372271955013275,-0.5654246211051941,0.6157885193824768,0.27452585101127625,-0.51497882604599,0.6316712498664856,0.2778107225894928,-0.5146839022636414,0.6457494497299194,0.28160783648490906,-0.5150097012519836,0.559616208076477,0.27026858925819397,-0.5064374804496765,0.5392608046531677,0.2715630531311035,-0.5057159662246704,0.5203613042831421,0.2751021683216095,-0.5058938264846802,0.6711173057556152,0.3216072916984558,-0.18971559405326843,0.49563831090927124,0.31709280610084534,-0.1407143622636795,0.6172442436218262,0.40362748503685,-0.44992774724960327,0.5457822680473328,0.40766194462776184,-0.43625837564468384,0.7949946522712708,0.6324759721755981,-0.055905379354953766,0.37599605321884155,0.6004554629325867,-0.06696076691150665,0.8620610237121582,0.9849902391433716,-0.0730435773730278,0.1767224371433258,0.8557167053222656,-0.5585461258888245,0.8800479173660278,1.3886324167251587,-0.29167285561561584,0.10141255706548691,0.49889296293258667,-1.352937936782837,0.8947545886039734,1.4949452877044678,-0.3685897886753082,0.07444336265325546,0.31850987672805786,-1.5270416736602783,0.8507458567619324,1.466984510421753,-0.4155489504337311,0.12078604847192764,0.26380887627601624,-1.5185067653656006,0.8340615034103394,1.4328655004501343,-0.32763487100601196,0.13112424314022064,0.35692098736763,-1.3781741857528687,0.6978093981742859,1.420563817024231,-0.020508063957095146,0.40116724371910095,1.4064106941223145,0.025193195790052414,0.6776825189590454,2.06640887260437,-0.11035090684890747,0.40469712018966675,2.056259870529175,-0.03627101704478264,0.6638771295547485,2.6569340229034424,0.30058565735816956,0.4002896249294281,2.639633893966675,0.22055955231189728,0.6688192486763,2.7392327785491943,0.3059576451778412,0.38800591230392456,2.716993808746338,0.23282761871814728,0.6272664666175842,2.8303468227386475,-0.22164490818977356,0.4428013265132904,2.830181837081909,-0.37508100271224976,,,,,,,,,,,,,,,,,,,,,,,,,,,,,,,,,,,,,,,,,,,,,,,,,,,,,,,,,,,,,,,
94,0.5878611207008362,0.33630630373954773,-0.5664217472076416,0.6184777617454529,0.2742484509944916,-0.5121743679046631,0.6337016820907593,0.27773573994636536,-0.5118349194526672,0.6479867100715637,0.2816067337989807,-0.5120341181755066,0.5623127222061157,0.2689339816570282,-0.507405161857605,0.5419886112213135,0.2694280445575714,-0.506718099117279,0.5233355164527893,0.271927148103714,-0.5068753957748413,0.6716753244400024,0.32162126898765564,-0.1817881166934967,0.49731746315956116,0.3151756227016449,-0.14554430544376373,0.6181928515434265,0.40322190523147583,-0.4494141936302185,0.5475955009460449,0.4068087041378021,-0.4405643939971924,0.7950021028518677,0.6319257020950317,-0.05546578764915466,0.37599998712539673,0.601209282875061,-0.08672337234020233,0.8619933128356934,0.9818121790885925,-0.07071233540773392,0.19204004108905792,0.8608729839324951,-0.575762927532196,0.8735505938529968,1.3841933012008667,-0.311327189207077,0.052257753908634186,0.5440245270729065,-1.3905385732650757,0.8872414827346802,1.492616891860962,-0.38706114888191223,0.015044311992824078,0.34867173433303833,-1.5591922998428345,0.8427717089653015,1.4645531177520752,-0.43972572684288025,0.07375045120716095,0.27592384815216064,-1.5823112726211548,0.8272762298583984,1.429386854171753,-0.35026878118515015,0.07437644898891449,0.3844784200191498,-1.4369711875915527,0.6987441182136536,1.4219448566436768,-0.004221437033265829,0.40371331572532654,1.4073618650436401,0.009157860651612282,0.6773753762245178,2.0639123916625977,-0.09250031411647797,0.40445461869239807,2.0562686920166016,-0.06521330028772354,0.6632766723632812,2.6554205417633057,0.3247417211532593,0.39996272325515747,2.6380255222320557,0.17944291234016418,0.668251633644104,2.7387163639068604,0.3309057652950287,0.3876732289791107,2.7149150371551514,0.1886274367570877,0.6265805959701538,2.8233554363250732,-0.19238045811653137,0.44259586930274963,2.826794147491455,-0.42048168182373047,0.03787722438573837,0.49889713525772095,4.943105977872619e-07,0.0911131352186203,0.4153796434402466,-0.026379184797406197,0.11318913102149963,0.30790019035339355,-0.032434139400720596,0.11036411672830582,0.2211216688156128,-0.039444699883461,0.10581715404987335,0.1486348658800125,-0.045414526015520096,0.06325297057628632,0.16638769209384918,0.012736001051962376,0.056672677397727966,0.05293542146682739,-0.0037138385232537985,0.04752127081155777,-0.015892982482910156,-0.02430715039372444,0.042729783803224564,-0.07748827338218689,-0.04021386057138443,0.027971966192126274,0.16628208756446838,0.010747913271188736,0.01883264072239399,0.04012933373451233,-0.004093227908015251,0.01204475574195385,-0.03454682230949402,-0.02738720178604126,0.009828180074691772,-0.10281327366828918,-0.044942185282707214,-0.005466248840093613,0.184389129281044,0.002397865289822221,-0.01984405145049095,0.07175858318805695,-0.014054342173039913,-0.026385590434074402,0.002064734697341919,-0.030763106420636177,-0.029620103538036346,-0.056887686252593994,-0.04272029921412468,-0.03709559142589569,0.2202765941619873,-0.00975196436047554,-0.04995724558830261,0.1338735967874527,-0.023193012923002243,-0.055537089705467224,0.07938742637634277,-0.030291464179754257,-0.05850327014923096,0.02708759903907776,-0.035440392792224884
95,0.5915111303329468,0.3355792760848999,-0.5504867434501648,0.6214858293533325,0.27411624789237976,-0.49752670526504517,0.636056125164032,0.27770498394966125,-0.49720343947410583,0.6505708694458008,0.28161317110061646,-0.4974457621574402,0.5664422512054443,0.2679000794887543,-0.49488815665245056,0.546159029006958,0.2675967812538147,-0.4942184388637543,0.5278173685073853,0.26892343163490295,-0.4944174885749817,0.6727299094200134,0.3216311037540436,-0.16896609961986542,0.499805212020874,0.31309446692466736,-0.14529891312122345,0.6198781728744507,0.4025365114212036,-0.4333783984184265,0.5510208010673523,0.40523144602775574,-0.4276527464389801,0.7948462963104248,0.6301171183586121,-0.04681715741753578,0.37599366903305054,0.6000000238418579,-0.08651851862668991,0.8618809580802917,0.9702816009521484,-0.06520695984363556,0.19157695770263672,0.8642643094062805,-0.5647754669189453,0.8668220639228821,1.3714540004730225,-0.2868291735649109,0.06143388897180557,0.5536346435546875,-1.3889315128326416,0.8797348141670227,1.4812055826187134,-0.3591190576553345,0.019838083535432816,0.3524819016456604,-1.5553934574127197,0.8356339335441589,1.451398253440857,-0.40988126397132874,0.06758911907672882,0.279199481010437,-1.561038613319397,0.8207464218139648,1.4157603979110718,-0.3246511220932007,0.10080770403146744,0.37939581274986267,-1.4269466400146484,0.6967139840126038,1.4207780361175537,-0.0012937630526721478,0.40257328748703003,1.4075427055358887,0.0060975877568125725,0.6734169125556946,2.055075168609619,-0.10522980988025665,0.4007214605808258,2.0479283332824707,-0.06676297634840012,0.6574689149856567,2.647099256515503,0.31328850984573364,0.3929991126060486,2.629074811935425,0.1700771003961563,0.6614197492599487,2.730634927749634,0.3181920349597931,0.380585253238678,2.7063417434692383,0.17926025390625,0.6228594779968262,2.8149192333221436,-0.2171790897846222,0.4364714026451111,2.8154759407043457,-0.4244317412376404,0.04737648367881775,0.48959746956825256,3.0036363796170917e-07,0.100090891122818,0.40847355127334595,-0.019102007150650024,0.11727625131607056,0.30285710096359253,-0.021128680557012558,0.10992348194122314,0.21986448764801025,-0.02412889525294304,0.10556957125663757,0.15746675431728363,-0.026571182534098625,0.06566354632377625,0.17912231385707855,0.00960402749478817,0.056297533214092255,0.06731845438480377,-0.0056273904629051685,0.04771196469664574,-0.00042714178562164307,-0.02309691160917282,0.040369078516960144,-0.05881437659263611,-0.03668820858001709,0.03193477913737297,0.180267795920372,0.0056224726140499115,0.021605350077152252,0.055990979075431824,-0.009101596660912037,0.01607079803943634,-0.018967822194099426,-0.027826491743326187,0.01159723475575447,-0.0839533805847168,-0.041421420872211456,0.001525387167930603,0.1996234506368637,-0.0033586551435291767,-0.013960864394903183,0.08798263967037201,-0.02004116214811802,-0.017873819917440414,0.01926359534263611,-0.03365089371800423,-0.020795948803424835,-0.03756135702133179,-0.04285599663853645,-0.027633797377347946,0.23687265813350677,-0.01519301999360323,-0.040429193526506424,0.15803420543670654,-0.028827503323554993,-0.04365738853812218,0.10945473611354828,-0.03432778641581535,-0.044447798281908035,0.06525959074497223,-0.03791046515107155
96,0.594466507434845,0.33487266302108765,-0.5489866733551025,0.6238835453987122,0.2740357518196106,-0.4946446418762207,0.6380096673965454,0.27769890427589417,-0.4943379759788513,0.6526740789413452,0.2816683351993561,-0.4945951998233795,0.5695377588272095,0.2668057978153229,-0.49441415071487427,0.5492334961891174,0.2656887471675873,-0.4938232898712158,0.5310664772987366,0.2658878266811371,-0.49405282735824585,0.6737455725669861,0.321672648191452,-0.15985575318336487,0.5016506910324097,0.3102525770664215,-0.14655663073062897,0.6211774945259094,0.40212196111679077,-0.429212749004364,0.5534764528274536,0.4036783277988434,-0.4269068241119385,0.7941408753395081,0.6294825673103333,-0.03181212395429611,0.3758866488933563,0.5992400646209717,-0.09209944307804108,0.8612233996391296,0.9605008363723755,-0.0461157001554966,0.19071634113788605,0.866249144077301,-0.5750929117202759,0.8552664518356323,1.3635938167572021,-0.2696003019809723,0.06509460508823395,0.5554883480072021,-1.4014010429382324,0.8663771748542786,1.4741567373275757,-0.33768230676651,0.02153325453400612,0.35470494627952576,-1.5669116973876953,0.8219555020332336,1.4446789026260376,-0.38739708065986633,0.06666208803653717,0.2826822102069855,-1.579410433769226,0.8077846765518188,1.4089164733886719,-0.30657628178596497,0.07967493683099747,0.3830558955669403,-1.4412102699279785,0.6942483186721802,1.4205065965652466,0.0054470812901854515,0.40082335472106934,1.4077945947647095,-0.0008549716440029442,0.666404128074646,2.052485227584839,-0.09710501879453659,0.3962785601615906,2.0433146953582764,-0.10657203197479248,0.6471313238143921,2.6448569297790527,0.3083683252334595,0.38484472036361694,2.6243486404418945,0.10048743337392807,0.649677574634552,2.7289700508117676,0.3120615780353546,0.37223708629608154,2.701488971710205,0.1054457277059555,0.6143385171890259,2.8114683628082275,-0.2216954529285431,0.42801910638809204,2.810127019882202,-0.49647822976112366,0.050974443554878235,0.48269888758659363,3.2965402851914405e-07,0.10057319700717926,0.4029029309749603,-0.02078855410218239,0.11689861863851547,0.3005983531475067,-0.02454317919909954,0.11000309884548187,0.21905417740345,-0.028879953548312187,0.10485420376062393,0.15747204422950745,-0.03268435597419739,0.06310653686523438,0.18561489880084991,0.005809558555483818,0.055316150188446045,0.08015193045139313,-0.010984720662236214,0.04673872888088226,0.01446986198425293,-0.029148926958441734,0.0394706130027771,-0.0425453782081604,-0.042900651693344116,0.028862731531262398,0.18649502098560333,0.0025035799480974674,0.019341113045811653,0.07106685638427734,-0.012675120495259762,0.014006106182932854,-0.0017760992050170898,-0.03007347881793976,0.010433478280901909,-0.06524577736854553,-0.0425448939204216,-0.0021459683775901794,0.20560595393180847,-0.005941815674304962,-0.018933426588773727,0.102405846118927,-0.02252005599439144,-0.02420322597026825,0.03724275529384613,-0.03482681140303612,-0.027248308062553406,-0.01716656982898712,-0.043025318533182144,-0.031610630452632904,0.24301442503929138,-0.017438149079680443,-0.05014532059431076,0.17123129963874817,-0.031502000987529755,-0.056322626769542694,0.127241313457489,-0.03670268505811691,-0.05889924615621567,0.08812843263149261,-0.03970608115196228
97,0.5962963700294495,0.33456483483314514,-0.5317243337631226,0.6252428889274597,0.27397119998931885,-0.48024386167526245,0.6389936208724976,0.27769118547439575,-0.4799741208553314,0.6535571813583374,0.2816934883594513,-0.48020800948143005,0.5713471174240112,0.26614969968795776,-0.4765431880950928,0.5508521795272827,0.2646230161190033,-0.47597113251686096,0.5325630903244019,0.26429250836372375,-0.4762366712093353,0.6741325259208679,0.32165956497192383,-0.15257281064987183,0.5025524497032166,0.30841952562332153,-0.12964925169944763,0.6219338774681091,0.4018799066543579,-0.4148574769496918,0.555114209651947,0.40302765369415283,-0.4080357551574707,0.7937541007995605,0.6275613903999329,-0.029925251379609108,0.37610331177711487,0.5990778803825378,-0.06964661926031113,0.8606857061386108,0.9588442444801331,-0.045889563858509064,0.19087424874305725,0.8751088976860046,-0.5273370146751404,0.8574997186660767,1.3648812770843506,-0.2964067757129669,0.08678565174341202,0.5776368975639343,-1.3771870136260986,0.8707402944564819,1.4749503135681152,-0.3733740448951721,0.02536424621939659,0.4244767725467682,-1.543670415878296,0.8259770274162292,1.4458152055740356,-0.42814263701438904,0.07504697144031525,0.3170892000198364,-1.5626955032348633,0.8107132911682129,1.4100669622421265,-0.33565443754196167,0.109757199883461,0.4014798402786255,-1.4245281219482422,0.6939665079116821,1.4203482866287231,-0.0001691564393695444,0.4008297324180603,1.4078701734542847,0.004768378101289272,0.666170597076416,2.050469160079956,-0.10144642740488052,0.395693838596344,2.0421066284179688,-0.08463207632303238,0.6468755006790161,2.6452713012695312,0.264503538608551,0.384925901889801,2.6248466968536377,0.12766608595848083,0.6495410203933716,2.729123115539551,0.26863330602645874,0.37241488695144653,2.701347589492798,0.13424193859100342,0.6142091155052185,2.8120248317718506,-0.24550291895866394,0.427931547164917,2.811048746109009,-0.4655860960483551,0.06873855739831924,0.494598925113678,4.158046351676603e-07,0.11610116809606552,0.41719555854797363,-0.03213656321167946,0.13498744368553162,0.31516775488853455,-0.043296605348587036,0.13154399394989014,0.23533089458942413,-0.053147092461586,0.12725037336349487,0.16932275891304016,-0.06255724281072617,0.07660824060440063,0.20715302228927612,-0.012605546973645687,0.07132189720869064,0.1028168797492981,-0.035978302359580994,0.06398665904998779,0.037168726325035095,-0.05863357335329056,0.05759292095899582,-0.01937440037727356,-0.07521189004182816,0.03719951957464218,0.21107178926467896,-0.012709622271358967,0.02505967766046524,0.09908650815486908,-0.03432238847017288,0.016647709533572197,0.030463919043540955,-0.05765469744801521,0.008747890591621399,-0.02822977304458618,-0.07438158988952637,0.0022533871233463287,0.23437945544719696,-0.01808197610080242,-0.018263887614011765,0.13671553134918213,-0.03944399207830429,-0.026818562299013138,0.07628153264522552,-0.05632537230849266,-0.03374292701482773,0.02800782024860382,-0.06783083081245422,-0.02958884835243225,0.2747558057308197,-0.02706950716674328,-0.04924892634153366,0.2020779401063919,-0.044961173087358475,-0.05797424167394638,0.15582597255706787,-0.05360537767410278,-0.06438646465539932,0.11568231880664825,-0.05930354446172714
98,0.5967150926589966,0.3345583379268646,-0.5416892766952515,0.6253180503845215,0.2739846408367157,-0.4891986846923828,0.6390225887298584,0.2777594029903412,-0.48891958594322205,0.6535112857818604,0.2818687856197357,-0.4891684949398041,0.5715640187263489,0.26611557602882385,-0.4844368100166321,0.5511437654495239,0.2645505666732788,-0.4838610291481018,0.5327840447425842,0.26420754194259644,-0.4841209053993225,0.674076497554779,0.32165029644966125,-0.15556076169013977,0.5027393698692322,0.3079610764980316,-0.12984204292297363,0.6221663355827332,0.40186792612075806,-0.4238918721675873,0.5560503602027893,0.4029064476490021,-0.41506248712539673,0.7931270599365234,0.6246683597564697,-0.031348444521427155,0.3766811490058899,0.5984615683555603,-0.07035307586193085,0.859869658946991,0.9571360945701599,-0.046570274978876114,0.1927810162305832,0.8749096393585205,-0.5441252589225769,0.8591955304145813,1.3616403341293335,-0.29157549142837524,0.10387666523456573,0.5626329183578491,-1.3864445686340332,0.8732617497444153,1.471143364906311,-0.36452728509902954,0.05573216825723648,0.4048595428466797,-1.552077293395996,0.8285218477249146,1.4433363676071167,-0.41603153944015503,0.10257934033870697,0.31752410531044006,-1.5679757595062256,0.812756359577179,1.4079859256744385,-0.3286275565624237,0.13544049859046936,0.3984970152378082,-1.42875075340271,0.6918232440948486,1.4204237461090088,-0.004022241570055485,0.4007318913936615,1.4071763753890991,0.008706334047019482,0.6618651151657104,2.050874710083008,-0.11053411662578583,0.39152246713638306,2.040461778640747,-0.08115674555301666,0.6397708654403687,2.6456458568573,0.2693227231502533,0.37748369574546814,2.6235876083374023,0.13647054135799408,0.6422981023788452,2.728834629058838,0.2745881676673889,0.3650451898574829,2.699368953704834,0.14469271898269653,0.6064222455024719,2.81258487701416,-0.24079760909080505,0.4185100495815277,2.8098723888397217,-0.458620548248291,0.09444020688533783,0.49306154251098633,3.2502163094250136e-07,0.14328601956367493,0.41352081298828125,-0.02019808441400528,0.16294004023075104,0.31862932443618774,-0.026278117671608925,0.15868426859378815,0.2447633147239685,-0.034163836389780045,0.15633252263069153,0.1867167353630066,-0.04231945425271988,0.11265471577644348,0.21262884140014648,0.0013612959301099181,0.10770745575428009,0.11406464874744415,-0.018787719309329987,0.10029097646474838,0.049923911690711975,-0.03922424837946892,0.09193623065948486,-0.004349410533905029,-0.0543006956577301,0.07315331697463989,0.2134658694267273,-0.006167704705148935,0.06575081497430801,0.10460351407527924,-0.025226691737771034,0.058400608599185944,0.034805700182914734,-0.0468224436044693,0.052287135273218155,-0.02300351858139038,-0.06220081448554993,0.03568611294031143,0.23268286883831024,-0.018838362768292427,0.0228553619235754,0.1338670253753662,-0.0384318009018898,0.01632516086101532,0.06731940805912018,-0.05564111843705177,0.013734918087720871,0.012349173426628113,-0.0673128217458725,-0.003642447292804718,0.27068036794662476,-0.03443697839975357,-0.03128786012530327,0.19634871184825897,-0.052198417484760284,-0.044981349259614944,0.14536182582378387,-0.061341721564531326,-0.05260540917515755,0.10094541311264038,-0.06718248128890991
99,0.5969652533531189,0.3345566689968109,-0.5455872416496277,0.625354528427124,0.27398842573165894,-0.49394693970680237,0.6390408277511597,0.2777842879295349,-0.4936675429344177,0.6534719467163086,0.2819361984729767,-0.49393153190612793,0.5717054009437561,0.26611581444740295,-0.48837846517562866,0.5513538718223572,0.2645564675331116,-0.4878038465976715,0.5329192876815796,0.26424577832221985,-0.48806118965148926,0.6740432977676392,0.3215843737125397,-0.15626260638237,0.5028542280197144,0.30777475237846375,-0.12999491393566132,0.6223506927490234,0.40184953808784485,-0.4277550280094147,0.5567733645439148,0.4028758108615875,-0.4173490107059479,0.792749285697937,0.6223467588424683,-0.03253548592329025,0.37745529413223267,0.5974399447441101,-0.07005541026592255,0.8592368960380554,0.956330418586731,-0.052738599479198456,0.19572636485099792,0.8736583590507507,-0.5472192764282227,0.8590282201766968,1.3588223457336426,-0.2994118332862854,0.11235503107309341,0.5564308166503906,-1.391038179397583,0.8727189302444458,1.4673606157302856,-0.3729434013366699,0.06652534008026123,0.3991082012653351,-1.557401418685913,0.8282532691955566,1.4399399757385254,-0.42341288924217224,0.11244722455739975,0.3189777433872223,-1.570891261100769,0.8124798536300659,1.4049174785614014,-0.3354390859603882,0.14645898342132568,0.3979404866695404,-1.430564284324646,0.6902088522911072,1.4197150468826294,-0.006127391941845417,0.400668203830719,1.4053913354873657,0.010925980284810066,0.6586561799049377,2.049800395965576,-0.11333908885717392,0.38882145285606384,2.037527322769165,-0.0760653167963028,0.6346762776374817,2.6443114280700684,0.27034005522727966,0.3727920651435852,2.621161699295044,0.149526908993721,0.6371743083000183,2.726729154586792,0.2756924033164978,0.36054590344429016,2.696668863296509,0.15873047709465027,0.6004189848899841,2.8113059997558594,-0.23240125179290771,0.41203221678733826,2.8070027828216553,-0.4444451928138733,0.08845612406730652,0.4929957687854767,4.1792566207732307e-07,0.14145779609680176,0.41465142369270325,-0.026815064251422882,0.16029547154903412,0.3152438998222351,-0.03384314477443695,0.15687330067157745,0.23960205912590027,-0.04022635146975517,0.153337299823761,0.1810137778520584,-0.04598388448357582,0.10741013288497925,0.21472977101802826,-0.005180857609957457,0.10242676734924316,0.11590667068958282,-0.024365073069930077,0.0934763103723526,0.052039265632629395,-0.04357678443193436,0.0829610601067543,-0.0011029839515686035,-0.057494208216667175,0.0676184743642807,0.21660827100276947,-0.0068651060573756695,0.06008381024003029,0.10761289298534393,-0.023357965052127838,0.0518135242164135,0.0385817289352417,-0.04110104218125343,0.04519156739115715,-0.01552918553352356,-0.053751390427351,0.029995005577802658,0.23704077303409576,-0.013941671699285507,0.017127837985754013,0.1389601081609726,-0.030809011310338974,0.012232184410095215,0.0743350088596344,-0.044696539640426636,0.010786805301904678,0.022191599011421204,-0.05424119159579277,-0.008960284292697906,0.27543482184410095,-0.024427028372883797,-0.028293468058109283,0.20369309186935425,-0.040460631251335144,-0.038219720125198364,0.15685565769672394,-0.04805968701839447,-0.04470402002334595,0.11517012119293213,-0.05267293378710747
100,0.5976154804229736,0.33439454436302185,-0.5391167402267456,0.6255999803543091,0.27359408140182495,-0.48882636427879333,0.6391783952713013,0.27743518352508545,-0.4885649085044861,0.6535126566886902,0.28163427114486694,-0.4888405203819275,0.5722379684448242,0.26563578844070435,-0.4810674786567688,0.5518782734870911,0.26408907771110535,-0.4804891049861908,0.5334007740020752,0.26384982466697693,-0.48074302077293396,0.674048900604248,0.32105910778045654,-0.1577746570110321,0.5030036568641663,0.3075260818004608,-0.11825617402791977,0.6229459643363953,0.40170180797576904,-0.4233594834804535,0.5577999353408813,0.4028109610080719,-0.4102049767971039,0.7927958369255066,0.6215565204620361,-0.03284464031457901,0.37795525789260864,0.5966845154762268,-0.05182160809636116,0.8592826724052429,0.9565342664718628,-0.056446563452482224,0.1957276314496994,0.8750597834587097,-0.5019954442977905,0.8593611717224121,1.3608442544937134,-0.29440397024154663,0.1164889708161354,0.5523995161056519,-1.3322031497955322,0.8731667399406433,1.469205617904663,-0.3674260079860687,0.07304540276527405,0.3943602442741394,-1.4980313777923584,0.8289558291435242,1.4426029920578003,-0.4175211787223816,0.11800279468297958,0.32085859775543213,-1.505143642425537,0.8131710290908813,1.4076101779937744,-0.33019179105758667,0.15296050906181335,0.3995693624019623,-1.3672418594360352,0.6902321577072144,1.419796109199524,-0.009072518907487392,0.4008669853210449,1.405539870262146,0.013698647730052471,0.6585401296615601,2.0510408878326416,-0.1145285815000534,0.3881308436393738,2.039154529571533,-0.07043971121311188,0.63471519947052,2.6457359790802,0.2691005766391754,0.37311193346977234,2.622779130935669,0.17941820621490479,0.6374936699867249,2.7283132076263428,0.2751189172267914,0.3611116409301758,2.6982195377349854,0.19066163897514343,0.6000934839248657,2.812979221343994,-0.23550350964069366,0.4128186106681824,2.80959415435791,-0.44299378991127014,0.11765351891517639,0.4857012629508972,3.3004130273184273e-07,0.1687087118625641,0.41032272577285767,-0.015812328085303307,0.18402068316936493,0.3131014406681061,-0.017663858830928802,0.18218578398227692,0.24006910622119904,-0.02175014652311802,0.17651720345020294,0.1889786422252655,-0.02586619183421135,0.13817352056503296,0.21052822470664978,0.010082756169140339,0.13793686032295227,0.11909691989421844,-0.00594024034217,0.13746365904808044,0.06099744141101837,-0.02361869625747204,0.13637392222881317,0.010596811771392822,-0.03671415150165558,0.10095866024494171,0.21051770448684692,0.003572786459699273,0.09800099581480026,0.10967086255550385,-0.010578734800219536,0.09767724573612213,0.04700542986392975,-0.02706490084528923,0.1002604067325592,-0.007321983575820923,-0.039026521146297455,0.06450655311346054,0.22649390995502472,-0.008209656924009323,0.05975918471813202,0.1338375210762024,-0.023695791140198708,0.06276427954435349,0.07550002634525299,-0.03573628515005112,0.06931285560131073,0.027024149894714355,-0.04378904774785042,0.02605658769607544,0.25895991921424866,-0.022779671475291252,0.01277955248951912,0.18475371599197388,-0.036464642733335495,0.01207784190773964,0.13532230257987976,-0.04211430996656418,0.01721903681755066,0.0914747416973114,-0.04582962393760681
101,0.5972809791564941,0.3346765637397766,-0.5816466808319092,0.6253249049186707,0.2736050486564636,-0.5332962274551392,0.6389467120170593,0.2774573862552643,-0.5330415964126587,0.6531188488006592,0.2816811203956604,-0.5333731770515442,0.5721922516822815,0.2656792104244232,-0.5300391316413879,0.5518585443496704,0.26420190930366516,-0.5295846462249756,0.5334017276763916,0.2641327381134033,-0.5298100709915161,0.6737551093101501,0.32087185978889465,-0.1857580840587616,0.5031678676605225,0.30753567814826965,-0.16415561735630035,0.6225448250770569,0.4016991853713989,-0.455672025680542,0.5577470660209656,0.4028448462486267,-0.44853630661964417,0.7925626635551453,0.6201838254928589,-0.0314469188451767,0.3801611363887787,0.5878844857215881,-0.12377431243658066,0.8592127561569214,0.955845832824707,-0.013270504772663116,0.21314272284507751,0.8644266724586487,-0.6850324869155884,0.8607965707778931,1.360069751739502,-0.21200473606586456,0.18679292500019073,0.5680014491081238,-1.6263482570648193,0.8747751116752625,1.4696236848831177,-0.2672472894191742,0.15308643877506256,0.45109879970550537,-1.8036121129989624,0.8331263661384583,1.444547414779663,-0.3192589581012726,0.20624864101409912,0.3985152542591095,-1.7940406799316406,0.8161681294441223,1.4095662832260132,-0.24473901093006134,0.23652729392051697,0.45202919840812683,-1.649560570716858,0.6893802881240845,1.415033221244812,-0.010544183664023876,0.4012533724308014,1.394783616065979,0.015102477744221687,0.6576013565063477,2.0492186546325684,-0.11170550435781479,0.38821062445640564,2.031637191772461,-0.05153229087591171,0.6291179656982422,2.6422479152679443,0.28666362166404724,0.37110161781311035,2.614466667175293,0.2689860463142395,0.6302545666694641,2.723080635070801,0.2925674319267273,0.3583071231842041,2.689373016357422,0.2887992560863495,0.5924555063247681,2.81093168258667,-0.2286773920059204,0.4054733216762543,2.8017446994781494,-0.3276931047439575,0.15059515833854675,0.48836132884025574,3.695646739743097e-07,0.20359966158866882,0.42251861095428467,-0.02960888296365738,0.23232391476631165,0.33696335554122925,-0.038131698966026306,0.23492899537086487,0.2586531937122345,-0.047014519572257996,0.2187223732471466,0.20170478522777557,-0.05413376912474632,0.1900099515914917,0.22638794779777527,0.01022820733487606,0.1893300712108612,0.14874278008937836,-0.004413257353007793,0.1868436634540558,0.09694033861160278,-0.02082640305161476,0.18515044450759888,0.05323296785354614,-0.03240719065070152,0.14958372712135315,0.2190902680158615,0.010827670805156231,0.15194173157215118,0.12702035903930664,-2.4483482775394805e-05,0.15538930892944336,0.07289372384548187,-0.012624424882233143,0.16226673126220703,0.019302427768707275,-0.021160410717129707,0.11012178659439087,0.22657093405723572,0.00390796409919858,0.10668470710515976,0.13826939463615417,-0.010181599296629429,0.11067944020032883,0.08676201105117798,-0.019027497619390488,0.11939631402492523,0.042421624064445496,-0.024033265188336372,0.06873496621847153,0.24969802796840668,-0.0074686408042907715,0.05272787809371948,0.17912128567695618,-0.018162963911890984,0.0488167479634285,0.13308635354042053,-0.020868875086307526,0.0516682006418705,0.09093691408634186,-0.022275444120168686
102,0.5971201658248901,0.3347404897212982,-0.6011486053466797,0.6251327991485596,0.2735813856124878,-0.553215503692627,0.6387456655502319,0.27741020917892456,-0.5529534816741943,0.6527458429336548,0.28162986040115356,-0.5532631278038025,0.5721598863601685,0.26570138335227966,-0.5486881136894226,0.551837682723999,0.2642827033996582,-0.548228919506073,0.5334092378616333,0.2643605172634125,-0.5484430193901062,0.6734991669654846,0.32030564546585083,-0.2058408558368683,0.5034394860267639,0.3075331747531891,-0.17692016065120697,0.6224888563156128,0.4016866087913513,-0.47472256422042847,0.5577399134635925,0.4028424620628357,-0.4660797715187073,0.7924057245254517,0.617819607257843,-0.03448013588786125,0.38072264194488525,0.5872026085853577,-0.12735193967819214,0.8591844439506531,0.9549286365509033,-0.01457435917109251,0.21096348762512207,0.8653309941291809,-0.6837952733039856,0.8722917437553406,1.3585246801376343,-0.21086697280406952,0.19236622750759125,0.5666628479957581,-1.6054213047027588,0.8903218507766724,1.4682197570800781,-0.26899921894073486,0.16051225364208221,0.4529086947441101,-1.7825367450714111,0.8496304750442505,1.4452661275863647,-0.3191276490688324,0.22067682445049286,0.3976544141769409,-1.768368124961853,0.830319881439209,1.4105552434921265,-0.24371337890625,0.2494824230670929,0.4545130729675293,-1.6276686191558838,0.6893455982208252,1.4125820398330688,-0.012415928766131401,0.40176334977149963,1.392688274383545,0.016752073541283607,0.6576351523399353,2.0482916831970215,-0.1087663397192955,0.3891860246658325,2.0314033031463623,0.004710298962891102,0.6296592950820923,2.6392388343811035,0.311649352312088,0.3713444769382477,2.6130523681640625,0.369281530380249,0.6310082674026489,2.719313144683838,0.31969356536865234,0.3586149513721466,2.687786340713501,0.39407435059547424,0.5928192138671875,2.8087124824523926,-0.21136656403541565,0.40639132261276245,2.800518035888672,-0.21519935131072998,0.15386320650577545,0.4786370098590851,4.475473929232976e-07,0.20793649554252625,0.4156256914138794,-0.03266776353120804,0.23844540119171143,0.33309486508369446,-0.04192739352583885,0.2338227480649948,0.25408023595809937,-0.050239384174346924,0.21210061013698578,0.19432327151298523,-0.05693257227540016,0.1900792419910431,0.22745327651500702,0.004334794357419014,0.1885431408882141,0.1449989676475525,-0.012100370600819588,0.183756023645401,0.09064024686813354,-0.028990084305405617,0.18153730034828186,0.044238001108169556,-0.04049500823020935,0.15046986937522888,0.22219568490982056,0.006659827660769224,0.14797921478748322,0.12890948355197906,-0.006810230202972889,0.1479092389345169,0.07415594160556793,-0.021426908671855927,0.1530306339263916,0.02452661097049713,-0.031137652695178986,0.1123351976275444,0.23092293739318848,0.0017465270357206464,0.10358990728855133,0.14609675109386444,-0.014785520732402802,0.10108551383018494,0.09621165692806244,-0.02576780878007412,0.1041409820318222,0.0555742084980011,-0.03160591423511505,0.07377342134714127,0.2522658407688141,-0.007542249280959368,0.059971168637275696,0.1780366152524948,-0.02136659249663353,0.05538979172706604,0.12945783138275146,-0.02704750746488571,0.05707531422376633,0.08715362846851349,-0.029784753918647766
103,0.5963150262832642,0.3347178101539612,-0.6069542765617371,0.624620795249939,0.2734535336494446,-0.5551801919937134,0.638456404209137,0.2773209810256958,-0.5549049377441406,0.6524414420127869,0.28159645199775696,-0.5551885962486267,0.5715616941452026,0.26564398407936096,-0.5505145788192749,0.5515674352645874,0.2642837464809418,-0.54995197057724,0.5332679152488708,0.264401376247406,-0.5501154661178589,0.6733883619308472,0.32023885846138,-0.20617631077766418,0.5034447908401489,0.3075231909751892,-0.17446765303611755,0.6223910450935364,0.40167808532714844,-0.4818776249885559,0.5575497150421143,0.40275946259498596,-0.47288599610328674,0.7924278974533081,0.6177987456321716,-0.038713570684194565,0.37804076075553894,0.5878892540931702,-0.12318625301122665,0.8602420687675476,0.9551714658737183,-0.012366906739771366,0.20862314105033875,0.8784834146499634,-0.6638349294662476,0.8873987197875977,1.3588064908981323,-0.15068168938159943,0.19901074469089508,0.5643370747566223,-1.5488193035125732,0.9071239233016968,1.4685534238815308,-0.1980307400226593,0.17851436138153076,0.46271610260009766,-1.7216449975967407,0.8665879368782043,1.4488072395324707,-0.24181564152240753,0.231542706489563,0.4105071425437927,-1.702768325805664,0.8471755981445312,1.4143141508102417,-0.18077193200588226,0.25006359815597534,0.4631124436855316,-1.571107029914856,0.6890430450439453,1.4124791622161865,-0.016613680869340897,0.40174350142478943,1.3934099674224854,0.020969314500689507,0.6587451100349426,2.0486326217651367,-0.11116999387741089,0.38993948698043823,2.0325167179107666,0.03757312148809433,0.6312452554702759,2.6387410163879395,0.31662192940711975,0.37218886613845825,2.613436222076416,0.41415566205978394,0.6332140564918518,2.7183146476745605,0.32435065507888794,0.3593626618385315,2.6880369186401367,0.43993812799453735,0.5934202075004578,2.808673858642578,-0.2164289951324463,0.40776652097702026,2.8008577823638916,-0.17502856254577637,,,,,,,,,,,,,,,,,,,,,,,,,,,,,,,,,,,,,,,,,,,,,,,,,,,,,,,,,,,,,,,
104,0.5952253937721252,0.3347157835960388,-0.6660474538803101,0.6244508028030396,0.2725905776023865,-0.6076784729957581,0.6384426355361938,0.2764497697353363,-0.6073106527328491,0.6524339318275452,0.2807830572128296,-0.6075814366340637,0.5702177882194519,0.26543956995010376,-0.603272557258606,0.5497897267341614,0.2642720937728882,-0.6026973128318787,0.5307129621505737,0.26448169350624084,-0.6028136610984802,0.6738828420639038,0.31981372833251953,-0.2512783408164978,0.5014966726303101,0.30770161747932434,-0.21368713676929474,0.6223674416542053,0.40215274691581726,-0.5412473082542419,0.5555176734924316,0.4039682447910309,-0.5313538312911987,0.7934431433677673,0.6207087635993958,-0.0820595920085907,0.3718165457248688,0.5997724533081055,-0.11821864545345306,0.8635097742080688,0.9649473428726196,-0.012312388978898525,0.15244749188423157,0.9293428063392639,-0.6587523818016052,0.9206010103225708,1.4009636640548706,-0.12150157988071442,0.22703321278095245,0.5186097621917725,-1.396714448928833,0.9497154355049133,1.5186923742294312,-0.17425206303596497,0.2599584758281708,0.3457035720348358,-1.5667369365692139,0.9025629162788391,1.5073401927947998,-0.21524079144001007,0.28872084617614746,0.3229438364505768,-1.474839210510254,0.8799483180046082,1.468858242034912,-0.1525544673204422,0.3018566966056824,0.4001387357711792,-1.38913893699646,0.689108669757843,1.4351543188095093,-0.031198810786008835,0.39693209528923035,1.4217162132263184,0.03560880944132805,0.6588168144226074,2.0845444202423096,-0.1115247830748558,0.3866284191608429,2.0826668739318848,0.1718922108411789,0.6328504085540771,2.6747522354125977,0.37275999784469604,0.3724714517593384,2.6612749099731445,0.6757188439369202,0.6352677941322327,2.7569711208343506,0.3861275017261505,0.3597065806388855,2.7358193397521973,0.7138038277626038,0.5959491729736328,2.8572745323181152,-0.20556779205799103,0.4113271236419678,2.86728835105896,0.0650230422616005,,,,,,,,,,,,,,,,,,,,,,,,,,,,,,,,,,,,,,,,,,,,,,,,,,,,,,,,,,,,,,,
105,0.5945713520050049,0.33430492877960205,-0.6676748991012573,0.6241692304611206,0.270829975605011,-0.6080102324485779,0.6383991837501526,0.2746299207210541,-0.6076620817184448,0.6524165868759155,0.27896052598953247,-0.6079191565513611,0.5689972043037415,0.26472407579421997,-0.60346519947052,0.5482117533683777,0.2640118896961212,-0.6029033064842224,0.5285486578941345,0.26450416445732117,-0.6030564904212952,0.6742628812789917,0.31883880496025085,-0.2513294816017151,0.4994024634361267,0.30778971314430237,-0.21191732585430145,0.6223684549331665,0.40216243267059326,-0.5435593128204346,0.5545514225959778,0.4042159914970398,-0.5333821773529053,0.7946000099182129,0.622940719127655,-0.08708585798740387,0.3681163489818573,0.6068349480628967,-0.1163860410451889,0.8646929860115051,0.9720200300216675,-0.014219683595001698,0.135795459151268,0.9430820941925049,-0.6315399408340454,0.9186474084854126,1.4165146350860596,-0.13891460001468658,0.23503358662128448,0.4958065450191498,-1.3520113229751587,0.944524884223938,1.5337960720062256,-0.1955362856388092,0.26994529366493225,0.3073495030403137,-1.521569848060608,0.8969012498855591,1.5201771259307861,-0.23333027958869934,0.29539406299591064,0.2777916193008423,-1.4322768449783325,0.8753946423530579,1.481482744216919,-0.1689838320016861,0.3093370497226715,0.3665124177932739,-1.3452156782150269,0.6904393434524536,1.4471577405929565,-0.03802594915032387,0.39589518308639526,1.435121774673462,0.04241930693387985,0.6596572399139404,2.1016387939453125,-0.1171993836760521,0.3859369158744812,2.1020426750183105,0.1888379454612732,0.6351853013038635,2.694359540939331,0.36568683385849,0.37280452251434326,2.683631658554077,0.6899031400680542,0.6379474401473999,2.777712345123291,0.3778117299079895,0.36082595586776733,2.7586090564727783,0.7273343801498413,0.5988935232162476,2.8795480728149414,-0.2066836655139923,0.41563844680786133,2.8933966159820557,0.07543868571519852,,,,,,,,,,,,,,,,,,,,,,,,,,,,,,,,,,,,,,,,,,,,,,,,,,,,,,,,,,,,,,,
106,0.5924859642982483,0.33434292674064636,-0.6702837347984314,0.6235761046409607,0.2705843150615692,-0.6050931215286255,0.6382070183753967,0.27431392669677734,-0.6047433614730835,0.6523699760437012,0.278675377368927,-0.6048959493637085,0.5666234493255615,0.2649591863155365,-0.5992329716682434,0.5450433492660522,0.26501524448394775,-0.5986976623535156,0.5250198245048523,0.2666665315628052,-0.5988815426826477,0.6748014688491821,0.3188616931438446,-0.24208323657512665,0.4973635673522949,0.309256374835968,-0.2056070864200592,0.6217436790466309,0.4026746451854706,-0.543100893497467,0.5497337579727173,0.405041366815567,-0.5309141874313354,0.7959384322166443,0.6276535391807556,-0.08236711472272873,0.3677982985973358,0.6145519614219666,-0.11609270423650742,0.8651835322380066,0.9832819104194641,-0.019627055153250694,0.13249827921390533,0.9528741240501404,-0.6420696973800659,0.9172722101211548,1.4363903999328613,-0.146258145570755,0.28264620900154114,0.48074305057525635,-1.3710739612579346,0.9431978464126587,1.551151990890503,-0.20247912406921387,0.32348963618278503,0.3162288963794708,-1.5425937175750732,0.8880664110183716,1.538711667060852,-0.23014405369758606,0.3478732705116272,0.28733590245246887,-1.4420591592788696,0.8652490377426147,1.5018514394760132,-0.17297086119651794,0.35714107751846313,0.36218708753585815,-1.36060631275177,0.6926259398460388,1.4530693292617798,-0.054463185369968414,0.39403480291366577,1.438940167427063,0.05934334918856621,0.659687876701355,2.1176493167877197,-0.1557261049747467,0.3856685757637024,2.1112940311431885,0.17001204192638397,0.6351425647735596,2.715163230895996,0.3701522946357727,0.3729917109012604,2.6966097354888916,0.6506068110466003,0.6379004716873169,2.800368547439575,0.385073721408844,0.36088472604751587,2.7719438076019287,0.6862171292304993,0.5982457399368286,2.8956072330474854,-0.21326255798339844,0.4157535135746002,2.906799077987671,0.015976164489984512,,,,,,,,,,,,,,,,,,,,,,,,,,,,,,,,,,,,,,,,,,,,,,,,,,,,,,,,,,,,,,,
107,0.5913810133934021,0.334308922290802,-0.660277247428894,0.6232032775878906,0.27011698484420776,-0.5959575176239014,0.6380844712257385,0.273752897977829,-0.5956166982650757,0.6523393988609314,0.2781054377555847,-0.5957843065261841,0.5652729272842407,0.26498764753341675,-0.5901232957839966,0.5433208346366882,0.2653680741786957,-0.5895839929580688,0.5231256484985352,0.26760366559028625,-0.5897746086120605,0.6751746535301208,0.3188379406929016,-0.2399120032787323,0.4960876405239105,0.3099786043167114,-0.19159039855003357,0.6214279532432556,0.4027770161628723,-0.5335131883621216,0.5472744703292847,0.4053109586238861,-0.5214822888374329,0.7972733378410339,0.6305821537971497,-0.07517766207456589,0.36752864718437195,0.6183445453643799,-0.10901371389627457,0.8652202486991882,0.9887107014656067,-0.016071675345301628,0.13222095370292664,0.9582083225250244,-0.638756275177002,0.915833592414856,1.4441514015197754,-0.1315668225288391,0.29188770055770874,0.4777778685092926,-1.362697958946228,0.9423497915267944,1.5579090118408203,-0.18577948212623596,0.33090275526046753,0.31974494457244873,-1.5348793268203735,0.8827274441719055,1.5449047088623047,-0.2100028097629547,0.3556065261363983,0.2925592064857483,-1.4253640174865723,0.8594247102737427,1.5084807872772217,-0.15682338178157806,0.3648925721645355,0.361226886510849,-1.3474781513214111,0.6948199272155762,1.4564272165298462,-0.057571906596422195,0.3930043578147888,1.4415584802627563,0.06256960332393646,0.6602637767791748,2.1248676776885986,-0.1609383225440979,0.38571515679359436,2.116004228591919,0.1501506119966507,0.6352369785308838,2.7246968746185303,0.3790537714958191,0.37382736802101135,2.7034788131713867,0.6153708696365356,0.6379433274269104,2.8103485107421875,0.3948715031147003,0.36222976446151733,2.7788822650909424,0.649593710899353,0.5983104109764099,2.9036900997161865,-0.21594896912574768,0.41733819246292114,2.9136359691619873,-0.023271732032299042,0.2973530888557434,0.4876171946525574,-4.2310716708016116e-08,0.36545833945274353,0.4464523196220398,0.01810072734951973,0.4087074100971222,0.3960471749305725,0.016597185283899307,0.4443676471710205,0.36458897590637207,0.004667030181735754,0.4663987457752228,0.33869704604148865,-0.009025626815855503,0.3623165786266327,0.2608772814273834,0.02283051423728466,0.3892340064048767,0.1793588101863861,0.007882851175963879,0.4243714213371277,0.17000092566013336,-0.009296814911067486,0.45086485147476196,0.18104539811611176,-0.021720848977565765,0.3480894863605499,0.2548537850379944,-0.0020844999235123396,0.37571239471435547,0.15892472863197327,-0.012972789816558361,0.41144391894340515,0.15706884860992432,-0.025978026911616325,0.4324135482311249,0.1776164174079895,-0.03697513788938522,0.3361368477344513,0.26421117782592773,-0.028352677822113037,0.3643665611743927,0.1679682433605194,-0.03770507127046585,0.39804521203041077,0.17329150438308716,-0.039629194885492325,0.4162689745426178,0.1984226405620575,-0.04244876652956009,0.3310014009475708,0.28707849979400635,-0.054453056305646896,0.35342055559158325,0.2103528082370758,-0.06072856858372688,0.3771306872367859,0.20627033710479736,-0.0559111051261425,0.3900294601917267,0.22576500475406647,-0.053108006715774536
108,0.5909309387207031,0.33403581380844116,-0.6671594381332397,0.6228978037834167,0.269924521446228,-0.599247395992279,0.6378883123397827,0.27337586879730225,-0.5988988876342773,0.6521668434143066,0.27755334973335266,-0.5990841388702393,0.5649377703666687,0.26503220200538635,-0.5919140577316284,0.5431333184242249,0.2655255198478699,-0.5913381576538086,0.5230292081832886,0.2679133117198944,-0.5915197134017944,0.6752914190292358,0.3187396228313446,-0.23575124144554138,0.4960738718509674,0.30997928977012634,-0.18775616586208344,0.6213544011116028,0.40261110663414,-0.5393956303596497,0.5470582246780396,0.4052593410015106,-0.5248968005180359,0.7982381582260132,0.6323319673538208,-0.08465778082609177,0.36885496973991394,0.6239310503005981,-0.10772725194692612,0.8659939765930176,0.9918798208236694,-0.04968106001615524,0.13455983996391296,0.9523283839225769,-0.6625989675521851,0.9134028553962708,1.4544237852096558,-0.1416497528553009,0.3286002576351166,0.45480209589004517,-1.3709136247634888,0.9417179226875305,1.5683002471923828,-0.19531086087226868,0.36947426199913025,0.2938251495361328,-1.5437850952148438,0.8835439682006836,1.559435248374939,-0.22898927330970764,0.39090096950531006,0.27747398614883423,-1.4355382919311523,0.8598678708076477,1.5231516361236572,-0.1694798767566681,0.39949309825897217,0.3351689875125885,-1.3569799661636353,0.696276843547821,1.4579039812088013,-0.07444418966770172,0.39260372519493103,1.4434493780136108,0.07969405502080917,0.6619074940681458,2.1291162967681885,-0.17455117404460907,0.38590192794799805,2.1215553283691406,0.1645195186138153,0.6402281522750854,2.7326161861419678,0.3982066214084625,0.37930727005004883,2.712353229522705,0.6365346312522888,0.6446431279182434,2.819740056991577,0.4168854355812073,0.3693658709526062,2.78936767578125,0.671483039855957,0.6019361615180969,2.9089715480804443,-0.21247097849845886,0.4221557080745697,2.9208197593688965,-0.009459913708269596,0.3052932024002075,0.5117865800857544,1.2589959297315545e-08,0.3743720054626465,0.4692479968070984,0.013249107636511326,0.4159095883369446,0.4154883921146393,0.02023981139063835,0.4301903247833252,0.3675108253955841,0.019113987684249878,0.43124404549598694,0.3270913064479828,0.018125049769878387,0.4055699110031128,0.316123366355896,0.045636724680662155,0.4276406466960907,0.25399133563041687,0.0429886095225811,0.44359681010246277,0.22637927532196045,0.034199394285678864,0.45704227685928345,0.2056654691696167,0.027427803725004196,0.387949675321579,0.30178922414779663,0.029584567993879318,0.41612672805786133,0.23144730925559998,0.02854585461318493,0.4361954927444458,0.20895853638648987,0.021182214841246605,0.4525809586048126,0.1948639452457428,0.01575762778520584,0.3700259327888489,0.29646262526512146,0.010303636081516743,0.3994829058647156,0.22829154133796692,0.00876400712877512,0.42064765095710754,0.2059231847524643,0.007915315218269825,0.43759480118751526,0.1927974820137024,0.006794690620154142,0.3507526218891144,0.3014706075191498,-0.009808722883462906,0.3744414448738098,0.24611207842826843,-0.008251470513641834,0.39225485920906067,0.22086691856384277,-0.003068996826186776,0.40806326270103455,0.2044263333082199,0.00031041514012031257
109,0.5907099843025208,0.33405572175979614,-0.6798908710479736,0.6228319406509399,0.26986461877822876,-0.6095526814460754,0.6378559470176697,0.2731916308403015,-0.6091886758804321,0.6521439552307129,0.2772420346736908,-0.6093741655349731,0.5649044513702393,0.2651791572570801,-0.6014723777770996,0.5431450009346008,0.26577475666999817,-0.6008678674697876,0.5230506658554077,0.2682384252548218,-0.6010453104972839,0.6754566431045532,0.3186216950416565,-0.23604846000671387,0.4960957169532776,0.30998465418815613,-0.18561166524887085,0.6213173866271973,0.40262874960899353,-0.550233781337738,0.5470256805419922,0.4054979383945465,-0.5348347425460815,0.7988836169242859,0.6334028244018555,-0.08645036071538925,0.37098219990730286,0.6246020197868347,-0.11109738051891327,0.8662048578262329,0.9920300841331482,-0.06102596968412399,0.13564670085906982,0.9483177065849304,-0.684404194355011,0.9125029444694519,1.4512542486190796,-0.14821018278598785,0.3356156349182129,0.454997181892395,-1.3774430751800537,0.9383257031440735,1.5635640621185303,-0.2035050094127655,0.37424588203430176,0.29727762937545776,-1.5490602254867554,0.8833547830581665,1.5531542301177979,-0.2376052588224411,0.3990941643714905,0.28107574582099915,-1.4488874673843384,0.8587900400161743,1.5175864696502686,-0.17704516649246216,0.4084548056125641,0.33751264214515686,-1.3680174350738525,0.6964062452316284,1.4573817253112793,-0.07607056200504303,0.39139023423194885,1.4427955150604248,0.08130519092082977,0.6624227166175842,2.129538059234619,-0.18532150983810425,0.38590264320373535,2.120607852935791,0.144705131649971,0.6420899629592896,2.7343952655792236,0.388143926858902,0.38043496012687683,2.71307110786438,0.5843434929847717,0.6470735669136047,2.8212943077087402,0.40497201681137085,0.37074345350265503,2.7904279232025146,0.615606963634491,0.6035248041152954,2.9096784591674805,-0.22387871146202087,0.4229969084262848,2.9195992946624756,-0.021800221875309944,0.3165123462677002,0.5017048120498657,1.1203163552409023e-07,0.37781012058258057,0.4658578634262085,0.007836731150746346,0.41591885685920715,0.4147704839706421,0.015148540027439594,0.4353199899196625,0.3711211383342743,0.016445817425847054,0.43847009539604187,0.33274608850479126,0.01822887361049652,0.41292425990104675,0.32816699147224426,0.042591750621795654,0.435674250125885,0.2705569565296173,0.04094129055738449,0.44933462142944336,0.23884785175323486,0.03262884542346001,0.46024277806282043,0.20977745950222015,0.025692425668239594,0.39838099479675293,0.314958781003952,0.03080250881612301,0.4251151382923126,0.25209841132164,0.03000819869339466,0.44136959314346313,0.2211643010377884,0.02200259082019329,0.4548746943473816,0.19479456543922424,0.015742724761366844,0.37936317920684814,0.30814945697784424,0.01529803778976202,0.405622661113739,0.24439384043216705,0.013257887214422226,0.42122727632522583,0.21138101816177368,0.009971429593861103,0.4343741536140442,0.18341897428035736,0.007010053843259811,0.3565114736557007,0.30800122022628784,-0.0013371171662583947,0.37753427028656006,0.25382715463638306,-0.002299617975950241,0.39125633239746094,0.2225436568260193,-0.0008515756926499307,0.4052484333515167,0.1941240280866623,-0.00017098727403208613
110,0.5906275510787964,0.3336283564567566,-0.6721996665000916,0.622782289981842,0.2696612775325775,-0.6071524024009705,0.6378318071365356,0.2729526162147522,-0.606809675693512,0.652129054069519,0.27698054909706116,-0.6070328950881958,0.5649083852767944,0.2650960087776184,-0.6007365584373474,0.5432910919189453,0.2656973600387573,-0.6000986695289612,0.5232638716697693,0.2681632339954376,-0.600299060344696,0.6755387187004089,0.31858763098716736,-0.2247181385755539,0.49612683057785034,0.309700071811676,-0.15962572395801544,0.6212891936302185,0.4023462235927582,-0.544166088104248,0.5470539331436157,0.40506497025489807,-0.5308919548988342,0.7989287972450256,0.6349132657051086,-0.08432214707136154,0.37125006318092346,0.6240978837013245,-0.0988495871424675,0.8653514981269836,0.9940080642700195,-0.05772314593195915,0.13681726157665253,0.9456799626350403,-0.6738453507423401,0.9077631831169128,1.449873447418213,-0.14371421933174133,0.3389746844768524,0.45220938324928284,-1.3601500988006592,0.9350212216377258,1.56100594997406,-0.20027585327625275,0.3782409727573395,0.295847088098526,-1.5330649614334106,0.877825140953064,1.5497547388076782,-0.22562110424041748,0.4034428596496582,0.28177541494369507,-1.41812002658844,0.853298544883728,1.5145905017852783,-0.17027100920677185,0.4127114713191986,0.3363397419452667,-1.343981146812439,0.6958980560302734,1.457484483718872,-0.08195129036903381,0.3886255919933319,1.4422000646591187,0.08723654597997665,0.6617216467857361,2.1307878494262695,-0.21430131793022156,0.38506343960762024,2.120020866394043,0.13763007521629333,0.641487717628479,2.737891912460327,0.3521035313606262,0.3801003396511078,2.7142906188964844,0.5680984258651733,0.6467263698577881,2.8251137733459473,0.3674989342689514,0.3703189790248871,2.7922189235687256,0.5984959602355957,0.6018058657646179,2.91229248046875,-0.2846372425556183,0.4214105010032654,2.919520139694214,-0.04066059738397598,0.3265545070171356,0.4894436001777649,1.292527400664767e-07,0.380226194858551,0.4611971974372864,0.0027305041439831257,0.41470015048980713,0.40904027223587036,0.008642745204269886,0.4318816065788269,0.3672627806663513,0.010096199810504913,0.43646562099456787,0.33175620436668396,0.0114816315472126,0.4127923548221588,0.3267606496810913,0.03003689832985401,0.43504568934440613,0.27268409729003906,0.025564562529325485,0.44887155294418335,0.23993736505508423,0.016441134735941887,0.4597160220146179,0.2099108248949051,0.008897840976715088,0.39942505955696106,0.3142244219779968,0.0201189573854208,0.4253353774547577,0.2549806833267212,0.01577247865498066,0.4414082169532776,0.2233562022447586,0.006288465112447739,0.4551227390766144,0.1956232786178589,-0.0011494950158521533,0.3808305859565735,0.30722036957740784,0.006741070654243231,0.4067566692829132,0.24787813425064087,0.00018302153330296278,0.42368319630622864,0.2135036140680313,-0.00629320926964283,0.43797895312309265,0.18327516317367554,-0.01117033138871193,0.35698673129081726,0.3068996071815491,-0.0076639726758003235,0.3760744631290436,0.2556225061416626,-0.013521835207939148,0.3897944688796997,0.22404560446739197,-0.015483480878174305,0.40411806106567383,0.19396519660949707,-0.017262006178498268
111,0.5905517339706421,0.33347728848457336,-0.6679189205169678,0.6227415204048157,0.26958462595939636,-0.5964959263801575,0.637811005115509,0.27285873889923096,-0.596116840839386,0.6521121859550476,0.27688881754875183,-0.5963138937950134,0.5649152994155884,0.26508504152297974,-0.5870722532272339,0.5434195399284363,0.2656954526901245,-0.5863991379737854,0.52344810962677,0.2681671977043152,-0.5866073966026306,0.6756071448326111,0.31857043504714966,-0.2120831310749054,0.49618762731552124,0.3095294237136841,-0.14060352742671967,0.6212626695632935,0.4022897481918335,-0.5392478108406067,0.5470788478851318,0.4049646556377411,-0.5219458341598511,0.7989439368247986,0.6365476846694946,-0.07886330783367157,0.371452271938324,0.6237109899520874,-0.08351599425077438,0.8642979860305786,0.9956159591674805,-0.05492616444826126,0.13761606812477112,0.9439192414283752,-0.6648464798927307,0.9034229516983032,1.4496612548828125,-0.12530158460140228,0.33986562490463257,0.4507139325141907,-1.3345863819122314,0.9308934211730957,1.5602480173110962,-0.18095307052135468,0.3788564205169678,0.29479658603668213,-1.5071715116500854,0.8724918365478516,1.5485079288482666,-0.20188283920288086,0.40438953042030334,0.2817900776863098,-1.3881293535232544,0.8485375642776489,1.5135401487350464,-0.15016254782676697,0.4138321876525879,0.33536139130592346,-1.3165767192840576,0.6952926516532898,1.4578927755355835,-0.08469050377607346,0.38655397295951843,1.4418251514434814,0.08999476581811905,0.6611782312393188,2.1322999000549316,-0.21485236287117004,0.3843972980976105,2.119849443435669,0.13728046417236328,0.6410966515541077,2.74027419090271,0.3475503623485565,0.37969735264778137,2.7152369022369385,0.569431483745575,0.6464897394180298,2.827399253845215,0.36279964447021484,0.3698051869869232,2.793395757675171,0.6003205180168152,0.6008874177932739,2.9147186279296875,-0.28737872838974,0.42009955644607544,2.9201440811157227,-0.06126924604177475,0.33085229992866516,0.4823495149612427,1.4861237218610768e-07,0.38090676069259644,0.45837223529815674,0.0014039571397006512,0.41462430357933044,0.40821921825408936,0.007055449765175581,0.4321601688861847,0.36858072876930237,0.008660394698381424,0.437450647354126,0.33367279171943665,0.010268536396324635,0.41307467222213745,0.3268512487411499,0.027657942846417427,0.4344799518585205,0.27492088079452515,0.023244870826601982,0.4482792913913727,0.24289065599441528,0.014359574764966965,0.4591432809829712,0.21278460323810577,0.00715769175440073,0.39983102679252625,0.3131885230541229,0.018318336457014084,0.42538782954216003,0.2567457854747772,0.014445481821894646,0.4418812692165375,0.22480608522891998,0.005483519751578569,0.4558729827404022,0.19677290320396423,-0.001351838232949376,0.3813871741294861,0.3056955635547638,0.005569834727793932,0.40721166133880615,0.2486724555492401,-0.00020333577413111925,0.42461252212524414,0.21413812041282654,-0.006285347044467926,0.4393313229084015,0.18329188227653503,-0.010758562944829464,0.3578380048274994,0.30534079670906067,-0.008367372676730156,0.37754252552986145,0.25426173210144043,-0.013662101700901985,0.39103400707244873,0.2222471386194229,-0.015211249701678753,0.4050549268722534,0.19192364811897278,-0.01650490052998066
112,0.5904954671859741,0.3332868814468384,-0.6678816080093384,0.6227079033851624,0.26956647634506226,-0.5956827402114868,0.637786328792572,0.272840291261673,-0.5953106880187988,0.6520930528640747,0.27688825130462646,-0.5954920053482056,0.5649323463439941,0.26507171988487244,-0.5863903760910034,0.5435564517974854,0.2656652629375458,-0.5857312679290771,0.523643970489502,0.2681156098842621,-0.5859323740005493,0.675632894039154,0.318812757730484,-0.2120216190814972,0.4963354170322418,0.3094063699245453,-0.14262576401233673,0.6212090253829956,0.4022423028945923,-0.5389383435249329,0.5470985174179077,0.4045754373073578,-0.5221164226531982,0.7988808751106262,0.638332724571228,-0.07851643115282059,0.37150049209594727,0.6239269375801086,-0.08382726460695267,0.8635607957839966,0.9981082081794739,-0.05857416242361069,0.13689561188220978,0.9429274797439575,-0.6616485118865967,0.9013420939445496,1.454092264175415,-0.1318455934524536,0.33936384320259094,0.45332473516464233,-1.3424980640411377,0.9300950765609741,1.5642756223678589,-0.18764817714691162,0.37838441133499146,0.2989615797996521,-1.5159682035446167,0.8702694177627563,1.553120493888855,-0.21294967830181122,0.404867947101593,0.28245630860328674,-1.4001520872116089,0.8462368845939636,1.5183544158935547,-0.1578862965106964,0.4137304723262787,0.33801335096359253,-1.325906753540039,0.694350004196167,1.4583747386932373,-0.08787817507982254,0.3843753933906555,1.4417593479156494,0.09323110431432724,0.6604200601577759,2.134964942932129,-0.22653844952583313,0.3836837112903595,2.1216742992401123,0.13432368636131287,0.6408177614212036,2.744732141494751,0.3344188928604126,0.37940627336502075,2.7180964946746826,0.559100866317749,0.6464167833328247,2.832808017730713,0.34870949387550354,0.36950790882110596,2.796970844268799,0.5880002975463867,0.5998027324676514,2.917891502380371,-0.3051377534866333,0.4183167815208435,2.921956777572632,-0.1060122698545456,0.3374730348587036,0.4817945957183838,1.4974456519212254e-07,0.3859788775444031,0.45816248655319214,0.002227931981906295,0.4169231355190277,0.408067524433136,0.007964476011693478,0.4346270263195038,0.37049317359924316,0.009571024216711521,0.4431413412094116,0.3375200629234314,0.011175726540386677,0.4140589237213135,0.3295040428638458,0.026710644364356995,0.43590736389160156,0.2783733606338501,0.021784046664834023,0.4507719576358795,0.24726536870002747,0.013032201677560806,0.4620368182659149,0.21842055022716522,0.006195042748004198,0.4015165865421295,0.3164089024066925,0.017228977754712105,0.4270744323730469,0.26096484065055847,0.01319532934576273,0.4438563287258148,0.22901314496994019,0.004588379990309477,0.4579656720161438,0.20085012912750244,-0.0018159059109166265,0.38431456685066223,0.3091539740562439,0.004538876935839653,0.40998321771621704,0.2530149817466736,-0.0013291300274431705,0.42718014121055603,0.21910205483436584,-0.007109459955245256,0.441456139087677,0.18871048092842102,-0.011058921925723553,0.3623916804790497,0.30911484360694885,-0.009185531176626682,0.3825250267982483,0.25861984491348267,-0.014479315839707851,0.39593175053596497,0.22699454426765442,-0.01579371467232704,0.4092560410499573,0.1973930150270462,-0.01663646288216114
113,0.5904877185821533,0.33323147892951965,-0.6713665127754211,0.622684121131897,0.26961421966552734,-0.5980121493339539,0.637772798538208,0.2729032635688782,-0.5976442694664001,0.6520856618881226,0.2770017981529236,-0.5978259444236755,0.5650460124015808,0.2650725543498993,-0.5895085334777832,0.5439422130584717,0.265620619058609,-0.5888643264770508,0.5241924524307251,0.26796039938926697,-0.5890589952468872,0.6756306886672974,0.3189568817615509,-0.2125246524810791,0.4966347813606262,0.30893927812576294,-0.14389488101005554,0.6212005615234375,0.4022347033023834,-0.5413175225257874,0.5472647547721863,0.4041560888290405,-0.5257531404495239,0.7987270951271057,0.6398671269416809,-0.07900464534759521,0.37154650688171387,0.6239736080169678,-0.08792374283075333,0.8633518218994141,0.9992216229438782,-0.05714661628007889,0.13668832182884216,0.9420813322067261,-0.671818196773529,0.9010194540023804,1.4564486742019653,-0.12058565765619278,0.34406358003616333,0.453399658203125,-1.3492553234100342,0.929265022277832,1.5674431324005127,-0.1750698983669281,0.3840634226799011,0.30048590898513794,-1.5225498676300049,0.8697538375854492,1.5579681396484375,-0.19597013294696808,0.40945202112197876,0.283451110124588,-1.4077366590499878,0.8457781076431274,1.5229718685150146,-0.1451588273048401,0.41764751076698303,0.3400253653526306,-1.333570957183838,0.6940767168998718,1.458847165107727,-0.08783666789531708,0.3831544518470764,1.4423527717590332,0.09313152730464935,0.6603702306747437,2.1372134685516357,-0.2220230996608734,0.38346174359321594,2.124206066131592,0.1323757767677307,0.6408379077911377,2.746901512145996,0.38876524567604065,0.37942320108413696,2.721442699432373,0.5670526623725891,0.6464491486549377,2.8349101543426514,0.4065665304660797,0.36954960227012634,2.800510883331299,0.598049521446228,0.599820613861084,2.9208426475524902,-0.24422714114189148,0.4183294177055359,2.9256680011749268,-0.09828642010688782,0.3417070806026459,0.4779101312160492,1.584010647093237e-07,0.3875303566455841,0.4577803313732147,0.0012474370887503028,0.41678714752197266,0.40745073556900024,0.007366482634097338,0.43262821435928345,0.3704872131347656,0.009741970337927341,0.44155269861221313,0.33998990058898926,0.012076739221811295,0.4140956997871399,0.3307689130306244,0.02514941804111004,0.4360969066619873,0.28063905239105225,0.02058294042944908,0.45163649320602417,0.2492668330669403,0.012447591871023178,0.4633219838142395,0.22014839947223663,0.005971942096948624,0.40277838706970215,0.3180629014968872,0.016319923102855682,0.4284811019897461,0.2641238570213318,0.012196333147585392,0.4460006654262543,0.23202429711818695,0.003667876124382019,0.4609047770500183,0.20288856327533722,-0.002695772098377347,0.3870493173599243,0.31121522188186646,0.0042799655348062515,0.41210198402404785,0.25653189420700073,-0.002128513064235449,0.4302320182323456,0.22286011278629303,-0.008829586207866669,0.44550392031669617,0.19253914058208466,-0.013299386017024517,0.3663718104362488,0.31038814783096313,-0.008777624927461147,0.38603097200393677,0.2604929208755493,-0.014704463072121143,0.3999674916267395,0.2287304401397705,-0.016990479081869125,0.41408538818359375,0.19884085655212402,-0.01860904134809971
114,0.5904775261878967,0.333166241645813,-0.6712335348129272,0.6226602792739868,0.2696385085582733,-0.598075807094574,0.6377571821212769,0.27294132113456726,-0.5977088809013367,0.6520769000053406,0.27708137035369873,-0.5978978276252747,0.565093994140625,0.2650688886642456,-0.5898407697677612,0.5441666841506958,0.2655642628669739,-0.5891982913017273,0.5245383977890015,0.2678031921386719,-0.5893886089324951,0.6756380796432495,0.31907522678375244,-0.2127271592617035,0.49686217308044434,0.30854979157447815,-0.1441507637500763,0.6211926937103271,0.40222904086112976,-0.5411303043365479,0.5473971962928772,0.40384814143180847,-0.5259997844696045,0.7986148595809937,0.6407259106636047,-0.07951594144105911,0.3715810477733612,0.6240467429161072,-0.08911599218845367,0.8628802299499512,0.9995772242546082,-0.05649731308221817,0.13640211522579193,0.9414920806884766,-0.6732453107833862,0.9008162617683411,1.4567779302597046,-0.10315865278244019,0.34552523493766785,0.45427218079566956,-1.3509842157363892,0.9282388687133789,1.5682194232940674,-0.1552448272705078,0.38523608446121216,0.30190330743789673,-1.5241867303848267,0.8695451617240906,1.5593315362930298,-0.17601950466632843,0.4109712243080139,0.2840091288089752,-1.406154990196228,0.8457080721855164,1.5242475271224976,-0.12733538448810577,0.4191865921020508,0.3411020338535309,-1.333945631980896,0.69398432970047,1.4591147899627686,-0.0875382274389267,0.38244202733039856,1.4428073167800903,0.09279711544513702,0.660469114780426,2.1384966373443604,-0.20662915706634521,0.38344764709472656,2.1257739067077637,0.13143758475780487,0.6414887309074402,2.747950792312622,0.4120907187461853,0.3797796070575714,2.723400592803955,0.5697888135910034,0.6472700834274292,2.835845470428467,0.43031883239746094,0.3700112998485565,2.8024649620056152,0.6013791561126709,0.6005436182022095,2.922515392303467,-0.21363672614097595,0.41877055168151855,2.928091287612915,-0.093860924243927,0.34307679533958435,0.47534725069999695,1.6733925178868958e-07,0.38718733191490173,0.45782044529914856,0.00011057113442802802,0.41664135456085205,0.407988578081131,0.0062195174396038055,0.43256378173828125,0.37033915519714355,0.008965309709310532,0.4417826533317566,0.3396795988082886,0.01173324417322874,0.4149176776409149,0.3312998116016388,0.02412073314189911,0.43715065717697144,0.2820509970188141,0.020126577466726303,0.45234954357147217,0.24983176589012146,0.012414993718266487,0.46310701966285706,0.2194243222475052,0.0062409862875938416,0.40327540040016174,0.3181892931461334,0.016070641577243805,0.4288322925567627,0.2656511664390564,0.012339714914560318,0.44587695598602295,0.23260891437530518,0.004026610404253006,0.45993050932884216,0.20213402807712555,-0.0020889509469270706,0.3874663710594177,0.3105020523071289,0.004845404997467995,0.41271036863327026,0.25714510679244995,-0.0013132996391505003,0.4310626983642578,0.22356204688549042,-0.007881672121584415,0.44602343440055847,0.19324712455272675,-0.012098568491637707,0.3665359914302826,0.3082272410392761,-0.007465042173862457,0.3865959346294403,0.25841599702835083,-0.013083531521260738,0.40091389417648315,0.2263622134923935,-0.015062647871673107,0.41522860527038574,0.19635170698165894,-0.016348710283637047
115,0.5905082821846008,0.3330710232257843,-0.6757045984268188,0.6226997971534729,0.26964160799980164,-0.6025456190109253,0.6378041505813599,0.2729535400867462,-0.6022051572799683,0.6521643400192261,0.27712681889533997,-0.6024023294448853,0.5653883218765259,0.26505815982818604,-0.5946215987205505,0.5447754263877869,0.26549890637397766,-0.5939791798591614,0.5252941846847534,0.2676563858985901,-0.5941686034202576,0.6759026646614075,0.3191956877708435,-0.2160753309726715,0.4973529279232025,0.30827876925468445,-0.14951863884925842,0.6212166547775269,0.40220192074775696,-0.5447424650192261,0.5477721691131592,0.40360933542251587,-0.5298659205436707,0.7986181974411011,0.640874445438385,-0.0829991027712822,0.37171679735183716,0.62398362159729,-0.09263192117214203,0.8628268241882324,0.9998757839202881,-0.06307774037122726,0.13672007620334625,0.9410616755485535,-0.6807936429977417,0.9001577496528625,1.4563179016113281,-0.1055707335472107,0.34854239225387573,0.4532204866409302,-1.3599821329116821,0.9273275136947632,1.5676445960998535,-0.15929682552814484,0.38857367634773254,0.30198124051094055,-1.5332375764846802,0.8693682551383972,1.5586692094802856,-0.18314209580421448,0.4130983352661133,0.2850914001464844,-1.4097293615341187,0.8457256555557251,1.5236566066741943,-0.12913399934768677,0.4210968017578125,0.34224116802215576,-1.3388246297836304,0.6939886808395386,1.4589499235153198,-0.0904150977730751,0.3825019598007202,1.4426548480987549,0.09565826505422592,0.6605726480484009,2.1382954120635986,-0.19946573674678802,0.3840107321739197,2.12589693069458,0.15274599194526672,0.6416075825691223,2.7472143173217773,0.42289480566978455,0.3806298077106476,2.7230429649353027,0.6257680654525757,0.6474288105964661,2.834956645965576,0.4418339133262634,0.3710510730743408,2.8020095825195312,0.6618009805679321,0.6005590558052063,2.9219555854797363,-0.19707855582237244,0.41885170340538025,2.9277918338775635,-0.02855679765343666,0.34669730067253113,0.47268468141555786,1.6200979757741152e-07,0.3914622962474823,0.45433303713798523,0.0020380013156682253,0.4196108281612396,0.40734004974365234,0.00896373763680458,0.4348638951778412,0.371479332447052,0.012107706628739834,0.4435058534145355,0.3416852056980133,0.015157358720898628,0.4177153706550598,0.33301135897636414,0.02727983333170414,0.4389219284057617,0.28503191471099854,0.024343499913811684,0.4528801739215851,0.2537909150123596,0.01711299642920494,0.4626905024051666,0.2239822894334793,0.011234438978135586,0.4062245786190033,0.3188622295856476,0.018708666786551476,0.43076515197753906,0.26669585704803467,0.01572994329035282,0.4466746151447296,0.2337239384651184,0.007652190048247576,0.46002209186553955,0.20316535234451294,0.0017690019449219108,0.3901829719543457,0.309837281703949,0.00704248296096921,0.41470402479171753,0.2561381459236145,0.0014570109779015183,0.43164700269699097,0.2233438491821289,-0.004946216009557247,0.4454110860824585,0.1936325877904892,-0.008986784145236015,0.36880525946617126,0.30597415566444397,-0.005513226147741079,0.3890124559402466,0.25658658146858215,-0.010497366078197956,0.4026905298233032,0.22570283710956573,-0.012005507946014404,0.41624900698661804,0.196592316031456,-0.012927113100886345
116,0.59051114320755,0.33305349946022034,-0.6759171485900879,0.62272047996521,0.2696900963783264,-0.6031569242477417,0.6378347873687744,0.27302202582359314,-0.6028229594230652,0.6522223353385925,0.2772533595561981,-0.6030231714248657,0.5655723810195923,0.2650638520717621,-0.5953271389007568,0.5451568365097046,0.2654886543750763,-0.5946894884109497,0.5257613062858582,0.2676166594028473,-0.5948808789253235,0.6760698556900024,0.319386750459671,-0.21720583736896515,0.4976367950439453,0.3081780970096588,-0.15142592787742615,0.621214747428894,0.4022187292575836,-0.544967532157898,0.5479534268379211,0.403554767370224,-0.5301727056503296,0.7986151576042175,0.6411818265914917,-0.08386335521936417,0.37192121148109436,0.6241106390953064,-0.09393521398305893,0.8627001643180847,1.0003787279129028,-0.06302402168512344,0.13697092235088348,0.9407180547714233,-0.6812191009521484,0.8999283909797668,1.4563639163970947,-0.11289535462856293,0.349229633808136,0.45282936096191406,-1.3603384494781494,0.9271858930587769,1.5677601099014282,-0.16781437397003174,0.38913220167160034,0.3023167550563812,-1.5334275960922241,0.8690764307975769,1.5588364601135254,-0.19140493869781494,0.4136579930782318,0.2856505215167999,-1.4153333902359009,0.8455053567886353,1.5238019227981567,-0.1373235285282135,0.42154985666275024,0.3430291712284088,-1.3412731885910034,0.6939858794212341,1.4589275121688843,-0.09145618230104446,0.38255009055137634,1.4426748752593994,0.0966697558760643,0.6606693267822266,2.138439893722534,-0.19111008942127228,0.3843751549720764,2.126248359680176,0.15646952390670776,0.6417280435562134,2.7471978664398193,0.43008953332901,0.38127806782722473,2.7233049869537354,0.6305145621299744,0.6475640535354614,2.8348519802093506,0.4493165612220764,0.3718472123146057,2.802279233932495,0.6665374636650085,0.6006338000297546,2.92209792137146,-0.1868150383234024,0.41899147629737854,2.9279143810272217,-0.02178897149860859,0.34577107429504395,0.4710293710231781,1.7997210477460612e-07,0.39028653502464294,0.45462602376937866,-0.0003433285455685109,0.4189583659172058,0.4073217809200287,0.00573184946551919,0.43397098779678345,0.37054434418678284,0.008623291738331318,0.4416550099849701,0.34021124243736267,0.011509325355291367,0.417400598526001,0.3345346450805664,0.023762498050928116,0.4397418797016144,0.2863974869251251,0.019898751750588417,0.45435595512390137,0.2543078660964966,0.012434940785169601,0.46436038613319397,0.2241053283214569,0.006491904146969318,0.4054771065711975,0.3201295733451843,0.016352921724319458,0.4310951232910156,0.2675493657588959,0.012355643324553967,0.4475369155406952,0.23403353989124298,0.004122951999306679,0.46093887090682983,0.20309576392173767,-0.001729584881104529,0.38918420672416687,0.3109074532985687,0.00577905960381031,0.413955420255661,0.25695425271987915,-0.0007388513186015189,0.43103015422821045,0.22327390313148499,-0.007534721866250038,0.444653183221817,0.1929551213979721,-0.011652580462396145,0.3675980567932129,0.30667680501937866,-0.005805548280477524,0.3879411816596985,0.2576814293861389,-0.011599299497902393,0.40175580978393555,0.2265712320804596,-0.013748378492891788,0.4150967299938202,0.19746434688568115,-0.015012946911156178
117,0.5905009508132935,0.3329838812351227,-0.6755107641220093,0.6227134466171265,0.2696884870529175,-0.6030718088150024,0.637834370136261,0.2730223536491394,-0.6027467846870422,0.6522310972213745,0.27726566791534424,-0.6029564142227173,0.5656229257583618,0.26506197452545166,-0.5954198837280273,0.5453066229820251,0.2654690742492676,-0.5947869420051575,0.5259735584259033,0.26757481694221497,-0.5949801206588745,0.6761469841003418,0.3194216191768646,-0.21783216297626495,0.49785447120666504,0.3080594837665558,-0.15379127860069275,0.6212146282196045,0.4021826684474945,-0.5447450280189514,0.5480831861495972,0.4033737778663635,-0.5301968455314636,0.7986091375350952,0.6411589980125427,-0.08368046581745148,0.3720821738243103,0.6242023706436157,-0.0969453975558281,0.8626582026481628,1.000839352607727,-0.06158943101763725,0.13717597723007202,0.9404294490814209,-0.6817418932914734,0.8994561433792114,1.4562174081802368,-0.11076746135950089,0.34903091192245483,0.4533008635044098,-1.3606250286102295,0.9266146421432495,1.5679384469985962,-0.16473868489265442,0.389193058013916,0.30256831645965576,-1.5337214469909668,0.8691369891166687,1.559033751487732,-0.18784114718437195,0.41350919008255005,0.28789594769477844,-1.4186967611312866,0.8457380533218384,1.5238749980926514,-0.1354360282421112,0.4210556447505951,0.3435276448726654,-1.3432502746582031,0.6940072178840637,1.4588344097137451,-0.09056239575147629,0.3825674057006836,1.4425863027572632,0.0957680344581604,0.6608453392982483,2.13818097114563,-0.18543128669261932,0.3843832314014435,2.125980854034424,0.15478968620300293,0.6422970294952393,2.7466914653778076,0.4242944121360779,0.38202324509620667,2.72286057472229,0.6159416437149048,0.6481465101242065,2.8342394828796387,0.4425230622291565,0.3727518916130066,2.8016347885131836,0.6500224471092224,0.6016761064529419,2.921701669692993,-0.1925816386938095,0.42050689458847046,2.9278488159179688,-0.029954683035612106,0.3468445837497711,0.4695984125137329,1.8793146239204361e-07,0.3908260762691498,0.45424604415893555,-0.0013494526501744986,0.42018917202949524,0.4080616235733032,0.003749295137822628,0.4347325563430786,0.37138673663139343,0.00592240784317255,0.44252946972846985,0.341305136680603,0.00826766062527895,0.4171619117259979,0.33229777216911316,0.021388832479715347,0.4395577609539032,0.2844853103160858,0.016760878264904022,0.4545000195503235,0.25267747044563293,0.009026069194078445,0.46473169326782227,0.22272293269634247,0.0030887811444699764,0.4056324362754822,0.3186091184616089,0.014341188594698906,0.4312251806259155,0.2664085924625397,0.00998249277472496,0.44790950417518616,0.23256906867027283,0.0019284652080386877,0.46141040325164795,0.201515793800354,-0.003700656583532691,0.3900293707847595,0.3098094165325165,0.004175120964646339,0.41518956422805786,0.2559139132499695,-0.002369572641327977,0.43244028091430664,0.22214877605438232,-0.008831855840981007,0.44594618678092957,0.19203375279903412,-0.012630917131900787,0.3692741096019745,0.3060057759284973,-0.007095549255609512,0.3890417218208313,0.2567804753780365,-0.012835823930799961,0.40288031101226807,0.2252177894115448,-0.014760944060981274,0.41608333587646484,0.19626915454864502,-0.015735724940896034
118,0.5904819369316101,0.33245107531547546,-0.6756017208099365,0.6227078437805176,0.2695101797580719,-0.6032178401947021,0.6378455758094788,0.2728794515132904,-0.6028901934623718,0.6522614359855652,0.2771662473678589,-0.603105902671814,0.5656314492225647,0.26480305194854736,-0.5957397222518921,0.5453242063522339,0.265118271112442,-0.5951110124588013,0.5259962677955627,0.2671457827091217,-0.595298171043396,0.6761993765830994,0.31941601634025574,-0.2189255654811859,0.49788302183151245,0.30779364705085754,-0.15726915001869202,0.6212116479873657,0.401833713054657,-0.5452650785446167,0.5481115579605103,0.40265873074531555,-0.5310494303703308,0.7985976934432983,0.6410691738128662,-0.08445723354816437,0.37211355566978455,0.6242295503616333,-0.09980835765600204,0.8626556396484375,1.00326406955719,-0.06138535216450691,0.13733704388141632,0.9403115510940552,-0.6813174486160278,0.8991228938102722,1.4574391841888428,-0.1105249896645546,0.34849250316619873,0.4537771940231323,-1.3474085330963135,0.9265179634094238,1.5703845024108887,-0.16575273871421814,0.38817843794822693,0.30377882719039917,-1.521061658859253,0.8691366314888,1.562436819076538,-0.19015450775623322,0.4130803942680359,0.2919740080833435,-1.4041887521743774,0.8457940816879272,1.5265467166900635,-0.1362522840499878,0.4205685257911682,0.3454130291938782,-1.3296767473220825,0.6938304901123047,1.458754062652588,-0.09030795842409134,0.38222557306289673,1.4425138235092163,0.09549693763256073,0.6605161428451538,2.137883186340332,-0.18633867800235748,0.3826725482940674,2.1256160736083984,0.1354558765888214,0.6420609951019287,2.7465829849243164,0.4170743525028229,0.38147205114364624,2.7222988605499268,0.5677106976509094,0.6478679776191711,2.8343517780303955,0.4343939423561096,0.3722587823867798,2.8010263442993164,0.5980309247970581,0.6016300916671753,2.921374797821045,-0.21094338595867157,0.42050260305404663,2.9272494316101074,-0.09272108972072601,0.3477097749710083,0.46845537424087524,1.8348382013755327e-07,0.391300767660141,0.45266613364219666,-0.0008765432285144925,0.42008328437805176,0.40528446435928345,0.004665995016694069,0.4344964027404785,0.3688051700592041,0.007215804420411587,0.4421690106391907,0.33992329239845276,0.00973493605852127,0.41773301362991333,0.3326497972011566,0.021360857412219048,0.44038277864456177,0.28492462635040283,0.016924412921071053,0.4554327726364136,0.25270357728004456,0.009346728213131428,0.465494841337204,0.22250542044639587,0.0034252945333719254,0.4059698283672333,0.318844735622406,0.01415595505386591,0.43201905488967896,0.26656198501586914,0.009690952487289906,0.44865697622299194,0.2324833869934082,0.001467461814172566,0.46193259954452515,0.2009362429380417,-0.004318646155297756,0.3900369703769684,0.31020399928092957,0.003924111369997263,0.4153532385826111,0.25631260871887207,-0.002838868647813797,0.4325581192970276,0.22226130962371826,-0.00964326225221157,0.44585633277893066,0.19155913591384888,-0.013756287284195423,0.3690413236618042,0.30652934312820435,-0.007311955094337463,0.38908571004867554,0.25753453373908997,-0.013379164040088654,0.40303900837898254,0.22609978914260864,-0.015677720308303833,0.41621828079223633,0.19698044657707214,-0.017009712755680084
119,0.59049391746521,0.3318970799446106,-0.6784454584121704,0.6227437257766724,0.269275963306427,-0.6060341000556946,0.6379040479660034,0.27267175912857056,-0.6057075262069702,0.6523505449295044,0.2769942283630371,-0.6059345006942749,0.5656905174255371,0.2645329236984253,-0.5988156199455261,0.5454491376876831,0.2647668123245239,-0.5981892943382263,0.52613765001297,0.2667257487773895,-0.5983686447143555,0.6763063669204712,0.31936854124069214,-0.2219623625278473,0.49792224168777466,0.30746787786483765,-0.16284385323524475,0.6212498545646667,0.40135058760643005,-0.5480832457542419,0.5482032299041748,0.401949018239975,-0.5342119336128235,0.798592746257782,0.6408212780952454,-0.08613772690296173,0.3721577525138855,0.6242102384567261,-0.10412938892841339,0.8626459836959839,1.0039879083633423,-0.06080663949251175,0.13746614754199982,0.9400894045829773,-0.6800017952919006,0.8988745808601379,1.457568883895874,-0.10941813886165619,0.3480193018913269,0.45413118600845337,-1.3497471809387207,0.9264206886291504,1.5709885358810425,-0.16513903439044952,0.3873061537742615,0.3046201169490814,-1.5233843326568604,0.8691772222518921,1.5632669925689697,-0.19047842919826508,0.41236281394958496,0.294315367937088,-1.407841444015503,0.8458736538887024,1.5271438360214233,-0.13570338487625122,0.4199541211128235,0.3464258313179016,-1.3325459957122803,0.6937956809997559,1.4587069749832153,-0.09006238728761673,0.382100909948349,1.442478895187378,0.09524339437484741,0.6604933738708496,2.1376101970672607,-0.18683354556560516,0.3821548819541931,2.12534761428833,0.12862823903560638,0.6420668959617615,2.7463974952697754,0.4152894914150238,0.3814607262611389,2.72196102142334,0.5568047761917114,0.6478666067123413,2.834244728088379,0.4324612021446228,0.37225615978240967,2.8006670475006104,0.5868388414382935,0.6017326712608337,2.921099901199341,-0.21793098747730255,0.4206271171569824,2.9269320964813232,-0.10611703246831894,0.34891748428344727,0.46748608350753784,1.7988669753776776e-07,0.3920831084251404,0.452517569065094,-0.0012934522237628698,0.42049235105514526,0.40538641810417175,0.004004330839961767,0.4345400631427765,0.36878958344459534,0.006449136883020401,0.44205766916275024,0.3400380313396454,0.00888308696448803,0.4183462858200073,0.3328149914741516,0.020174454897642136,0.44079115986824036,0.28515443205833435,0.015455718152225018,0.4557383954524994,0.2530950903892517,0.007898405194282532,0.4657503664493561,0.2229994535446167,0.0020300569012761116,0.4065896272659302,0.31894832849502563,0.013170071877539158,0.43232810497283936,0.2668514549732208,0.008432519622147083,0.44884926080703735,0.2329389750957489,0.00033760920632630587,0.46211710572242737,0.20146912336349487,-0.005319178104400635,0.39072030782699585,0.3101661801338196,0.0031665610149502754,0.41574010252952576,0.25616365671157837,-0.0038460618816316128,0.4328739643096924,0.2221927046775818,-0.010595808736979961,0.4462301433086395,0.19152729213237762,-0.014604557305574417,0.3696717321872711,0.3062419891357422,-0.007849554531276226,0.38941219449043274,0.2571430504322052,-0.014078172855079174,0.4033869206905365,0.22560523450374603,-0.01642402820289135,0.4166314899921417,0.1965530663728714,-0.01775616593658924
120,0.5906504988670349,0.33006662130355835,-0.677885890007019,0.6227908134460449,0.2685369551181793,-0.6054657101631165,0.6379609704017639,0.27195706963539124,-0.6051338911056519,0.6524277925491333,0.2762765884399414,-0.605349600315094,0.5658925175666809,0.2637447416782379,-0.5984812378883362,0.5458729267120361,0.2638465464115143,-0.5978596210479736,0.526644766330719,0.26566609740257263,-0.5980364084243774,0.6763701438903809,0.3191089928150177,-0.21848292648792267,0.498137891292572,0.3067730665206909,-0.16287365555763245,0.6214767694473267,0.39953505992889404,-0.5478860139846802,0.5487357378005981,0.39984050393104553,-0.5336815118789673,0.7985869646072388,0.6403921842575073,-0.07793528586626053,0.37221330404281616,0.6241927742958069,-0.11356654018163681,0.8632029294967651,1.0031667947769165,-0.05018310621380806,0.13745459914207458,0.9397605061531067,-0.70624178647995,0.8982312083244324,1.4574458599090576,-0.09167907387018204,0.3490716814994812,0.45389318466186523,-1.3801968097686768,0.9253853559494019,1.5707073211669922,-0.1406397521495819,0.3898068368434906,0.305044561624527,-1.5529354810714722,0.8679019212722778,1.562937617301941,-0.16102880239486694,0.41397470235824585,0.29452189803123474,-1.4346872568130493,0.8449627757072449,1.5268454551696777,-0.11526061594486237,0.42090845108032227,0.3468553125858307,-1.3612174987792969,0.6930304765701294,1.459208607673645,-0.0863884687423706,0.38070082664489746,1.442811131477356,0.09157557040452957,0.6586410999298096,2.137951135635376,-0.17167648673057556,0.37886208295822144,2.1252694129943848,0.12819620966911316,0.6381869316101074,2.7461941242218018,0.4237949252128601,0.37750688195228577,2.7217681407928467,0.5609270334243774,0.6428834199905396,2.8339450359344482,0.44095462560653687,0.36831769347190857,2.8004419803619385,0.5919657945632935,0.5993458032608032,2.9211153984069824,-0.20223550498485565,0.4187535345554352,2.927218437194824,-0.10300838947296143,0.3529405891895294,0.4675702154636383,1.8875273610774457e-07,0.3944142460823059,0.4516599774360657,-0.0021609433460980654,0.42242196202278137,0.40460556745529175,0.002585712121799588,0.435830295085907,0.36816877126693726,0.004626093897968531,0.44451165199279785,0.3412614166736603,0.006921852007508278,0.4193226099014282,0.32981202006340027,0.020087124779820442,0.4404929280281067,0.28160321712493896,0.01624852605164051,0.45452257990837097,0.24950894713401794,0.00907658040523529,0.4641377329826355,0.21907168626785278,0.0033236329909414053,0.4078713059425354,0.3164231777191162,0.013501868583261967,0.4328741133213043,0.26466822624206543,0.009937899187207222,0.44902634620666504,0.23165978491306305,0.002324917120859027,0.4621410369873047,0.2011805772781372,-0.003185020061209798,0.39267683029174805,0.3081420660018921,0.003900111885741353,0.41740113496780396,0.2552191913127899,-0.0017207476776093245,0.43372848629951477,0.2224625051021576,-0.007894786074757576,0.446272611618042,0.19339656829833984,-0.011802779510617256,0.3726004660129547,0.30513787269592285,-0.006899385247379541,0.39164069294929504,0.25643622875213623,-0.011872914619743824,0.40424343943595886,0.22552722692489624,-0.013506615534424782,0.4158051311969757,0.1978653371334076,-0.014477001503109932
121,0.5907155275344849,0.32915136218070984,-0.6801414489746094,0.622806191444397,0.268220454454422,-0.6068159341812134,0.6379821300506592,0.2716521918773651,-0.606484055519104,0.6524568200111389,0.27597707509994507,-0.606688916683197,0.5659887790679932,0.2633320987224579,-0.6006892323493958,0.5460832715034485,0.26329943537712097,-0.6000430583953857,0.526917040348053,0.26497891545295715,-0.6002261638641357,0.6763883233070374,0.3189971148967743,-0.21868738532066345,0.49819469451904297,0.3063305914402008,-0.1652541309595108,0.6215469241142273,0.3986979126930237,-0.548917829990387,0.5489903688430786,0.39868292212486267,-0.5357114672660828,0.798515796661377,0.6400759220123291,-0.0778856948018074,0.3721766769886017,0.6241862177848816,-0.12002015113830566,0.8634046316146851,1.003098487854004,-0.04983183741569519,0.13738971948623657,0.9397097229957581,-0.7200663089752197,0.8981488347053528,1.45760178565979,-0.09234024584293365,0.3492701053619385,0.45395198464393616,-1.4024875164031982,0.9252727627754211,1.5719373226165771,-0.14146077632904053,0.3899100720882416,0.3069484531879425,-1.5751370191574097,0.8677099347114563,1.565092921257019,-0.16104242205619812,0.41407307982444763,0.2976115345954895,-1.4579039812088013,0.8447723388671875,1.5288935899734497,-0.1155528798699379,0.42085757851600647,0.3484378457069397,-1.3837355375289917,0.692084014415741,1.4596964120864868,-0.08611289411783218,0.37936681509017944,1.4432395696640015,0.09129324555397034,0.6561148166656494,2.1381375789642334,-0.16627457737922668,0.3755006492137909,2.125282049179077,0.13680005073547363,0.6340693831443787,2.7459821701049805,0.4319392740726471,0.37358349561691284,2.7215685844421387,0.5927386283874512,0.638391375541687,2.8336806297302246,0.4497073292732239,0.3646966814994812,2.800220251083374,0.6266257762908936,0.5953270792961121,2.9209578037261963,-0.19082841277122498,0.4150070250034332,2.9271950721740723,-0.06521189212799072,0.35366711020469666,0.4683234691619873,1.8470359464117792e-07,0.3949914872646332,0.452330619096756,-0.0019612833857536316,0.423440158367157,0.4085075557231903,0.0023144606966525316,0.43910443782806396,0.37357205152511597,0.003693368285894394,0.44768884778022766,0.34530314803123474,0.005206672940403223,0.42087769508361816,0.3316609263420105,0.020992403849959373,0.4422121047973633,0.28335368633270264,0.01663997955620289,0.45631057024002075,0.25171899795532227,0.00881302822381258,0.4659808278083801,0.22121572494506836,0.0026479384396225214,0.40981847047805786,0.31790515780448914,0.013811388984322548,0.43427354097366333,0.2656461298465729,0.009585768915712833,0.44998621940612793,0.23227718472480774,0.00111877650488168,0.4627060890197754,0.20142138004302979,-0.004934057593345642,0.3944237530231476,0.30928003787994385,0.0035256363917142153,0.4192275404930115,0.25639528036117554,-0.0027426586020737886,0.4363315999507904,0.22409209609031677,-0.00939209759235382,0.4496033191680908,0.19533200562000275,-0.01350763626396656,0.37377500534057617,0.3059008717536926,-0.007953410036861897,0.39359673857688904,0.25671568512916565,-0.013173582032322884,0.40708935260772705,0.2259536236524582,-0.014820985496044159,0.41989871859550476,0.19797320663928986,-0.01577330008149147
122,0.5907325148582458,0.3283452093601227,-0.6804907321929932,0.6228119134902954,0.2680598497390747,-0.6066636443138123,0.6379872560501099,0.271537184715271,-0.6063339710235596,0.6524598002433777,0.2758997082710266,-0.6065327525138855,0.5660794973373413,0.2630214989185333,-0.6008278131484985,0.5462380051612854,0.2628929913043976,-0.6001885533332825,0.5270605683326721,0.2644956707954407,-0.6003803014755249,0.6763526797294617,0.3189926743507385,-0.21797306835651398,0.498221218585968,0.3060041069984436,-0.16570696234703064,0.621555507183075,0.3980310559272766,-0.5487970113754272,0.5490127801895142,0.39766883850097656,-0.5361727476119995,0.7980901002883911,0.6400576233863831,-0.07462280243635178,0.37134572863578796,0.6243982315063477,-0.12331633269786835,0.8633829951286316,1.0043033361434937,-0.04507892578840256,0.13727927207946777,0.9401875138282776,-0.7256994247436523,0.8962022066116333,1.4586297273635864,-0.09385289251804352,0.34856680035591125,0.45489877462387085,-1.4206054210662842,0.9232603311538696,1.574212908744812,-0.14401444792747498,0.388479083776474,0.3080625534057617,-1.595885992050171,0.8653774261474609,1.5672721862792969,-0.16485168039798737,0.41289883852005005,0.2989844083786011,-1.4801337718963623,0.8425227403640747,1.53078293800354,-0.11768734455108643,0.4199429154396057,0.34938985109329224,-1.4028031826019287,0.6908090710639954,1.461068868637085,-0.08436457067728043,0.3775234818458557,1.444159746170044,0.0895346999168396,0.6540224552154541,2.13985538482666,-0.16658343374729156,0.37305063009262085,2.126006603240967,0.13295258581638336,0.6323273181915283,2.7473559379577637,0.43069201707839966,0.3723221719264984,2.7217626571655273,0.58971107006073,0.6364296674728394,2.8353166580200195,0.44741344451904297,0.36338987946510315,2.800318717956543,0.6237520575523376,0.5941000580787659,2.922015428543091,-0.1985030472278595,0.4144659638404846,2.9277055263519287,-0.07049329578876495,0.35195472836494446,0.465453177690506,2.0962104940736026e-07,0.39417481422424316,0.4490043520927429,-0.0038884237874299288,0.42259666323661804,0.4053976237773895,-0.0006424433668144047,0.4352577030658722,0.36950039863586426,1.1499221727717668e-05,0.44450706243515015,0.341159850358963,0.0009911301312968135,0.4186992347240448,0.33022764325141907,0.019938530400395393,0.43954408168792725,0.2819315195083618,0.014744127169251442,0.45401665568351746,0.24988403916358948,0.006500309333205223,0.46444109082221985,0.21982239186763763,0.00010046426177723333,0.40646082162857056,0.31688547134399414,0.013895813375711441,0.43121954798698425,0.2647985816001892,0.008701128885149956,0.44774550199508667,0.23200638592243195,-0.00033984018955379725,0.4619586765766144,0.20123745501041412,-0.006741486489772797,0.3906640112400055,0.3085286021232605,0.004554741084575653,0.41458746790885925,0.25692033767700195,-0.0028471495024859905,0.4314943552017212,0.22464196383953094,-0.01003990974277258,0.44544968008995056,0.19556014239788055,-0.014331533573567867,0.36997517943382263,0.30510061979293823,-0.0060621099546551704,0.388298362493515,0.25810354948043823,-0.012123162858188152,0.40092504024505615,0.2279726266860962,-0.014395460486412048,0.41315263509750366,0.20035292208194733,-0.015712469816207886
123,0.5907386541366577,0.3278576135635376,-0.6808747053146362,0.6228126883506775,0.26796025037765503,-0.6067525148391724,0.6379881501197815,0.2714593708515167,-0.606425404548645,0.6524602174758911,0.27584272623062134,-0.6066199541091919,0.5661592483520508,0.2628589868545532,-0.6011394262313843,0.5463807582855225,0.2626831829547882,-0.6005059480667114,0.5271942615509033,0.2642574608325958,-0.6007034182548523,0.67633455991745,0.31898927688598633,-0.21785502135753632,0.4982600212097168,0.3057987093925476,-0.16627730429172516,0.6215595006942749,0.39755675196647644,-0.548853874206543,0.5490290522575378,0.3970404267311096,-0.5365782976150513,0.7978165149688721,0.6400089263916016,-0.07310666143894196,0.37125054001808167,0.6247178912162781,-0.12505999207496643,0.8633673787117004,1.0050991773605347,-0.04260958358645439,0.1372404247522354,0.9403455853462219,-0.7268715500831604,0.8954635858535767,1.4589768648147583,-0.09534420818090439,0.34790658950805664,0.45530372858047485,-1.4254815578460693,0.9225762486457825,1.5749213695526123,-0.14609567821025848,0.3874845802783966,0.30848929286003113,-1.6011854410171509,0.864707350730896,1.5678902864456177,-0.16768501698970795,0.41203421354293823,0.299511581659317,-1.4862208366394043,0.8418634533882141,1.5313748121261597,-0.11954949051141739,0.419229656457901,0.3497549593448639,-1.408129334449768,0.6903818845748901,1.4615908861160278,-0.08317006379365921,0.37708544731140137,1.4445937871932983,0.08832673728466034,0.6536734104156494,2.1405704021453857,-0.1673637330532074,0.3728151023387909,2.1263303756713867,0.131217822432518,0.6323646306991577,2.7479233741760254,0.4233619272708893,0.3724134564399719,2.721818685531616,0.5892346501350403,0.6364884376525879,2.8359391689300537,0.43902963399887085,0.3634556531906128,2.800312042236328,0.6228146553039551,0.5941859483718872,2.922419786453247,-0.20821690559387207,0.41450849175453186,2.927825689315796,-0.07126559317111969,0.3526914417743683,0.4648636281490326,2.164439223406589e-07,0.39386147260665894,0.449698269367218,-0.006069103721529245,0.42304933071136475,0.407724529504776,-0.0040677376091480255,0.4366118013858795,0.3717070519924164,-0.004128745291382074,0.4451073110103607,0.34086111187934875,-0.0037775272503495216,0.4187799394130707,0.33197107911109924,0.016087962314486504,0.44064220786094666,0.2836781144142151,0.009550311602652073,0.4558621644973755,0.2518905699253082,0.0006776700611226261,0.46678560972213745,0.22185254096984863,-0.0058752321638166904,0.4065057337284088,0.3183225691318512,0.010782420635223389,0.43169382214546204,0.26637428998947144,0.004432375077158213,0.44851866364479065,0.233317568898201,-0.00489761121571064,0.4627542197704315,0.2026279717683792,-0.011330288834869862,0.39062976837158203,0.3094892203807831,0.0021144228521734476,0.4158763587474823,0.25746333599090576,-0.006188095081597567,0.4336817264556885,0.22468499839305878,-0.013634158298373222,0.4481804668903351,0.1955198347568512,-0.017923349514603615,0.3695850372314453,0.30572938919067383,-0.007966705597937107,0.38870948553085327,0.25775203108787537,-0.014709047973155975,0.4023585319519043,0.22691015899181366,-0.01725701428949833,0.41568759083747864,0.1991933435201645,-0.018625667318701744
124,0.5908551216125488,0.32812225818634033,-0.6469582319259644,0.6229965686798096,0.2680356204509735,-0.57759690284729,0.6381388306617737,0.2716517448425293,-0.5772040486335754,0.6526247262954712,0.2762660086154938,-0.5773629546165466,0.5665152668952942,0.2629360556602478,-0.5719418525695801,0.5465520620346069,0.2628089189529419,-0.5713492035865784,0.5272219181060791,0.26442593336105347,-0.571506142616272,0.6763623952865601,0.3192790150642395,-0.20150332152843475,0.49829426407814026,0.3058561384677887,-0.15318730473518372,0.6215983629226685,0.3980068266391754,-0.5189303159713745,0.5489972233772278,0.39758676290512085,-0.5071121454238892,0.7976569533348083,0.6399863958358765,-0.05838186293840408,0.3713298439979553,0.6246574521064758,-0.09149978309869766,0.8628206253051758,1.0050569772720337,-0.02056236006319523,0.13726019859313965,0.9403867721557617,-0.6459444165229797,0.9030373692512512,1.4589370489120483,-0.09719319641590118,0.32294148206710815,0.45453664660453796,-1.3448370695114136,0.9338579177856445,1.5747984647750854,-0.15271566808223724,0.36005160212516785,0.30344998836517334,-1.5171887874603271,0.8787683248519897,1.5679341554641724,-0.18556979298591614,0.38826021552085876,0.2922811508178711,-1.4075655937194824,0.8545525670051575,1.53147554397583,-0.12599626183509827,0.40008479356765747,0.34660616517066956,-1.3301327228546143,0.6911596655845642,1.4616808891296387,-0.07823487371206284,0.3803025484085083,1.4449666738510132,0.08338715881109238,0.6546084880828857,2.1396193504333496,-0.18918809294700623,0.3743988871574402,2.126213312149048,0.13110172748565674,0.6323987245559692,2.747865915298462,0.33006152510643005,0.37245383858680725,2.7217371463775635,0.5804104804992676,0.6365998387336731,2.8357298374176025,0.3412962853908539,0.36351457238197327,2.800240993499756,0.6121925115585327,0.5948687791824341,2.922328233718872,-0.2952367663383484,0.4152109622955322,2.9277570247650146,-0.07449927181005478,,,,,,,,,,,,,,,,,,,,,,,,,,,,,,,,,,,,,,,,,,,,,,,,,,,,,,,,,,,,,,,
125,0.5909470319747925,0.32856836915016174,-0.6369518637657166,0.6231247186660767,0.26818445324897766,-0.5683166980743408,0.6382408142089844,0.27190840244293213,-0.5679131746292114,0.6527358293533325,0.2767186760902405,-0.5680686235427856,0.5667626857757568,0.2631140947341919,-0.5628896355628967,0.5466561913490295,0.26305535435676575,-0.5623199939727783,0.5272611379623413,0.26473361253738403,-0.5624696016311646,0.6763781905174255,0.3195573389530182,-0.1947786509990692,0.49832072854042053,0.3059940040111542,-0.14864234626293182,0.6216164231300354,0.39862486720085144,-0.509484052658081,0.5489703416824341,0.3983282446861267,-0.4980776309967041,0.7975527048110962,0.6399654746055603,-0.05019345134496689,0.3713729679584503,0.6246498823165894,-0.08335478603839874,0.8623421788215637,1.0049940347671509,-0.01108210813254118,0.1372816115617752,0.9405158758163452,-0.6296457648277283,0.9065631628036499,1.4589121341705322,-0.10275653749704361,0.31294113397598267,0.4539392292499542,-1.3278210163116455,0.9388567805290222,1.5746949911117554,-0.16244618594646454,0.3495784103870392,0.3004343807697296,-1.5002635717391968,0.8845654726028442,1.5679301023483276,-0.20087997615337372,0.37840765714645386,0.2879648804664612,-1.3921581506729126,0.8598212003707886,1.5315189361572266,-0.13510222733020782,0.39133283495903015,0.3443728983402252,-1.313582181930542,0.6916941404342651,1.4616798162460327,-0.07349814474582672,0.3823266625404358,1.4450396299362183,0.07863691449165344,0.6553449034690857,2.138871431350708,-0.19892846047878265,0.3759755790233612,2.1259679794311523,0.12417785078287125,0.6324408054351807,2.7477800846099854,0.3059576749801636,0.37268179655075073,2.7216813564300537,0.5501795411109924,0.6366825103759766,2.8356733322143555,0.3165625035762787,0.3635576069355011,2.8001110553741455,0.5795673131942749,0.5953726172447205,2.922274112701416,-0.3179929852485657,0.4161691665649414,2.927683115005493,-0.1024695634841919,,,,,,,,,,,,,,,,,,,,,,,,,,,,,,,,,,,,,,,,,,,,,,,,,,,,,,,,,,,,,,,
126,0.5882875919342041,0.3321226239204407,-0.6400274634361267,0.6211477518081665,0.2702271342277527,-0.5698242783546448,0.6368284821510315,0.2739366888999939,-0.569441556930542,0.6513849496841431,0.2788228690624237,-0.5695261359214783,0.5653464198112488,0.26500508189201355,-0.5654383301734924,0.5453277230262756,0.264936238527298,-0.5648733973503113,0.5263251066207886,0.2665587365627289,-0.5650432705879211,0.6754634976387024,0.319903165102005,-0.21363306045532227,0.49834704399108887,0.30673280358314514,-0.16043508052825928,0.620136559009552,0.40154096484184265,-0.5125772356987,0.5480715036392212,0.40144646167755127,-0.5008803606033325,0.7972944974899292,0.6400709748268127,-0.06543387472629547,0.37289100885391235,0.6174686551094055,-0.0844762846827507,0.8613068461418152,1.0032578706741333,-0.028516262769699097,0.1468229591846466,0.8945359587669373,-0.6377547979354858,0.9031094312667847,1.4425989389419556,-0.14187581837177277,0.2545192241668701,0.44169604778289795,-1.3856347799301147,0.9309266209602356,1.5564265251159668,-0.20288045704364777,0.2722533643245697,0.2910304069519043,-1.5650683641433716,0.881792426109314,1.540753722190857,-0.24908670783042908,0.30858761072158813,0.2774861752986908,-1.4956636428833008,0.8585858345031738,1.5044324398040771,-0.17585250735282898,0.3225228190422058,0.344632089138031,-1.390700101852417,0.6896112561225891,1.457808256149292,-0.058720044791698456,0.3826499879360199,1.4374665021896362,0.06339292973279953,0.6529592275619507,2.1223912239074707,-0.1654021441936493,0.3757583498954773,2.101327657699585,0.09162355214357376,0.6257086992263794,2.7217113971710205,0.3083600103855133,0.3630639910697937,2.6886255741119385,0.49310898780822754,0.6296407580375671,2.804091691970825,0.31629180908203125,0.3503333330154419,2.764427661895752,0.5208393335342407,0.5847271680831909,2.9007012844085693,-0.2977578938007355,0.4043183922767639,2.8927741050720215,-0.13205812871456146,,,,,,,,,,,,,,,,,,,,,,,,,,,,,,,,,,,,,,,,,,,,,,,,,,,,,,,,,,,,,,,
127,0.5882783532142639,0.33467695116996765,-0.6166678071022034,0.6209021210670471,0.27244049310684204,-0.5596581697463989,0.6364689469337463,0.2759198844432831,-0.5593692064285278,0.6507018208503723,0.28052669763565063,-0.5595495700836182,0.5653424859046936,0.26683446764945984,-0.5533297061920166,0.5453518033027649,0.2663699686527252,-0.5526725649833679,0.5265535712242126,0.26773717999458313,-0.5528557300567627,0.6744882464408875,0.31990858912467957,-0.21096551418304443,0.5001165270805359,0.30701008439064026,-0.16038778424263,0.6199870705604553,0.402213454246521,-0.49206170439720154,0.5484757423400879,0.40244463086128235,-0.48027506470680237,0.7972192764282227,0.6397892236709595,-0.05690079182386398,0.3826669752597809,0.606716513633728,-0.10413779318332672,0.8601701855659485,0.9931874871253967,-0.022762583568692207,0.1774725466966629,0.8708267211914062,-0.6467870473861694,0.8832076191902161,1.4151041507720947,-0.16552765667438507,0.1747806966304779,0.5192340612411499,-1.5583693981170654,0.8983942270278931,1.52791428565979,-0.22423140704631805,0.13193058967590332,0.36658719182014465,-1.7355759143829346,0.8578710556030273,1.5030817985534668,-0.27420124411582947,0.19650812447071075,0.31842896342277527,-1.7344262599945068,0.8397895693778992,1.4669979810714722,-0.19996267557144165,0.21963295340538025,0.39275798201560974,-1.5896422863006592,0.6896134614944458,1.446930170059204,-0.02927759289741516,0.3895992040634155,1.4251517057418823,0.03352735936641693,0.6565918326377869,2.0963242053985596,-0.1231444925069809,0.38666075468063354,2.0743465423583984,-0.08036302030086517,0.6305134296417236,2.6929497718811035,0.31985631585121155,0.3700539171695709,2.662369966506958,0.1482236236333847,0.633656919002533,2.773904323577881,0.3282567858695984,0.3565683662891388,2.7394769191741943,0.1580979824066162,0.5916773080825806,2.8658242225646973,-0.2468249350786209,0.40742892026901245,2.850780963897705,-0.47227931022644043,,,,,,,,,,,,,,,,,,,,,,,,,,,,,,,,,,,,,,,,,,,,,,,,,,,,,,,,,,,,,,,
128,0.588532567024231,0.33550769090652466,-0.6123660206794739,0.620901346206665,0.2728959023952484,-0.5580626130104065,0.6364243626594543,0.27630120515823364,-0.5578120946884155,0.6505268216133118,0.2807956039905548,-0.5580304861068726,0.5653550624847412,0.26720741391181946,-0.5512917637825012,0.5453968048095703,0.2666538655757904,-0.5506228804588318,0.5266945362091064,0.26797404885292053,-0.5507944822311401,0.674056351184845,0.3198421597480774,-0.20976880192756653,0.5006721019744873,0.307131290435791,-0.16039973497390747,0.6200088858604431,0.4025924503803253,-0.48767557740211487,0.5492895245552063,0.40337178111076355,-0.47574305534362793,0.7969696521759033,0.6387722492218018,-0.05683894082903862,0.38620370626449585,0.6019144058227539,-0.10868139564990997,0.8589175343513489,0.9878273010253906,-0.02575661614537239,0.1862708181142807,0.8663036823272705,-0.6503393054008484,0.8714104890823364,1.4032206535339355,-0.1953212022781372,0.15932372212409973,0.5383636355400085,-1.5681532621383667,0.8820668458938599,1.5163955688476562,-0.2563244700431824,0.1165505051612854,0.38389143347740173,-1.7462689876556396,0.8422075510025024,1.488836407661438,-0.3052968680858612,0.17003324627876282,0.3300025761127472,-1.7456104755401611,0.8263424038887024,1.452865481376648,-0.2289053201675415,0.17853668332099915,0.41012904047966003,-1.5998985767364502,0.6899834275245667,1.441131353378296,-0.024201273918151855,0.3946930766105652,1.4218226671218872,0.028354261070489883,0.6628301739692688,2.086819648742676,-0.12374566495418549,0.3978775143623352,2.0703299045562744,-0.051917195320129395,0.6422293186187744,2.6835434436798096,0.30788320302963257,0.3856836259365082,2.6585617065429688,0.2191651612520218,0.6457422971725464,2.7647433280944824,0.3141748905181885,0.37315136194229126,2.735599994659424,0.23378276824951172,0.6061524748802185,2.8547816276550293,-0.24687156081199646,0.4214096665382385,2.8452069759368896,-0.3962520956993103,,,,,,,,,,,,,,,,,,,,,,,,,,,,,,,,,,,,,,,,,,,,,,,,,,,,,,,,,,,,,,,
129,0.5892888903617859,0.33565738797187805,-0.5928407907485962,0.6212691068649292,0.2728845179080963,-0.542467474937439,0.6365708708763123,0.27629604935646057,-0.5422332882881165,0.6505978107452393,0.28079119324684143,-0.5424555540084839,0.5654715299606323,0.2671184837818146,-0.5315037369728088,0.5454634428024292,0.2664400637149811,-0.5307811498641968,0.5267994999885559,0.267582505941391,-0.5309473276138306,0.6740666031837463,0.31958499550819397,-0.20788779854774475,0.5007597804069519,0.3068867027759552,-0.1446864902973175,0.6205094456672668,0.4026772379875183,-0.47386518120765686,0.5498273968696594,0.40350645780563354,-0.45613202452659607,0.7970975637435913,0.6366424560546875,-0.06605646759271622,0.3861759305000305,0.599602997303009,-0.07142304629087448,0.8583521842956543,0.9881323575973511,-0.08341140300035477,0.18099388480186462,0.8700117468833923,-0.5380290150642395,0.8709853887557983,1.4078953266143799,-0.3110559582710266,0.12367638200521469,0.5155408978462219,-1.3730096817016602,0.8859159350395203,1.5206780433654785,-0.39053428173065186,0.06970489770174026,0.3345489203929901,-1.5460761785507202,0.8429446220397949,1.4961516857147217,-0.443505197763443,0.10609205812215805,0.26395437121391296,-1.5765924453735352,0.8254791498184204,1.4603207111358643,-0.350312203168869,0.13945811986923218,0.3412403464317322,-1.4147067070007324,0.6924274563789368,1.4412795305252075,-0.026688208803534508,0.3976743817329407,1.4224247932434082,0.03110472857952118,0.6675152778625488,2.0882437229156494,-0.1294216811656952,0.40192824602127075,2.0747761726379395,-0.04496217891573906,0.6528047323226929,2.686694860458374,0.27587059140205383,0.3956032693386078,2.6641042232513428,0.18825015425682068,0.6579176783561707,2.7697088718414307,0.2816680073738098,0.38463377952575684,2.7412540912628174,0.19800785183906555,0.6163057088851929,2.8588669300079346,-0.2721985876560211,0.43519800901412964,2.854748249053955,-0.4247864782810211,0.13056831061840057,0.43031802773475647,2.9945340429549105e-07,0.17104214429855347,0.3370181918144226,-0.0013428993988782167,0.16853469610214233,0.24614590406417847,-0.00030240011983551085,0.15964016318321228,0.18610301613807678,-0.005029828753322363,0.15324552357196808,0.14480078220367432,-0.010685719549655914,0.10416365414857864,0.1429048478603363,0.02057594619691372,0.0892954021692276,0.04157598316669464,0.005023080389946699,0.08433161675930023,-0.01992739737033844,-0.011938538402318954,0.0833573043346405,-0.07340285181999207,-0.024835189804434776,0.07621634006500244,0.14894872903823853,0.005756828002631664,0.05500215291976929,0.03731276094913483,-0.00726903323084116,0.046808481216430664,-0.030555158853530884,-0.024112220853567123,0.0442584827542305,-0.0903904139995575,-0.0377514511346817,0.050644174218177795,0.1710345447063446,-0.013378712348639965,0.024700544774532318,0.071199432015419,-0.027035143226385117,0.01342833787202835,0.009416386485099792,-0.04025043174624443,0.007969364523887634,-0.045006394386291504,-0.05080500245094299,0.027176454663276672,0.21003979444503784,-0.0342525877058506,0.0016738325357437134,0.13799941539764404,-0.046167418360710144,-0.0105581134557724,0.08911391347646713,-0.05336923152208328,-0.017768800258636475,0.04155443608760834,-0.059796858578920364
130,0.5899344682693481,0.3356037735939026,-0.5770531892776489,0.6215180158615112,0.27254244685173035,-0.5268937945365906,0.6366580724716187,0.27595651149749756,-0.526659369468689,0.6506136655807495,0.2804037928581238,-0.5268689393997192,0.5657375454902649,0.2667545676231384,-0.5152004957199097,0.5457166433334351,0.26601043343544006,-0.5145338773727417,0.5271032452583313,0.2670849859714508,-0.514719545841217,0.6740436553955078,0.31897395849227905,-0.19819018244743347,0.5008947253227234,0.30675840377807617,-0.12974396347999573,0.620837926864624,0.4025527536869049,-0.4595169126987457,0.5503976941108704,0.4034442901611328,-0.44084587693214417,0.7970377802848816,0.6345998048782349,-0.0659843236207962,0.3876396417617798,0.5970190167427063,-0.059321172535419464,0.8577407598495483,0.9883220195770264,-0.08803892880678177,0.18331024050712585,0.8749774098396301,-0.5282766222953796,0.867139458656311,1.4096908569335938,-0.31118983030319214,0.12662449479103088,0.5146211981773376,-1.3616759777069092,0.8834118843078613,1.522367000579834,-0.38922765851020813,0.06377941370010376,0.32059356570243835,-1.5358188152313232,0.8382489085197449,1.4982279539108276,-0.4412271976470947,0.09731415659189224,0.2477688193321228,-1.5696437358856201,0.8202363848686218,1.4620486497879028,-0.3498431444168091,0.13847891986370087,0.32970330119132996,-1.4003199338912964,0.6940593123435974,1.4416898488998413,-0.02718735858798027,0.39950791001319885,1.4228053092956543,0.03171159327030182,0.668700098991394,2.089770555496216,-0.15204975008964539,0.40279620885849,2.0776138305664062,-0.045777808874845505,0.6549749374389648,2.6898844242095947,0.22288160026073456,0.3974967896938324,2.667240858078003,0.1705377995967865,0.6602240800857544,2.7737975120544434,0.22645652294158936,0.3869146704673767,2.743957757949829,0.1780800223350525,0.6186234354972839,2.8619511127471924,-0.3303837776184082,0.43831634521484375,2.860239267349243,-0.4435312747955322,0.1337704062461853,0.44151169061660767,2.3224390588438837e-07,0.1688251495361328,0.35017144680023193,6.31182556389831e-05,0.16280364990234375,0.25825631618499756,0.003959621302783489,0.1557001769542694,0.19681452214717865,0.00191776966676116,0.15391167998313904,0.1484534740447998,-0.00046013842802494764,0.10462348908185959,0.17040126025676727,0.02693205513060093,0.09104675054550171,0.07419314980506897,0.014375844970345497,0.08240435272455215,0.012849047780036926,-0.001152925891801715,0.07420244067907333,-0.038186490535736084,-0.013008742593228817,0.07687729597091675,0.1723369061946869,0.012970192357897758,0.059734493494033813,0.06653755903244019,0.002761871088296175,0.05090342089533806,0.0019824057817459106,-0.012220960110425949,0.04413295164704323,-0.05171115696430206,-0.023530898615717888,0.0513167604804039,0.18940187990665436,-0.005236518103629351,0.02839883416891098,0.09629085659980774,-0.015817532315850258,0.018208712339401245,0.03902392089366913,-0.025991538539528847,0.010923601686954498,-0.009535670280456543,-0.03392891585826874,0.02650349587202072,0.22437164187431335,-0.025227531790733337,-0.00037723034620285034,0.15975967049598694,-0.03414689749479294,-0.011711478233337402,0.11444886028766632,-0.037752650678157806,-0.017841368913650513,0.07210655510425568,-0.04086650535464287
131,0.5904300808906555,0.33546027541160583,-0.5715603828430176,0.6217442750930786,0.27208635210990906,-0.5201189517974854,0.6367500424385071,0.27554139494895935,-0.5198710560798645,0.6506398916244507,0.2799782156944275,-0.5200638771057129,0.5659276247024536,0.2662699818611145,-0.5087043046951294,0.545870840549469,0.2654975652694702,-0.5080558061599731,0.527267336845398,0.2665573060512543,-0.5082456469535828,0.674043595790863,0.3185400664806366,-0.1908644735813141,0.5009452104568481,0.30663350224494934,-0.12281806766986847,0.621098518371582,0.4023538827896118,-0.4540104866027832,0.5507891774177551,0.4033392667770386,-0.43578147888183594,0.7969849109649658,0.6332067251205444,-0.0652889534831047,0.3882240951061249,0.5957643389701843,-0.05468972772359848,0.8571063876152039,0.9884992837905884,-0.08818691968917847,0.18336322903633118,0.8779261708259583,-0.5261401534080505,0.8633549809455872,1.4113374948501587,-0.3084159195423126,0.12839217483997345,0.5133892893791199,-1.3555810451507568,0.8799586296081543,1.5241066217422485,-0.3864292502403259,0.0627843365073204,0.31261956691741943,-1.5301084518432617,0.8333784937858582,1.5003414154052734,-0.4371297359466553,0.09554310888051987,0.24177412688732147,-1.5580384731292725,0.8152677416801453,1.4638524055480957,-0.34672045707702637,0.1387893557548523,0.32511991262435913,-1.3919192552566528,0.6950692534446716,1.441880702972412,-0.027246519923210144,0.4002982974052429,1.4231809377670288,0.0318523608148098,0.6692080497741699,2.0912883281707764,-0.16894282400608063,0.4028702676296234,2.0792906284332275,-0.04614920914173126,0.655779242515564,2.6922857761383057,0.2039344310760498,0.39787811040878296,2.668271064758301,0.16476717591285706,0.6610608696937561,2.7764618396759033,0.20690913498401642,0.3873511850833893,2.744468927383423,0.17162227630615234,0.6193180680274963,2.864513874053955,-0.35496094822883606,0.4395042955875397,2.8630740642547607,-0.4508388042449951,0.13558433949947357,0.434691846370697,2.4387477992604545e-07,0.16883715987205505,0.3519790768623352,0.0013472196878865361,0.16261932253837585,0.2571523189544678,0.007566007785499096,0.15507495403289795,0.19458059966564178,0.008419474586844444,0.15435099601745605,0.150274395942688,0.009272659197449684,0.10400673747062683,0.16957303881645203,0.03003033623099327,0.09087805449962616,0.0783909410238266,0.021628908812999725,0.08247058093547821,0.0209663063287735,0.009067928418517113,0.07444162666797638,-0.026258811354637146,-0.0009156148298643529,0.07413069903850555,0.171809583902359,0.01771564967930317,0.05565590411424637,0.07397916913032532,0.011728310026228428,0.04611211270093918,0.014767587184906006,-0.0002511124184820801,0.03935140743851662,-0.03302133083343506,-0.009409140795469284,0.047756388783454895,0.1887257993221283,0.0015193058643490076,0.021160535514354706,0.10211741924285889,-0.0051184045150876045,0.009537927806377411,0.047867268323898315,-0.012640031985938549,0.00203116238117218,0.0024640262126922607,-0.018854426220059395,0.023027531802654266,0.22267159819602966,-0.01637384481728077,-0.0055846646428108215,0.15999735891819,-0.022437172010540962,-0.018655739724636078,0.1152355894446373,-0.02434570901095867,-0.02646356076002121,0.07278598845005035,-0.026127232238650322
132,0.5915807485580444,0.3354331851005554,-0.5666128993034363,0.6221047639846802,0.2719654142856598,-0.515332043170929,0.6368732452392578,0.2753952145576477,-0.5151044726371765,0.6506696939468384,0.27978435158729553,-0.5153416991233826,0.566615104675293,0.2661561965942383,-0.5055145621299744,0.5465471744537354,0.2653794586658478,-0.5049053430557251,0.5280013084411621,0.2664342522621155,-0.5050945281982422,0.6737001538276672,0.3180684745311737,-0.1849372386932373,0.5010251402854919,0.3066418766975403,-0.12293495237827301,0.6213567852973938,0.40227213501930237,-0.44811901450157166,0.5518167614936829,0.4033118486404419,-0.4319468140602112,0.7967674136161804,0.6312351822853088,-0.06487550586462021,0.38810673356056213,0.5953887104988098,-0.059096723794937134,0.8570286631584167,0.9883496165275574,-0.09011843800544739,0.18826721608638763,0.8818320631980896,-0.5439576506614685,0.8624979853630066,1.4097949266433716,-0.3164939284324646,0.13817113637924194,0.5082442760467529,-1.359710693359375,0.8781709671020508,1.5224835872650146,-0.3915523588657379,0.07731503993272781,0.31294211745262146,-1.5310313701629639,0.831894040107727,1.497280478477478,-0.4428471028804779,0.10795843601226807,0.24752777814865112,-1.5703871250152588,0.8141888380050659,1.4608113765716553,-0.3534722626209259,0.15246957540512085,0.3278772234916687,-1.4128056764602661,0.6978036761283875,1.4419562816619873,-0.025986099615693092,0.4040919840335846,1.4254800081253052,0.030483543872833252,0.6720039248466492,2.092198133468628,-0.15968789160251617,0.40678054094314575,2.0796940326690674,-0.04008661210536957,0.6593272089958191,2.6937882900238037,0.23487870395183563,0.4040859639644623,2.6714279651641846,0.19317853450775146,0.6640465259552002,2.7782602310180664,0.2405434548854828,0.3943851590156555,2.748504400253296,0.20241494476795197,0.6267567276954651,2.8657145500183105,-0.32833290100097656,0.4452679753303528,2.8637266159057617,-0.4137257933616638,0.14693087339401245,0.4401349127292633,1.7041581656940252e-07,0.18643155694007874,0.3621581494808197,-0.0017519332468509674,0.18550679087638855,0.27378779649734497,0.0026413651648908854,0.17879246175289154,0.21269339323043823,0.0021912988740950823,0.1774931252002716,0.16431967914104462,0.0016718590632081032,0.12836548686027527,0.18365411460399628,0.02674102410674095,0.11562168598175049,0.09922657907009125,0.017768122255802155,0.10868911445140839,0.04461677372455597,0.004935797769576311,0.10051160305738449,-0.0031497180461883545,-0.006059589330106974,0.1009557694196701,0.18351438641548157,0.014861089177429676,0.08895573019981384,0.08802402019500732,0.007192844524979591,0.08552520722150803,0.03051435947418213,-0.004991656634956598,0.08229369670152664,-0.020485490560531616,-0.01489229779690504,0.0755043774843216,0.1970870941877365,-0.0014175584074109793,0.05879698693752289,0.10767035186290741,-0.01142080593854189,0.05305807664990425,0.051851943135261536,-0.020002348348498344,0.04886848106980324,0.002317294478416443,-0.02690873295068741,0.05042671784758568,0.22532682120800018,-0.019492795690894127,0.03286883980035782,0.15633951127529144,-0.02881527878344059,0.02709169313311577,0.10897321999073029,-0.03220841661095619,0.024691835045814514,0.06320567429065704,-0.03542384132742882
133,0.5915622711181641,0.3358471691608429,-0.5581780672073364,0.6220092177391052,0.2720368206501007,-0.5078709125518799,0.6367715001106262,0.275438517332077,-0.5076416730880737,0.6504322290420532,0.27979859709739685,-0.5079185366630554,0.5664386749267578,0.2663419842720032,-0.4990496039390564,0.5463617444038391,0.26563525199890137,-0.49844247102737427,0.5278326272964478,0.26678702235221863,-0.4986238479614258,0.6730037927627563,0.31791990995407104,-0.1757221817970276,0.5009302496910095,0.3071047067642212,-0.11964060366153717,0.6213177442550659,0.4024321436882019,-0.43870505690574646,0.5518277287483215,0.40371260046958923,-0.4240247309207916,0.7963610887527466,0.6301594972610474,-0.05856863409280777,0.3879391551017761,0.5943149328231812,-0.061601489782333374,0.8568026423454285,0.983573317527771,-0.0872783288359642,0.20477311313152313,0.8742048144340515,-0.5569318532943726,0.8605767488479614,1.403551459312439,-0.2913340926170349,0.14608487486839294,0.5048757195472717,-1.3953169584274292,0.8744620084762573,1.5175193548202515,-0.3636016249656677,0.08503962308168411,0.3128741383552551,-1.5712919235229492,0.8294171094894409,1.4894284009933472,-0.4146030843257904,0.11621324717998505,0.24857693910598755,-1.6009441614151,0.8124291300773621,1.4526649713516235,-0.32761895656585693,0.16055700182914734,0.3297974169254303,-1.4470627307891846,0.6993602514266968,1.4422332048416138,-0.023553915321826935,0.4057347774505615,1.425939679145813,0.027963966131210327,0.6734374761581421,2.091963291168213,-0.15143968164920807,0.40776950120925903,2.0810368061065674,-0.04361492395401001,0.6598552465438843,2.6942193508148193,0.24475231766700745,0.4042050838470459,2.6727652549743652,0.1838303506374359,0.6643665432929993,2.7787489891052246,0.2504008114337921,0.3943776488304138,2.7498421669006348,0.19218693673610687,0.627975583076477,2.8660435676574707,-0.3236428499221802,0.4457828104496002,2.8661508560180664,-0.4218965172767639,0.15682855248451233,0.44169092178344727,1.8278549873684824e-07,0.19805952906608582,0.36869966983795166,-0.0030554658733308315,0.20077818632125854,0.2777979075908661,0.0021678528282791376,0.1975264847278595,0.2159189134836197,0.0035769627429544926,0.1945982575416565,0.17114639282226562,0.005158715881407261,0.14779503643512726,0.19565974175930023,0.023985186591744423,0.1408836841583252,0.11549953371286392,0.01702970638871193,0.1364038586616516,0.06620950996875763,0.006290741264820099,0.1293317675590515,0.02303454279899597,-0.002766873687505722,0.11964180320501328,0.19430232048034668,0.014079506509006023,0.10946209728717804,0.0998682826757431,0.007249683141708374,0.10590512305498123,0.042905062437057495,-0.004009735770523548,0.10145732760429382,-0.006150051951408386,-0.01285680290311575,0.09327621757984161,0.2059127390384674,7.403033669106662e-05,0.07892991602420807,0.11469374597072601,-0.010087903589010239,0.07477839291095734,0.0597802996635437,-0.019716516137123108,0.0710015594959259,0.012890174984931946,-0.02665591798722744,0.0662112832069397,0.23187565803527832,-0.015461194328963757,0.04961656779050827,0.15966154634952545,-0.02531343884766102,0.042221494019031525,0.10866139829158783,-0.030026331543922424,0.03747359663248062,0.05941206216812134,-0.033834125846624374
134,0.5915654301643372,0.33604586124420166,-0.5622116327285767,0.6219809055328369,0.27206096053123474,-0.5108317136764526,0.6367332339286804,0.2754487991333008,-0.5105971693992615,0.6503201723098755,0.2797947824001312,-0.5108706951141357,0.5663307905197144,0.2664167582988739,-0.5023403167724609,0.5462377667427063,0.2657355070114136,-0.5017153024673462,0.5277084708213806,0.2669258415699005,-0.5018905401229858,0.6726417541503906,0.3177582919597626,-0.17539307475090027,0.5008260011672974,0.3073202073574066,-0.12102685868740082,0.6213093996047974,0.40250250697135925,-0.441916286945343,0.5518358945846558,0.4039522707462311,-0.4276089668273926,0.7960459589958191,0.6293832063674927,-0.05715424567461014,0.3878914415836334,0.593818724155426,-0.06317725032567978,0.8567298054695129,0.983764111995697,-0.0851001963019371,0.20428188145160675,0.8769968748092651,-0.5641648769378662,0.8603380918502808,1.4028931856155396,-0.2846841514110565,0.14755752682685852,0.5024699568748474,-1.4228852987289429,0.8741399049758911,1.5171263217926025,-0.3569149672985077,0.08583881705999374,0.3125143349170685,-1.6001895666122437,0.8293951749801636,1.4890834093093872,-0.40888848900794983,0.11729903519153595,0.2483738213777542,-1.618607759475708,0.812412440776825,1.4523253440856934,-0.32137566804885864,0.16145440936088562,0.33096209168434143,-1.4682163000106812,0.7003363966941833,1.4424197673797607,-0.022220982238650322,0.4063938558101654,1.4266568422317505,0.026625981554389,0.6746407151222229,2.092190980911255,-0.14838364720344543,0.4084634780883789,2.081829309463501,-0.04730191081762314,0.6606206297874451,2.6948301792144775,0.2518301010131836,0.4046338200569153,2.673114776611328,0.17775394022464752,0.6650677919387817,2.7794723510742188,0.25783103704452515,0.39472848176956177,2.750378131866455,0.18596753478050232,0.629006028175354,2.866607427597046,-0.320894718170166,0.4463875889778137,2.8671395778656006,-0.4323611259460449,0.1556175798177719,0.4393739700317383,2.5503612732791225e-07,0.19552156329154968,0.3682589530944824,-0.003177098697051406,0.19854502379894257,0.2796249985694885,0.0022422901820391417,0.19622474908828735,0.21983326971530914,0.00383194163441658,0.19203823804855347,0.1763610988855362,0.0056198169477283955,0.14596174657344818,0.20035354793071747,0.023593604564666748,0.1412283480167389,0.11842896044254303,0.015858223661780357,0.1386297196149826,0.06655773520469666,0.004732881672680378,0.13285928964614868,0.02232488989830017,-0.004187918268144131,0.12010457366704941,0.19654537737369537,0.01347635593265295,0.11301454156637192,0.10036058723926544,0.006090140901505947,0.11128774285316467,0.042036205530166626,-0.0052874586544930935,0.10793918371200562,-0.00758691132068634,-0.013822310604155064,0.0944150984287262,0.20567645132541656,-0.0007824923377484083,0.08172839879989624,0.1139298602938652,-0.010788221843540668,0.07909299433231354,0.05789195001125336,-0.020291591063141823,0.07660438120365143,0.011438935995101929,-0.0268305204808712,0.06706180423498154,0.22916169464588165,-0.016688046976923943,0.04980131983757019,0.15687301754951477,-0.02588088996708393,0.042336516082286835,0.10516178607940674,-0.030183441936969757,0.03785168379545212,0.056238383054733276,-0.03358843922615051
135,0.5904697775840759,0.3366330862045288,-0.5444157123565674,0.6212167739868164,0.272143691778183,-0.49360352754592896,0.6362847685813904,0.27550458908081055,-0.49336105585098267,0.6498490571975708,0.27983173727989197,-0.49365973472595215,0.5650975704193115,0.26664379239082336,-0.4847584366798401,0.5449117422103882,0.2661130130290985,-0.48415622115135193,0.526518702507019,0.2674836814403534,-0.4843394160270691,0.6720353960990906,0.317730575799942,-0.15965189039707184,0.49996131658554077,0.3077589273452759,-0.10477924346923828,0.6206966638565063,0.4030719995498657,-0.4246080815792084,0.5504289269447327,0.40508487820625305,-0.4100000858306885,0.7953985333442688,0.6288446187973022,-0.04557640850543976,0.38781794905662537,0.5930724740028381,-0.05528590828180313,0.8558284044265747,0.9798555374145508,-0.07393164187669754,0.2100951224565506,0.8753708600997925,-0.568408191204071,0.8577481508255005,1.3999557495117188,-0.2613046169281006,0.15392020344734192,0.5017949938774109,-1.450063705444336,0.8716868162155151,1.5150552988052368,-0.32753437757492065,0.09876494109630585,0.314663290977478,-1.6283515691757202,0.8278310894966125,1.4863556623458862,-0.38023898005485535,0.1327260434627533,0.2496231645345688,-1.634169578552246,0.810767650604248,1.4492706060409546,-0.2962236702442169,0.17284822463989258,0.3347490727901459,-1.4891469478607178,0.7004566192626953,1.44261634349823,-0.02319425716996193,0.4062350392341614,1.426877498626709,0.027617860585451126,0.6748493909835815,2.0909268856048584,-0.16243351995944977,0.40800395607948303,2.0818612575531006,-0.04269065707921982,0.6604464054107666,2.6938095092773438,0.20591160655021667,0.40409523248672485,2.6744370460510254,0.19869869947433472,0.6648661494255066,2.7781944274902344,0.20876070857048035,0.39409178495407104,2.751927137374878,0.20774900913238525,0.6284838318824768,2.8660390377044678,-0.35033339262008667,0.4457210898399353,2.8686347007751465,-0.40998178720474243,0.1709885448217392,0.4405733346939087,2.2764160689803248e-07,0.21319527924060822,0.37871330976486206,-0.009604393504559994,0.2207866609096527,0.29088953137397766,-0.007899992167949677,0.21816787123680115,0.22754591703414917,-0.008643221110105515,0.21371124684810638,0.18789894878864288,-0.008514566347002983,0.17024120688438416,0.19752737879753113,0.015605454333126545,0.16546234488487244,0.1195003017783165,0.007136339321732521,0.16192296147346497,0.07280933856964111,-0.004705060739070177,0.15685805678367615,0.03067833185195923,-0.014191999100148678,0.1413017064332962,0.19603615999221802,0.009395068511366844,0.1310064047574997,0.1061408519744873,0.0026085611898452044,0.12696729600429535,0.05327369272708893,-0.007709859870374203,0.12252223491668701,0.008908852934837341,-0.015470907092094421,0.11553142964839935,0.20870615541934967,-0.0009417726541869342,0.09872284531593323,0.12694934010505676,-0.010301080532371998,0.09107910841703415,0.08206284046173096,-0.01755066029727459,0.0843958780169487,0.04676203429698944,-0.022139649838209152,0.09187202155590057,0.23487257957458496,-0.01358215231448412,0.0763983279466629,0.16753433644771576,-0.021943747997283936,0.06695126742124557,0.12278620153665543,-0.024864671751856804,0.05955647677183151,0.08396978676319122,-0.026678796857595444
136,0.5898668169975281,0.336873322725296,-0.5610913038253784,0.6209771037101746,0.27212926745414734,-0.5056660175323486,0.6361851692199707,0.2754957377910614,-0.5054739713668823,0.6497634053230286,0.27982693910598755,-0.5056775808334351,0.5646472573280334,0.26661908626556396,-0.5019208192825317,0.5444837212562561,0.26609548926353455,-0.5013483166694641,0.5260939002037048,0.2674776613712311,-0.5014728307723999,0.6719352006912231,0.31771838665008545,-0.16310088336467743,0.4996337890625,0.3078460097312927,-0.11226606369018555,0.6202537417411804,0.4036397933959961,-0.4322391152381897,0.5496277213096619,0.4057675898075104,-0.4238262176513672,0.795200765132904,0.6284955143928528,-0.03307156637310982,0.3862963616847992,0.5974582433700562,-0.08049635589122772,0.8558344841003418,0.9672154188156128,-0.028191667050123215,0.21083812415599823,0.8770822882652283,-0.687810480594635,0.864292323589325,1.3955786228179932,-0.1891976147890091,0.16917598247528076,0.5542998909950256,-1.6651601791381836,0.8789352178573608,1.5095609426498413,-0.24048714339733124,0.1281215250492096,0.3991160988807678,-1.8494590520858765,0.8389684557914734,1.4831832647323608,-0.2819438576698303,0.18443667888641357,0.3328026533126831,-1.8347225189208984,0.8203957676887512,1.4475222826004028,-0.21872758865356445,0.22295722365379333,0.4137137830257416,-1.6927711963653564,0.7010927796363831,1.4427467584609985,-0.02445184253156185,0.407423198223114,1.4294109344482422,0.028826916590332985,0.6790890097618103,2.091378927230835,-0.15157262980937958,0.41256871819496155,2.0865323543548584,0.08841920644044876,0.6659470796585083,2.694221019744873,0.2650277316570282,0.41229790449142456,2.676028251647949,0.4943006634712219,0.670883059501648,2.778164863586426,0.27055007219314575,0.4028269648551941,2.7526471614837646,0.5238451957702637,0.6339840888977051,2.8664727210998535,-0.29141002893447876,0.45313286781311035,2.8726541996002197,-0.09918603301048279,0.2040930986404419,0.4443086087703705,2.363173337016633e-07,0.24720227718353271,0.3846101760864258,-0.010717988014221191,0.2543792724609375,0.30331987142562866,-0.007533469703048468,0.2538394331932068,0.2401607632637024,-0.007118974346667528,0.25700515508651733,0.20079337060451508,-0.005235928110778332,0.20922774076461792,0.2032608985900879,0.029384544119238853,0.20264442265033722,0.1281624436378479,0.025366639718413353,0.19825683534145355,0.08167967200279236,0.014106233604252338,0.19331270456314087,0.04023332893848419,0.0046294862404465675,0.17846086621284485,0.199366495013237,0.025696853175759315,0.16963163018226624,0.11711371690034866,0.024446463212370872,0.1667235642671585,0.06813426315784454,0.01367353554815054,0.16502898931503296,0.02588064968585968,0.005179570522159338,0.15027321875095367,0.20832332968711853,0.01688581518828869,0.14077328145503998,0.13194915652275085,0.01421571709215641,0.1378674954175949,0.08677197992801666,0.00687382509931922,0.1363486647605896,0.05050809681415558,0.0011527332244440913,0.12303231656551361,0.22973239421844482,0.00514540821313858,0.10896638035774231,0.16789254546165466,0.0035952834878116846,0.10349451005458832,0.12974464893341064,0.002858456689864397,0.10167838633060455,0.09717561304569244,0.0019795470871031284
137,0.5896828770637512,0.33706408739089966,-0.5626740455627441,0.6209357380867004,0.2721236050128937,-0.5068414211273193,0.6361650824546814,0.2754911184310913,-0.5066279768943787,0.6497493386268616,0.2798241078853607,-0.5068795084953308,0.5645331144332886,0.2665955126285553,-0.503205418586731,0.5443660020828247,0.26605549454689026,-0.5026294589042664,0.5259369015693665,0.2674304246902466,-0.5027307271957397,0.6719146370887756,0.3176974058151245,-0.1634492427110672,0.4993915557861328,0.3078552186489105,-0.11409018188714981,0.6200261116027832,0.40398651361465454,-0.4350430965423584,0.5490955114364624,0.4062449634075165,-0.42428478598594666,0.7949122786521912,0.6282678246498108,-0.02461680769920349,0.38567084074020386,0.5996770262718201,-0.08363006263971329,0.8557931780815125,0.9624525904655457,-0.0070678601041436195,0.2088763266801834,0.8829043507575989,-0.6846233010292053,0.8654752969741821,1.39372980594635,-0.16300350427627563,0.17872971296310425,0.5638006925582886,-1.6355390548706055,0.8803234100341797,1.5068514347076416,-0.21495158970355988,0.14362654089927673,0.39775100350379944,-1.8188579082489014,0.841212272644043,1.4811174869537354,-0.25517192482948303,0.20328538119792938,0.3410857617855072,-1.7981315851211548,0.8222926259040833,1.4461902379989624,-0.19256709516048431,0.2415129691362381,0.4251371920108795,-1.660299301147461,0.7016032934188843,1.4428993463516235,-0.02525867149233818,0.4077720046043396,1.4303081035614014,0.029659565538167953,0.6815520524978638,2.0916213989257812,-0.1508423388004303,0.41514211893081665,2.0892508029937744,0.09957823902368546,0.6694282293319702,2.694512128829956,0.27470141649246216,0.41602396965026855,2.6771891117095947,0.4989360272884369,0.6745575666427612,2.778059720993042,0.2803592085838318,0.40649884939193726,2.7531039714813232,0.527725338935852,0.6372000575065613,2.866811513900757,-0.2857101559638977,0.456993043422699,2.875060796737671,-0.099444180727005,0.20105624198913574,0.442509263753891,3.05461128391471e-07,0.24687570333480835,0.3848341703414917,-0.011175177991390228,0.25513893365859985,0.30416199564933777,-0.007985853590071201,0.2540515661239624,0.24396128952503204,-0.007197724189609289,0.25686943531036377,0.20404934883117676,-0.005057859234511852,0.20808221399784088,0.20706340670585632,0.026699187234044075,0.2036661058664322,0.13110026717185974,0.021133149042725563,0.2003938853740692,0.08351874351501465,0.008790455758571625,0.1958715319633484,0.04158218204975128,-0.0011791260913014412,0.1789586991071701,0.20201833546161652,0.02304762229323387,0.17249906063079834,0.1184866726398468,0.02002561464905739,0.17104196548461914,0.06950898468494415,0.00858466699719429,0.1705012321472168,0.02727670967578888,-0.00024584520724602044,0.1513826698064804,0.20900946855545044,0.014393438585102558,0.14330342411994934,0.13074931502342224,0.01003178209066391,0.1420130878686905,0.08511421084403992,0.00263117253780365,0.1416836380958557,0.0476924329996109,-0.0028683298733085394,0.12331186234951019,0.22911834716796875,0.0029316504951566458,0.11253966391086578,0.16447758674621582,-7.907499821158126e-05,0.1075391098856926,0.12277742475271225,-0.0009548828238621354,0.1050405502319336,0.08427578210830688,-0.0018467986956238747
138,0.5900999307632446,0.33710187673568726,-0.5841330289840698,0.6209189295768738,0.2720583379268646,-0.52043217420578,0.6361578702926636,0.2754186987876892,-0.5202051401138306,0.6497485041618347,0.2797490954399109,-0.5203742384910583,0.5645184516906738,0.2665783166885376,-0.5167304277420044,0.5443564653396606,0.2660592496395111,-0.516058623790741,0.525894284248352,0.2675277590751648,-0.5161013603210449,0.6717780828475952,0.31764647364616394,-0.16640253365039825,0.4989667534828186,0.30845406651496887,-0.11894053220748901,0.620299756526947,0.4044279456138611,-0.458617627620697,0.5497034788131714,0.4073895514011383,-0.4474313259124756,0.7949584722518921,0.6298767328262329,-0.031233424320816994,0.3813186287879944,0.6172806620597839,-0.07960337400436401,0.8561840057373047,0.9633550643920898,-0.032229695469141006,0.18619777262210846,0.9336021542549133,-0.6754428148269653,0.8841484189033508,1.4090226888656616,-0.20244362950325012,0.19933369755744934,0.5704389810562134,-1.6211706399917603,0.9095042943954468,1.5216140747070312,-0.26369649171829224,0.19051988422870636,0.39164772629737854,-1.7886989116668701,0.8645415306091309,1.50504469871521,-0.2991983890533447,0.23764768242835999,0.3533606231212616,-1.7106841802597046,0.8421581387519836,1.4713603258132935,-0.2331039011478424,0.26495009660720825,0.4377177059650421,-1.6144310235977173,0.703034520149231,1.448710560798645,-0.032604627311229706,0.40780386328697205,1.4432241916656494,0.037381820380687714,0.6825851798057556,2.1061716079711914,-0.16378644108772278,0.41457048058509827,2.1108508110046387,0.13025374710559845,0.6716867685317993,2.7072837352752686,0.2704083323478699,0.4158603250980377,2.6967012882232666,0.5410898923873901,0.6778443455696106,2.7908098697662354,0.27527403831481934,0.4065963327884674,2.7708446979522705,0.5703015327453613,0.6376618146896362,2.8813326358795166,-0.31638801097869873,0.45917949080467224,2.901017904281616,-0.07097537070512772,0.22956353425979614,0.4566330313682556,1.7221833559233346e-07,0.27981364727020264,0.40059059858322144,-0.007872318848967552,0.30394867062568665,0.32148173451423645,-0.003499869490042329,0.311667799949646,0.2603108882904053,-0.0028575509786605835,0.3110864758491516,0.2113715559244156,-0.0015718807699158788,0.27798277139663696,0.23491255939006805,0.029507029801607132,0.2886269688606262,0.1623607873916626,0.02222614362835884,0.29355451464653015,0.11503863334655762,0.009574536234140396,0.29594868421554565,0.07456044852733612,-0.00041478185448795557,0.2498079240322113,0.21985235810279846,0.02292335219681263,0.2579629421234131,0.13951203227043152,0.017169589176774025,0.2627008259296417,0.0877690315246582,0.0026929646264761686,0.2669900059700012,0.04314647614955902,-0.008104566484689713,0.2187279462814331,0.21706871688365936,0.011307853274047375,0.21989433467388153,0.14502224326133728,0.0040923599153757095,0.2249675989151001,0.0986463874578476,-0.006130139343440533,0.23102350533008575,0.0605446994304657,-0.013627388514578342,0.1839040070772171,0.226180300116539,-0.00274851405993104,0.16838525235652924,0.17803101241588593,-0.00761648453772068,0.16651812195777893,0.1452513039112091,-0.009810192510485649,0.17047616839408875,0.11822287738323212,-0.011738678440451622
139,0.590181827545166,0.33710184693336487,-0.6285151839256287,0.6210019588470459,0.2717951536178589,-0.5596774816513062,0.6363171339035034,0.2752216160297394,-0.5593077540397644,0.6501434445381165,0.27966463565826416,-0.5594520568847656,0.564521074295044,0.2665036916732788,-0.5548246502876282,0.544245183467865,0.26605623960494995,-0.5542170405387878,0.525371253490448,0.26755818724632263,-0.5542895793914795,0.6722599267959595,0.3178383708000183,-0.1902892291545868,0.49779343605041504,0.3086564838886261,-0.14345373213291168,0.6204956769943237,0.4051009714603424,-0.501494288444519,0.5496203303337097,0.4083500802516937,-0.4898325800895691,0.7951315641403198,0.6322002410888672,-0.04727918654680252,0.373187392950058,0.6224687695503235,-0.07869835197925568,0.8571114540100098,0.9704912304878235,-0.03349902853369713,0.14954669773578644,0.9541208744049072,-0.6499764919281006,0.893687903881073,1.4423688650131226,-0.2039564847946167,0.24113042652606964,0.5297390818595886,-1.4207775592803955,0.9230687022209167,1.5583833456039429,-0.2673271894454956,0.2722533047199249,0.3354620933532715,-1.6017042398452759,0.8713318109512329,1.547634482383728,-0.3052443861961365,0.2942800223827362,0.3087058663368225,-1.4959088563919067,0.8477217555046082,1.5108990669250488,-0.23567207157611847,0.30903178453445435,0.3936270475387573,-1.407207727432251,0.7024468183517456,1.4579671621322632,-0.046824611723423004,0.40055084228515625,1.4499015808105469,0.05195923522114754,0.6770031452178955,2.126532793045044,-0.17547886073589325,0.39992260932922363,2.126957416534424,0.13580593466758728,0.6636353731155396,2.733184337615967,0.2965412437915802,0.40207821130752563,2.7172322273254395,0.5706182718276978,0.6693228483200073,2.8199305534362793,0.30577296018600464,0.39277511835098267,2.7923192977905273,0.6014875769615173,0.6273697018623352,2.9122564792633057,-0.31360504031181335,0.4496340751647949,2.930069923400879,-0.06841983646154404,,,,,,,,,,,,,,,,,,,,,,,,,,,,,,,,,,,,,,,,,,,,,,,,,,,,,,,,,,,,,,,
140,0.5901280641555786,0.3369304835796356,-0.6443440318107605,0.6209942102432251,0.27133065462112427,-0.5754355788230896,0.636329710483551,0.2748618721961975,-0.5750523209571838,0.6502522230148315,0.2794657349586487,-0.5752156972885132,0.5644696354866028,0.2662537395954132,-0.5693212151527405,0.5439785122871399,0.26596811413764954,-0.5687443017959595,0.5246964693069458,0.2675389051437378,-0.5688504576683044,0.6725589036941528,0.3179091811180115,-0.20172497630119324,0.49680089950561523,0.3087143003940582,-0.15176509320735931,0.6205213069915771,0.40519189834594727,-0.5166224837303162,0.5492299199104309,0.40849560499191284,-0.5037205815315247,0.795150637626648,0.6335771679878235,-0.05319337919354439,0.3697859048843384,0.6227697730064392,-0.07808452844619751,0.8578914403915405,0.9749166369438171,-0.034805480390787125,0.13969579339027405,0.9582691788673401,-0.6420600414276123,0.8963726758956909,1.449012279510498,-0.19943641126155853,0.2545086741447449,0.510254979133606,-1.3952726125717163,0.9256987571716309,1.565384030342102,-0.2658690810203552,0.28666335344314575,0.3161982595920563,-1.5792286396026611,0.8723526000976562,1.5546603202819824,-0.3032701313495636,0.3073092997074127,0.2888140082359314,-1.4799768924713135,0.8488140106201172,1.5174052715301514,-0.23174500465393066,0.32359105348587036,0.37351471185684204,-1.3858907222747803,0.7007573843002319,1.4616049528121948,-0.05505523830652237,0.3945654034614563,1.4511566162109375,0.060255587100982666,0.6697754263877869,2.1344921588897705,-0.18448249995708466,0.3887949585914612,2.131410598754883,0.15299198031425476,0.6531045436859131,2.7429144382476807,0.301433265209198,0.38943010568618774,2.724356174468994,0.6100714206695557,0.658111035823822,2.830444097518921,0.31156522035598755,0.3800075650215149,2.7997238636016846,0.643248438835144,0.614832878112793,2.9229562282562256,-0.31504079699516296,0.4374816417694092,2.93973970413208,-0.032471977174282074,,,,,,,,,,,,,,,,,,,,,,,,,,,,,,,,,,,,,,,,,,,,,,,,,,,,,,,,,,,,,,,
141,0.5890292525291443,0.33622708916664124,-0.6480012536048889,0.6206902861595154,0.2706978917121887,-0.5774582028388977,0.636219322681427,0.27430200576782227,-0.5771081447601318,0.650227427482605,0.27904126048088074,-0.577248215675354,0.5637999773025513,0.26609304547309875,-0.5723174810409546,0.5429705381393433,0.2659613788127899,-0.5717588663101196,0.5234137773513794,0.2676059305667877,-0.5719279050827026,0.6728246808052063,0.31795865297317505,-0.20077577233314514,0.4960714876651764,0.30892133712768555,-0.15307243168354034,0.6201156377792358,0.4050561785697937,-0.5184870958328247,0.5464264750480652,0.4083057641983032,-0.507117509841919,0.795507550239563,0.6342366337776184,-0.049206580966711044,0.3672362267971039,0.6236501932144165,-0.08730384707450867,0.8580570220947266,0.9790796041488647,-0.015712406486272812,0.1367504596710205,0.966448962688446,-0.6420217752456665,0.8949378728866577,1.4510318040847778,-0.14623525738716125,0.28121745586395264,0.49520620703697205,-1.3723881244659424,0.9226948618888855,1.5665589570999146,-0.20649099349975586,0.3154149055480957,0.3176126480102539,-1.5515071153640747,0.8708807826042175,1.5547866821289062,-0.2375156581401825,0.3369629979133606,0.29097574949264526,-1.4479105472564697,0.8479294776916504,1.5176881551742554,-0.17602378129959106,0.3493320345878601,0.3706033527851105,-1.3602488040924072,0.7001575231552124,1.4613858461380005,-0.05614311248064041,0.38971734046936035,1.450986623764038,0.06138916686177254,0.6685141921043396,2.135740041732788,-0.19168367981910706,0.38641926646232605,2.131143093109131,0.12958113849163055,0.6493423581123352,2.7468461990356445,0.3179953694343567,0.38646918535232544,2.727108955383301,0.5591803193092346,0.6533560752868652,2.834620952606201,0.33009201288223267,0.376897394657135,2.8032827377319336,0.5900490283966064,0.6122922301292419,2.9267146587371826,-0.3139248192310333,0.4346318244934082,2.9410479068756104,-0.08970855921506882,0.28392642736434937,0.4970395863056183,-8.727303679734177e-08,0.35456958413124084,0.40500444173812866,0.02088850922882557,0.3747144639492035,0.31013041734695435,0.01698795147240162,0.3825194835662842,0.24284282326698303,0.004147712606936693,0.39297062158584595,0.19321094453334808,-0.006926022004336119,0.29725614190101624,0.2172021120786667,-0.003454088931903243,0.3516114056110382,0.13053488731384277,-0.022356407716870308,0.4015583097934723,0.14626647531986237,-0.03293243795633316,0.42384570837020874,0.17609643936157227,-0.03956465795636177,0.2847856879234314,0.23360495269298553,-0.02843424305319786,0.3599604070186615,0.1503012478351593,-0.042960405349731445,0.40210336446762085,0.19147153198719025,-0.046766117215156555,0.40597236156463623,0.23127597570419312,-0.05123240500688553,0.289216548204422,0.2670667767524719,-0.05216685310006142,0.36501628160476685,0.21178312599658966,-0.06154973804950714,0.39672601222991943,0.26060807704925537,-0.05075855553150177,0.3934190273284912,0.3006945848464966,-0.04637441039085388,0.30394798517227173,0.30965375900268555,-0.0751442164182663,0.3675755560398102,0.28088799118995667,-0.07634022831916809,0.3911481201648712,0.31191718578338623,-0.06331002712249756,0.38870131969451904,0.34485435485839844,-0.05582025274634361
142,0.5890337228775024,0.3357015550136566,-0.6460404396057129,0.6206551790237427,0.269929438829422,-0.5747907161712646,0.6362143754959106,0.27312570810317993,-0.5744651556015015,0.6502323150634766,0.27742940187454224,-0.574601948261261,0.5636453628540039,0.2660730481147766,-0.5698977112770081,0.5428225994110107,0.26602891087532043,-0.5693287253379822,0.5232614278793335,0.26800814270973206,-0.5695163011550903,0.6729029417037964,0.3172720670700073,-0.19666942954063416,0.4957847595214844,0.30945298075675964,-0.1520298421382904,0.6201661229133606,0.40458741784095764,-0.5153456926345825,0.5464939475059509,0.40817832946777344,-0.5043541193008423,0.7957051992416382,0.6341444849967957,-0.04095274582505226,0.3678200840950012,0.6264592409133911,-0.08757268637418747,0.8596814870834351,0.9792453646659851,0.0019371805246919394,0.13465426862239838,0.965086042881012,-0.6501341462135315,0.8976130485534668,1.4523773193359375,-0.09954176098108292,0.30552154779434204,0.48292669653892517,-1.3722107410430908,0.9257334470748901,1.5689178705215454,-0.15464480221271515,0.3455718457698822,0.31638288497924805,-1.5509721040725708,0.8728146553039551,1.557996153831482,-0.18630453944206238,0.3681725561618805,0.29254740476608276,-1.4437191486358643,0.8498643636703491,1.5212852954864502,-0.12871061265468597,0.37908637523651123,0.36363884806632996,-1.358626127243042,0.7017515301704407,1.4618868827819824,-0.05962180346250534,0.39003482460975647,1.451943039894104,0.06488270312547684,0.6709514856338501,2.1411311626434326,-0.1909627765417099,0.38652127981185913,2.1365153789520264,0.1274646818637848,0.6523958444595337,2.75311017036438,0.3629736304283142,0.3890083432197571,2.735649824142456,0.5704993009567261,0.6563419103622437,2.8406920433044434,0.3774089217185974,0.3802506625652313,2.8126704692840576,0.6031131744384766,0.6162188053131104,2.933720111846924,-0.27023524045944214,0.43724972009658813,2.9489028453826904,-0.08725292980670929,0.29826438426971436,0.5142738223075867,-2.3207441302020015e-07,0.3658132255077362,0.4614291191101074,0.00933103822171688,0.40327781438827515,0.401522159576416,0.0110347094014287,0.4099697768688202,0.3458041548728943,0.005124750547111034,0.4050385355949402,0.30625709891319275,-0.0015299486694857478,0.39433762431144714,0.2840973138809204,0.026041030883789062,0.41539302468299866,0.20422086119651794,0.016091041266918182,0.429423063993454,0.1955995261669159,0.0025565295945852995,0.4369795024394989,0.20260486006736755,-0.007054682355374098,0.3725222647190094,0.27622678875923157,0.012307542376220226,0.4015348255634308,0.18720951676368713,0.0038985449355095625,0.4203197956085205,0.19413718581199646,-0.00881775189191103,0.42642346024513245,0.21315062046051025,-0.01815280131995678,0.35162240266799927,0.2779604196548462,-0.003194409189745784,0.380167692899704,0.190022811293602,-0.010850815102458,0.3973216414451599,0.20232903957366943,-0.013098634779453278,0.40074580907821655,0.22821864485740662,-0.014388988725841045,0.3304564654827118,0.29072386026382446,-0.018820172175765038,0.3513326048851013,0.21776345372200012,-0.021365854889154434,0.36967986822128296,0.21711093187332153,-0.01639002561569214,0.37799015641212463,0.23202574253082275,-0.012612962163984776
143,0.5890406966209412,0.3353517949581146,-0.643708348274231,0.6206369400024414,0.2694157063961029,-0.5726081132888794,0.6362137198448181,0.2723386883735657,-0.5722972750663757,0.6502466201782227,0.2763556241989136,-0.5724363923072815,0.5635325908660889,0.2660616934299469,-0.5678228139877319,0.5427130460739136,0.2660992443561554,-0.5672498941421509,0.523156464099884,0.26832982897758484,-0.5674452185630798,0.6729912757873535,0.3167969286441803,-0.19298256933689117,0.4955976903438568,0.3098471760749817,-0.150759756565094,0.6202176213264465,0.4042637050151825,-0.5127333998680115,0.5465474724769592,0.4081049859523773,-0.5019158720970154,0.7958341836929321,0.6340221166610718,-0.035134635865688324,0.36818552017211914,0.6280796527862549,-0.0873555988073349,0.8609294891357422,0.9793314337730408,0.009717644192278385,0.13447469472885132,0.9636911153793335,-0.6506866216659546,0.8990074992179871,1.4518201351165771,-0.09041565656661987,0.3118056058883667,0.47601118683815,-1.3700189590454102,0.9269299507141113,1.5685466527938843,-0.14541171491146088,0.3513205647468567,0.31507647037506104,-1.5485594272613525,0.8736626505851746,1.557469129562378,-0.17685456573963165,0.37380167841911316,0.2930472195148468,-1.4412442445755005,0.8507808446884155,1.5209910869598389,-0.11929245293140411,0.3846264183521271,0.3584127128124237,-1.3562043905258179,0.7026257514953613,1.4618682861328125,-0.061559390276670456,0.3902493119239807,1.4520772695541382,0.06678946316242218,0.6722703576087952,2.142573595046997,-0.18252545595169067,0.3867238163948059,2.1378138065338135,0.1332201212644577,0.6538394689559937,2.7540321350097656,0.3887239396572113,0.3906455934047699,2.737828493118286,0.5928860306739807,0.6575928926467896,2.841184377670288,0.4042239189147949,0.38253065943717957,2.815133810043335,0.6274513602256775,0.6183763742446899,2.935002565383911,-0.23708772659301758,0.4387287199497223,2.9502744674682617,-0.06379745900630951,0.30013084411621094,0.5010170936584473,6.314613898439347e-08,0.3689378798007965,0.46141713857650757,0.015115777030587196,0.4083634614944458,0.4130439758300781,0.022350013256072998,0.4263927936553955,0.3744697868824005,0.021561091765761375,0.42640790343284607,0.3450363874435425,0.020147044211626053,0.40531685948371887,0.3087640404701233,0.046572860330343246,0.42131221294403076,0.24099551141262054,0.046904221177101135,0.432875394821167,0.20867222547531128,0.040299586951732635,0.4432484209537506,0.1830137073993683,0.034972090274095535,0.38584235310554504,0.2946373522281647,0.031111039221286774,0.403046190738678,0.2203364372253418,0.03469017893075943,0.4193008542060852,0.19162680208683014,0.029069075360894203,0.4336358606815338,0.1723204106092453,0.02440626546740532,0.36344611644744873,0.2906317114830017,0.012865528464317322,0.3761407732963562,0.21667349338531494,0.015510194003582,0.39256662130355835,0.18791136145591736,0.015747176483273506,0.4088646471500397,0.16750885546207428,0.01479665469378233,0.3375870883464813,0.29662761092185974,-0.00598510354757309,0.3461310565471649,0.23278410732746124,-0.0026079006493091583,0.3570845425128937,0.20191586017608643,0.0029876846820116043,0.37008944153785706,0.17786753177642822,0.0068188500590622425
144,0.5890910625457764,0.3352169096469879,-0.6589751839637756,0.6205949187278748,0.26931697130203247,-0.58794105052948,0.6361913084983826,0.27208903431892395,-0.5875797271728516,0.6502372026443481,0.2759363055229187,-0.5877624750137329,0.5635201930999756,0.2660822570323944,-0.5838420987129211,0.5427146553993225,0.26623207330703735,-0.5833069682121277,0.5231683254241943,0.26856544613838196,-0.5834947824478149,0.6730061769485474,0.3165861964225769,-0.20561251044273376,0.49541059136390686,0.309874564409256,-0.16353829205036163,0.6205030083656311,0.4040388762950897,-0.5272374749183655,0.5472434163093567,0.407684862613678,-0.5166692137718201,0.7959266304969788,0.6339462995529175,-0.041188422590494156,0.3690851330757141,0.6300058364868164,-0.11176478862762451,0.863226592540741,0.9795973300933838,0.003318491857498884,0.1350335329771042,0.9619490504264832,-0.6726334095001221,0.8992382884025574,1.4520089626312256,-0.11014395952224731,0.327762633562088,0.4694792628288269,-1.3749604225158691,0.9279333353042603,1.5695537328720093,-0.1696775108575821,0.37015628814697266,0.31044402718544006,-1.552655816078186,0.8731669187545776,1.5595526695251465,-0.20293748378753662,0.39251047372817993,0.29206418991088867,-1.4485511779785156,0.8503019213676453,1.5221391916275024,-0.1400667428970337,0.40077441930770874,0.35080090165138245,-1.361365556716919,0.7022728323936462,1.4617209434509277,-0.060896433889865875,0.38919323682785034,1.4512938261032104,0.06608671694993973,0.6718140840530396,2.141395330429077,-0.17853450775146484,0.38699859380722046,2.1365864276885986,0.12935009598731995,0.6527619957923889,2.753445863723755,0.3960140645503998,0.3904823660850525,2.736555576324463,0.5589548945426941,0.6563019156455994,2.8407719135284424,0.41212907433509827,0.3820818066596985,2.8141260147094727,0.5898555517196655,0.6176954507827759,2.9338126182556152,-0.22448232769966125,0.43875154852867126,2.9479589462280273,-0.07259304821491241,0.31502577662467957,0.4990134537220001,1.125058233242271e-07,0.3764965236186981,0.4648209512233734,0.008911398239433765,0.4151031970977783,0.41135239601135254,0.018922340124845505,0.43439340591430664,0.3689747154712677,0.022846149280667305,0.435760498046875,0.3357885479927063,0.02681269682943821,0.4110868275165558,0.3269510567188263,0.04432762414216995,0.4339428246021271,0.268867552280426,0.0442408062517643,0.4477846324443817,0.2357780635356903,0.036448657512664795,0.4590573310852051,0.20521529018878937,0.029741493985056877,0.3951667845249176,0.30976349115371704,0.032512106001377106,0.42149847745895386,0.24737989902496338,0.033399321138858795,0.43906593322753906,0.21446146070957184,0.02504909597337246,0.45415300130844116,0.18656857311725616,0.018464606255292892,0.3747997283935547,0.30002540349960327,0.017239416018128395,0.39938271045684814,0.23491476476192474,0.01646159030497074,0.41597187519073486,0.2012658715248108,0.012045305222272873,0.4309364855289459,0.1733502447605133,0.00836009718477726,0.3488582372665405,0.29828402400016785,0.0009595478768460453,0.36476877331733704,0.2395687699317932,0.0011764711234718561,0.3759363889694214,0.20680002868175507,0.002859916305169463,0.3881492018699646,0.17797239124774933,0.0036274329759180546
145,0.589026927947998,0.33522117137908936,-0.6615722179412842,0.6202514171600342,0.26939836144447327,-0.5913094878196716,0.6358961462974548,0.2721497416496277,-0.5909339189529419,0.6499494314193726,0.27597925066947937,-0.5910948514938354,0.563435435295105,0.2661971151828766,-0.5871037840843201,0.5427130460739136,0.2664065957069397,-0.5865458846092224,0.5232125520706177,0.26873117685317993,-0.5867186784744263,0.6727966070175171,0.31667762994766235,-0.2104918658733368,0.49515262246131897,0.31001004576683044,-0.16723255813121796,0.6204816102981567,0.404058039188385,-0.5302796363830566,0.5473060607910156,0.40765121579170227,-0.5194237232208252,0.7958949208259583,0.6338871121406555,-0.043602608144283295,0.36914485692977905,0.6309795379638672,-0.12053624540567398,0.8648112416267395,0.979623019695282,0.0024107731878757477,0.13649672269821167,0.9605220556259155,-0.676518976688385,0.8999840021133423,1.4510347843170166,-0.12228792905807495,0.33273836970329285,0.46843811869621277,-1.3736134767532349,0.9295387268066406,1.5683400630950928,-0.18255868554115295,0.375029981136322,0.3100992739200592,-1.5501017570495605,0.8733746409416199,1.5577257871627808,-0.21749308705329895,0.3974939286708832,0.2922242283821106,-1.4469231367111206,0.8502260446548462,1.5204540491104126,-0.15279459953308105,0.4047156274318695,0.35009756684303284,-1.3597525358200073,0.7019743323326111,1.4615585803985596,-0.06044634431600571,0.3880973756313324,1.450695514678955,0.06562594324350357,0.6713501214981079,2.1405253410339355,-0.17978142201900482,0.3868241012096405,2.1358025074005127,0.09984219074249268,0.6524360179901123,2.7527244091033936,0.37793368101119995,0.39023321866989136,2.7353897094726562,0.5046809911727905,0.6560377478599548,2.84028697013855,0.3918968141078949,0.3816642463207245,2.813088893890381,0.5321101546287537,0.6174582839012146,2.9322805404663086,-0.23288564383983612,0.4386179447174072,2.946012020111084,-0.15676234662532806,0.3240879774093628,0.48862478137016296,1.4455751795594551e-07,0.3819219768047333,0.4590545892715454,0.004611354321241379,0.4160510003566742,0.40726548433303833,0.012385050766170025,0.43297719955444336,0.36513805389404297,0.01502180751413107,0.43756765127182007,0.3280552327632904,0.017542408779263496,0.412676066160202,0.32803457975387573,0.03522511199116707,0.4364904761314392,0.2718828022480011,0.03181581571698189,0.4503745436668396,0.236003577709198,0.023068338632583618,0.46082597970962524,0.20307880640029907,0.015948889777064323,0.3983340561389923,0.312039315700531,0.02478966675698757,0.42461273074150085,0.2505718469619751,0.021865157410502434,0.43999290466308594,0.2157040387392044,0.012735976837575436,0.4532219171524048,0.18606214225292206,0.005762780085206032,0.37865179777145386,0.3013189733028412,0.010798538103699684,0.4035221338272095,0.23819369077682495,0.005304069723933935,0.4191153049468994,0.20302972197532654,-0.0005548350163735449,0.4325251877307892,0.17299596965312958,-0.00464739790186286,0.35279884934425354,0.29713594913482666,-0.004179954994469881,0.3707890808582306,0.24035468697547913,-0.009009039029479027,0.38296493887901306,0.20571215450763702,-0.00998369138687849,0.39582395553588867,0.17306846380233765,-0.010751953348517418
146,0.5889315009117126,0.3353009521961212,-0.6606594324111938,0.619952380657196,0.2695807218551636,-0.5914096236228943,0.6356474161148071,0.2723080813884735,-0.5910269021987915,0.6497108340263367,0.27611052989959717,-0.5911800861358643,0.5633226037025452,0.2664249837398529,-0.586775004863739,0.5426982641220093,0.2667255997657776,-0.5862038135528564,0.5232210755348206,0.2690654397010803,-0.5863680243492126,0.672632098197937,0.3168431222438812,-0.2130800485610962,0.49492210149765015,0.3103191554546356,-0.16778838634490967,0.6204374432563782,0.40417689085006714,-0.5300482511520386,0.5473273992538452,0.40765756368637085,-0.5186479091644287,0.7958938479423523,0.6338364481925964,-0.04496312886476517,0.36942270398139954,0.6317222714424133,-0.12082475423812866,0.8663637042045593,0.9794560670852661,-3.744273635675199e-05,0.13739968836307526,0.9598716497421265,-0.6721179485321045,0.9019787907600403,1.4505559206008911,-0.1279594451189041,0.33400440216064453,0.4681825041770935,-1.3628830909729004,0.9325095415115356,1.5678762197494507,-0.18929940462112427,0.3766370117664337,0.3101353347301483,-1.53876793384552,0.8751716613769531,1.556464433670044,-0.22339734435081482,0.3991728127002716,0.29252853989601135,-1.4353554248809814,0.8514989614486694,1.519262671470642,-0.15837106108665466,0.40616050362586975,0.3499544858932495,-1.3486530780792236,0.7017576098442078,1.4613231420516968,-0.06010579317808151,0.3874762952327728,1.4500534534454346,0.06528015434741974,0.6711438894271851,2.1398773193359375,-0.18047316372394562,0.38677355647087097,2.135315418243408,0.08322657644748688,0.6524264216423035,2.7521541118621826,0.36904066801071167,0.39022040367126465,2.734551429748535,0.4768609404563904,0.6560601592063904,2.8398563861846924,0.3822268843650818,0.38158220052719116,2.8123624324798584,0.5029852390289307,0.6175190210342407,2.9311869144439697,-0.23776927590370178,0.4386071562767029,2.9446589946746826,-0.1885547935962677,0.331657737493515,0.4803274869918823,1.8005745516802563e-07,0.38583338260650635,0.45374995470046997,0.0034032331313937902,0.4171496033668518,0.40714409947395325,0.009684066288173199,0.4329332411289215,0.36863404512405396,0.01115389820188284,0.4390774071216583,0.333028107881546,0.012374388054013252,0.41382843255996704,0.3267172873020172,0.030880020931363106,0.4373385012149811,0.2729127109050751,0.026522189378738403,0.4518442451953888,0.23900650441646576,0.017519913613796234,0.46262645721435547,0.2075914591550827,0.010466272942721844,0.39970019459724426,0.31062716245651245,0.020795533433556557,0.42697063088417053,0.25197333097457886,0.017109254375100136,0.44365042448043823,0.21835385262966156,0.007917954586446285,0.4578421413898468,0.18947233259677887,0.0010828992817550898,0.38023167848587036,0.2999914884567261,0.007338075898587704,0.40534529089927673,0.2394641786813736,0.0014915053034201264,0.42171382904052734,0.2038692981004715,-0.004847965203225613,0.43601155281066895,0.17322030663490295,-0.009178891777992249,0.35453304648399353,0.29591500759124756,-0.007071638945490122,0.3726766109466553,0.2413301169872284,-0.012157819233834743,0.3848016858100891,0.20748667418956757,-0.01327122375369072,0.3974674344062805,0.1758415400981903,-0.01403013151139021
147,0.5893303155899048,0.33521759510040283,-0.6932381391525269,0.6199864149093628,0.2695712149143219,-0.6224997639656067,0.6356543302536011,0.2722809910774231,-0.6220933198928833,0.6497136950492859,0.27604809403419495,-0.6222511529922485,0.5637250542640686,0.26638633012771606,-0.618023157119751,0.543608546257019,0.26663362979888916,-0.6174482107162476,0.524579644203186,0.2688353657722473,-0.6176005601882935,0.6726047396659851,0.31682342290878296,-0.23761340975761414,0.49519234895706177,0.30971044301986694,-0.1931230127811432,0.620564341545105,0.40402713418006897,-0.5604962706565857,0.5484977960586548,0.40704792737960815,-0.5491763353347778,0.7958871126174927,0.6338240504264832,-0.07078274339437485,0.3703520596027374,0.6315683126449585,-0.14665016531944275,0.8679708242416382,0.9796320796012878,-0.049332547932863235,0.13824251294136047,0.9590870141983032,-0.7078999876976013,0.902387797832489,1.450519323348999,-0.1890198290348053,0.3396449685096741,0.4602023661136627,-1.387459635734558,0.9343239068984985,1.5672338008880615,-0.26028043031692505,0.38053956627845764,0.3040189743041992,-1.56273353099823,0.875836968421936,1.5560450553894043,-0.2906525731086731,0.40272268652915955,0.2899216115474701,-1.4463167190551758,0.8515605926513672,1.518979787826538,-0.2197253704071045,0.41005611419677734,0.3444962799549103,-1.3672668933868408,0.7000531554222107,1.4612280130386353,-0.06294479966163635,0.3862937092781067,1.4483625888824463,0.0681956484913826,0.6653832197189331,2.1402008533477783,-0.19255922734737396,0.38234207034111023,2.1346964836120605,0.08348854631185532,0.6443490982055664,2.754157066345215,0.36327457427978516,0.3837359547615051,2.734307050704956,0.47838273644447327,0.6486139893531799,2.8428709506988525,0.3772546052932739,0.37471073865890503,2.812420129776001,0.5048239231109619,0.6072146892547607,2.93143630027771,-0.2592892348766327,0.42829012870788574,2.944300651550293,-0.18342386186122894,0.33847740292549133,0.47765734791755676,1.7946210562058695e-07,0.3902197480201721,0.4514472484588623,0.0048732757568359375,0.4195142984390259,0.39926251769065857,0.013367608189582825,0.43314340710639954,0.36192020773887634,0.017088932916522026,0.43823108077049255,0.3307517170906067,0.02051125280559063,0.41450610756874084,0.32521548867225647,0.031573712825775146,0.4385901689529419,0.27324390411376953,0.028738856315612793,0.4541057348251343,0.24022656679153442,0.021231800317764282,0.4654272496700287,0.2093924731016159,0.015143334865570068,0.4006357192993164,0.30936816334724426,0.021245798096060753,0.4281119704246521,0.25226449966430664,0.018567824736237526,0.4458477795124054,0.21908441185951233,0.01027056947350502,0.46057456731796265,0.19017964601516724,0.004156582523137331,0.38213467597961426,0.29915907979011536,0.007721302565187216,0.40752145648002625,0.23937909305095673,0.0024543211329728365,0.42489540576934814,0.20331981778144836,-0.004317405633628368,0.43930158019065857,0.17263291776180267,-0.008739382959902287,0.35801348090171814,0.29534396529197693,-0.006586035247892141,0.37714076042175293,0.23960751295089722,-0.011317901313304901,0.39058980345726013,0.20438767969608307,-0.013063275255262852,0.40429481863975525,0.17233790457248688,-0.014318935573101044
148,0.5896701216697693,0.3351423442363739,-0.6970697045326233,0.6199849843978882,0.2695493996143341,-0.6256066560745239,0.6356501579284668,0.2722182869911194,-0.6252181529998779,0.6497089266777039,0.2759232521057129,-0.6253779530525208,0.5640098452568054,0.26636987924575806,-0.6212056279182434,0.5442811250686646,0.26660043001174927,-0.6206128597259521,0.5255633592605591,0.26874643564224243,-0.6207617521286011,0.6725813746452332,0.3167598843574524,-0.23972654342651367,0.49526849389076233,0.30954888463020325,-0.19583722949028015,0.6206443309783936,0.403829425573349,-0.5640231966972351,0.5492451786994934,0.40668541193008423,-0.5529760718345642,0.7960700392723083,0.6338087916374207,-0.08073648065328598,0.37087926268577576,0.6313900351524353,-0.15037955343723297,0.8684993982315063,0.9834216833114624,-0.07704026252031326,0.13836102187633514,0.9593181610107422,-0.7114099264144897,0.9021278619766235,1.4535014629364014,-0.22792725265026093,0.3435485363006592,0.45677274465560913,-1.3883458375930786,0.9343842267990112,1.5702404975891113,-0.3045074939727783,0.38153547048568726,0.30075448751449585,-1.5631392002105713,0.8755282163619995,1.5598405599594116,-0.33524733781814575,0.4038103222846985,0.288611501455307,-1.4555457830429077,0.851486086845398,1.5224496126174927,-0.25961557030677795,0.411790668964386,0.34243515133857727,-1.3707793951034546,0.6995648145675659,1.4619152545928955,-0.06576753407716751,0.38604676723480225,1.4482871294021606,0.07110618054866791,0.664086639881134,2.1418941020965576,-0.21596989035606384,0.3818255662918091,2.134587049484253,0.06516153365373611,0.6438513398170471,2.7588655948638916,0.31636565923690796,0.38374143838882446,2.735163688659668,0.4158720076084137,0.6485954523086548,2.849430799484253,0.3274172842502594,0.37471166253089905,2.813856840133667,0.4371601641178131,0.6057765483856201,2.933764934539795,-0.31396669149398804,0.42743563652038574,2.945324182510376,-0.24974508583545685,0.3435904085636139,0.47565898299217224,1.850899309374654e-07,0.3926296532154083,0.44967472553253174,0.003434463171288371,0.4201207756996155,0.3982733488082886,0.010967378504574299,0.4325019121170044,0.36174333095550537,0.01411899272352457,0.4394876956939697,0.3312235474586487,0.01725616492331028,0.4169691801071167,0.3250989615917206,0.029528602957725525,0.44102025032043457,0.27365797758102417,0.026179293170571327,0.45670902729034424,0.2402733564376831,0.01869240775704384,0.46812325716018677,0.20921899378299713,0.012671525590121746,0.4033169746398926,0.30947941541671753,0.02002161182463169,0.42986083030700684,0.2541017234325409,0.016734879463911057,0.4467419385910034,0.22132685780525208,0.008598276413977146,0.4610472619533539,0.1927812397480011,0.002767674159258604,0.3851287066936493,0.29919975996017456,0.007285695523023605,0.409864604473114,0.24031129479408264,0.0014877598732709885,0.4265064597129822,0.20506535470485687,-0.004970001522451639,0.4404762387275696,0.17510883510112762,-0.008937042206525803,0.3610343933105469,0.29505473375320435,-0.0063274628482759,0.3800705671310425,0.24066221714019775,-0.01121698971837759,0.39308565855026245,0.20536339282989502,-0.012842276133596897,0.40628284215927124,0.17317020893096924,-0.013856596313416958
149,0.5897789001464844,0.3351325988769531,-0.7010784149169922,0.6199520826339722,0.2695426046848297,-0.6292856931686401,0.6356018781661987,0.27220529317855835,-0.6288988590240479,0.6496627926826477,0.275876522064209,-0.6290549635887146,0.5640846490859985,0.26636990904808044,-0.6249061822891235,0.5445491671562195,0.2665988802909851,-0.6243088841438293,0.5260116457939148,0.2687196731567383,-0.6244547367095947,0.6724853515625,0.3167214095592499,-0.24263878166675568,0.4952723979949951,0.30944907665252686,-0.1989683359861374,0.6206498146057129,0.4037702679634094,-0.5677976608276367,0.5494993329048157,0.4065445065498352,-0.5568255186080933,0.7961591482162476,0.6337959170341492,-0.08635585010051727,0.3710537850856781,0.6312497854232788,-0.15477995574474335,0.8689422607421875,0.9857553839683533,-0.08895473182201385,0.1386462152004242,0.9591283202171326,-0.7174860239028931,0.9020487666130066,1.4550355672836304,-0.24445220828056335,0.3450195789337158,0.45387956500053406,-1.395301103591919,0.9348209500312805,1.5715385675430298,-0.32172590494155884,0.3818497061729431,0.2981189787387848,-1.5703771114349365,0.8754040598869324,1.5614829063415527,-0.352485716342926,0.40420451760292053,0.28723132610321045,-1.4592342376708984,0.8512957692146301,1.5240228176116943,-0.27636903524398804,0.4124109148979187,0.34061041474342346,-1.376449704170227,0.6990402340888977,1.4623548984527588,-0.06741809099912643,0.38568878173828125,1.4482558965682983,0.07280709594488144,0.6627683639526367,2.1429648399353027,-0.2242068499326706,0.38113725185394287,2.1344237327575684,0.05301029235124588,0.6429328918457031,2.761932134628296,0.30032798647880554,0.38331568241119385,2.735736608505249,0.3916475176811218,0.648145854473114,2.853477716445923,0.31057602167129517,0.3742470145225525,2.8147647380828857,0.41174355149269104,0.6041485071182251,2.9353811740875244,-0.3301768898963928,0.4262465834617615,2.94610857963562,-0.2752627432346344,0.3427108824253082,0.4747964143753052,1.8674906243631995e-07,0.39103376865386963,0.4517141580581665,0.0021294893231242895,0.4192236363887787,0.40067291259765625,0.009542853571474552,0.4321945905685425,0.3625252842903137,0.01290389709174633,0.43876105546951294,0.33085039258003235,0.01638026535511017,0.41679713129997253,0.3268851935863495,0.028726700693368912,0.44009625911712646,0.2746075987815857,0.02558537945151329,0.45534977316856384,0.2403489053249359,0.01831880770623684,0.4662638306617737,0.2087077647447586,0.012422355823218822,0.4032718241214752,0.3106948435306549,0.019994013011455536,0.4294779598712921,0.2548251748085022,0.016618089750409126,0.44649237394332886,0.22175449132919312,0.008488049730658531,0.46083077788352966,0.1931520253419876,0.0027750195004045963,0.3850345015525818,0.2999378442764282,0.007968923076987267,0.4092490077018738,0.24072837829589844,0.0019622105173766613,0.42539888620376587,0.20492173731327057,-0.004720502998679876,0.4388824701309204,0.17478081583976746,-0.008702653460204601,0.361133873462677,0.29502418637275696,-0.0050160884857177734,0.3803204894065857,0.24061110615730286,-0.010141182690858841,0.39297130703926086,0.2051263451576233,-0.012064450420439243,0.4055877923965454,0.17320479452610016,-0.013170868158340454
150,0.5882460474967957,0.3353738486766815,-0.6943266987800598,0.6188045144081116,0.26996830105781555,-0.6234620809555054,0.6348153352737427,0.272661417722702,-0.6230894327163696,0.6490986943244934,0.27632659673690796,-0.6232512593269348,0.5630351305007935,0.26653823256492615,-0.6190821528434753,0.5438498258590698,0.2667233347892761,-0.6184950470924377,0.5256266593933105,0.2687610685825348,-0.6186512112617493,0.6723645925521851,0.3171306550502777,-0.23966285586357117,0.49493035674095154,0.3095168173313141,-0.19509084522724152,0.6196061968803406,0.40412595868110657,-0.5618568658828735,0.5482102632522583,0.4066091477870941,-0.5507296919822693,0.796200692653656,0.633888304233551,-0.0852225124835968,0.3711979389190674,0.6315596699714661,-0.14920218288898468,0.8689562082290649,0.9867432713508606,-0.0875438004732132,0.13927680253982544,0.9600327610969543,-0.7128602266311646,0.9037987589836121,1.4574486017227173,-0.2348404824733734,0.34438544511795044,0.455111563205719,-1.375309705734253,0.9391549825668335,1.5732473134994507,-0.30976930260658264,0.38387730717658997,0.2985210120677948,-1.5509318113327026,0.8780738115310669,1.5643173456192017,-0.3408249020576477,0.4068163335323334,0.287364661693573,-1.443535566329956,0.852561354637146,1.5270968675613403,-0.26669198274612427,0.41432642936706543,0.3408835530281067,-1.3592283725738525,0.6983140110969543,1.4636340141296387,-0.06760184466838837,0.38455280661582947,1.4482156038284302,0.07305684685707092,0.6601362824440002,2.145297050476074,-0.21935999393463135,0.3784085810184479,2.1347198486328125,0.05243338271975517,0.63958740234375,2.76423716545105,0.3042401373386383,0.3796321749687195,2.736409902572632,0.3980887532234192,0.6449328660964966,2.856295585632324,0.31484687328338623,0.370543897151947,2.815678596496582,0.418802410364151,0.60025554895401,2.936836004257202,-0.32210373878479004,0.4227226674556732,2.9474642276763916,-0.26671701669692993,0.34572622179985046,0.47555601596832275,1.8843554983050126e-07,0.3929632604122162,0.451882004737854,0.002619636245071888,0.4196433126926422,0.3994121849536896,0.010033342987298965,0.4321035146713257,0.36267587542533875,0.013350008986890316,0.44003719091415405,0.33433082699775696,0.016585910692811012,0.41547510027885437,0.326193243265152,0.02777126058936119,0.4387314021587372,0.27493470907211304,0.02416253089904785,0.45477965474128723,0.24186459183692932,0.016804859042167664,0.4664938449859619,0.21117188036441803,0.01088521908968687,0.4025833010673523,0.31104105710983276,0.018705524504184723,0.4296574592590332,0.2561515271663666,0.01488090306520462,0.4479254186153412,0.22444628179073334,0.006713262293487787,0.4633755385875702,0.1963716447353363,0.000978735275566578,0.3850266933441162,0.3013462722301483,0.006430203095078468,0.4095340967178345,0.2427922487258911,6.064686385798268e-05,0.426564484834671,0.20752108097076416,-0.0069058057852089405,0.44091400504112244,0.1770278811454773,-0.011091121472418308,0.36158332228660583,0.2974831759929657,-0.006691711023449898,0.38076427578926086,0.24316903948783875,-0.012167591601610184,0.39410340785980225,0.20781680941581726,-0.01447631511837244,0.40749260783195496,0.17561744153499603,-0.01595640555024147
151,0.5881872773170471,0.3356647491455078,-0.6938654184341431,0.618633508682251,0.2704828083515167,-0.6225263476371765,0.6346825957298279,0.27312663197517395,-0.6221303343772888,0.6490143537521362,0.2767578661441803,-0.6222800612449646,0.5630050301551819,0.2669883370399475,-0.6181305646896362,0.5438506007194519,0.26708003878593445,-0.6175331473350525,0.5256519317626953,0.26896780729293823,-0.6176793575286865,0.6723586320877075,0.317582905292511,-0.2385190725326538,0.49491363763809204,0.309768408536911,-0.19419187307357788,0.6194441318511963,0.4042450487613678,-0.5614246129989624,0.5482279658317566,0.4067040979862213,-0.5503700971603394,0.7962173223495483,0.6339858174324036,-0.08342207223176956,0.3714320957660675,0.6317864656448364,-0.15106911957263947,0.8690471649169922,0.9870726466178894,-0.082798071205616,0.1395639032125473,0.9598352313041687,-0.7123172283172607,0.903922438621521,1.457640528678894,-0.2268231362104416,0.3464755117893219,0.4551643431186676,-1.3775063753128052,0.9397686719894409,1.5730551481246948,-0.2997902035713196,0.3831936717033386,0.29864779114723206,-1.5534249544143677,0.8786419034004211,1.564254641532898,-0.33152779936790466,0.4061938226222992,0.28739169239997864,-1.4513542652130127,0.8527555465698242,1.5271592140197754,-0.2586935758590698,0.41462332010269165,0.341208815574646,-1.3638547658920288,0.6980852484703064,1.464553713798523,-0.06741994619369507,0.3843189775943756,1.448292851448059,0.07287735491991043,0.659552276134491,2.1465766429901123,-0.22299595177173615,0.37748903036117554,2.1351356506347656,0.05329157039523125,0.6390563249588013,2.766055107116699,0.29343387484550476,0.3787783086299896,2.7377045154571533,0.4031270146369934,0.6443942785263062,2.8582584857940674,0.3031826913356781,0.36966079473495483,2.817207098007202,0.42416509985923767,0.5999158620834351,2.938370704650879,-0.3382987380027771,0.4221838116645813,2.949202537536621,-0.26277440786361694,0.3472805321216583,0.47554177045822144,1.8020537595475616e-07,0.3931131958961487,0.45419690012931824,0.0019620461389422417,0.4196501672267914,0.40155595541000366,0.008593728765845299,0.4315834045410156,0.36315104365348816,0.011594665236771107,0.4415723979473114,0.33538109064102173,0.014599698595702648,0.4180387854576111,0.3275524973869324,0.02481767348945141,0.44135236740112305,0.2759731411933899,0.021063650026917458,0.45728886127471924,0.24322815239429474,0.013902613893151283,0.4686938226222992,0.21298928558826447,0.00820956937968731,0.4048495292663574,0.3121452331542969,0.016336403787136078,0.43206703662872314,0.2571011483669281,0.012876281514763832,0.4493910074234009,0.22524958848953247,0.0054513998329639435,0.4634152948856354,0.1970977634191513,0.00017018208745867014,0.3872995376586914,0.30208417773246765,0.004857087507843971,0.4124844968318939,0.24345014989376068,-0.0007151892641559243,0.4294794797897339,0.20889602601528168,-0.0067744082771241665,0.4432283341884613,0.17912808060646057,-0.010545545257627964,0.3635709881782532,0.2977370619773865,-0.0074766953475773335,0.38261836767196655,0.24376225471496582,-0.011999629437923431,0.3963758945465088,0.20928941667079926,-0.01353328488767147,0.4096846878528595,0.17797593772411346,-0.014576725661754608
152,0.5880675315856934,0.33599141240119934,-0.6935411691665649,0.6183983087539673,0.27100709080696106,-0.6219257116317749,0.6344995498657227,0.2736271619796753,-0.6215211153030396,0.648884117603302,0.2772466540336609,-0.6216630339622498,0.5629085898399353,0.2674810588359833,-0.6174336671829224,0.5438184142112732,0.26753267645835876,-0.6168297529220581,0.5256475806236267,0.2693081796169281,-0.6169719099998474,0.6723507046699524,0.3181348443031311,-0.23774516582489014,0.4948572516441345,0.3101913332939148,-0.1932538002729416,0.6192589998245239,0.40446993708610535,-0.561123788356781,0.5482272505760193,0.4068741798400879,-0.5500219464302063,0.7962287664413452,0.6341469287872314,-0.08234750479459763,0.3716239035129547,0.6321906447410583,-0.150215744972229,0.869144082069397,0.9876470565795898,-0.0801038146018982,0.13974139094352722,0.9596516489982605,-0.7100783586502075,0.9045082926750183,1.458496332168579,-0.22206220030784607,0.34769606590270996,0.4550551474094391,-1.379787802696228,0.9409744143486023,1.5734704732894897,-0.2940443754196167,0.38335153460502625,0.298683226108551,-1.5559823513031006,0.8799154162406921,1.5649977922439575,-0.3260905146598816,0.4063897728919983,0.2874252498149872,-1.455986499786377,0.8535475730895996,1.528024673461914,-0.25390487909317017,0.4152044355869293,0.34146609902381897,-1.3672075271606445,0.6980553269386292,1.4658390283584595,-0.06750074028968811,0.38424333930015564,1.4488391876220703,0.07297978550195694,0.6595736742019653,2.148212194442749,-0.2263907939195633,0.3774029612541199,2.1364283561706543,0.05493088439106941,0.639229416847229,2.7680935859680176,0.28812623023986816,0.37879636883735657,2.7398197650909424,0.4110422730445862,0.6445562839508057,2.860474109649658,0.297730416059494,0.3697093427181244,2.81961989402771,0.4328674376010895,0.6002618670463562,2.9402358531951904,-0.3453347682952881,0.4222639203071594,2.9514718055725098,-0.253435879945755,0.34647509455680847,0.47503817081451416,1.7817077946347126e-07,0.3927660286426544,0.4543236494064331,0.0014202288584783673,0.41981610655784607,0.40265873074531555,0.00792704988270998,0.4320860505104065,0.36445412039756775,0.010791548527777195,0.4412783980369568,0.3358843922615051,0.01367316022515297,0.4175508916378021,0.3285910189151764,0.02493153139948845,0.44067856669425964,0.2770490348339081,0.020980505272746086,0.45649078488349915,0.2440224587917328,0.013646834529936314,0.46774959564208984,0.2134576290845871,0.007778628263622522,0.4043956398963928,0.31320321559906006,0.01656823791563511,0.4315102696418762,0.25867030024528503,0.012574544176459312,0.4493946135044098,0.22672750055789948,0.004741325508803129,0.4640727937221527,0.1985461264848709,-0.0007800410385243595,0.38694965839385986,0.30318325757980347,0.00509755639359355,0.4118395745754242,0.2445961833000183,-0.0012711596209555864,0.4292464554309845,0.20944613218307495,-0.0078080324456095695,0.4436410367488861,0.17926010489463806,-0.01177932508289814,0.3635181784629822,0.2988468110561371,-0.007254219148308039,0.38200461864471436,0.24512189626693726,-0.012603714130818844,0.39547625184059143,0.21031878888607025,-0.014606812968850136,0.4087277054786682,0.17857463657855988,-0.015904247760772705
153,0.5880686640739441,0.33587580919265747,-0.6976670026779175,0.6182776093482971,0.2710053622722626,-0.6264544725418091,0.6343451738357544,0.27361592650413513,-0.6260328888893127,0.648710310459137,0.27722325921058655,-0.6261851787567139,0.5629096031188965,0.2674719989299774,-0.621557354927063,0.5438457727432251,0.2675049602985382,-0.6209503412246704,0.5257067084312439,0.269217312335968,-0.6210830211639404,0.6721007823944092,0.3181094527244568,-0.24195623397827148,0.4948510527610779,0.3100062608718872,-0.1961197555065155,0.6192073822021484,0.4044205844402313,-0.5652130842208862,0.5482406616210938,0.4066868722438812,-0.5535920858383179,0.7962060570716858,0.6341807842254639,-0.08612608164548874,0.3717327415943146,0.6320534348487854,-0.15226012468338013,0.8691439628601074,0.9889768958091736,-0.08443646132946014,0.1398671418428421,0.9593238830566406,-0.7123968601226807,0.9044892191886902,1.458530306816101,-0.2246028482913971,0.34742143750190735,0.45152172446250916,-1.3826158046722412,0.9410486221313477,1.5733286142349243,-0.29749569296836853,0.3844224512577057,0.29532358050346375,-1.559299111366272,0.8801350593566895,1.5650018453598022,-0.33040887117385864,0.4080584943294525,0.28548046946525574,-1.4567620754241943,0.853614330291748,1.5280681848526,-0.25706714391708374,0.416523277759552,0.3394177258014679,-1.369232177734375,0.6976951360702515,1.4659746885299683,-0.06814058125019073,0.3841717839241028,1.4488162994384766,0.07364081591367722,0.6592242121696472,2.148494243621826,-0.22587259113788605,0.37734803557395935,2.136505126953125,0.05544634535908699,0.6390517354011536,2.7686398029327393,0.29022589325904846,0.3785151243209839,2.740370512008667,0.41412997245788574,0.6444680094718933,2.860950469970703,0.3001708984375,0.3693711757659912,2.8202998638153076,0.43657246232032776,0.5999876260757446,2.9406495094299316,-0.34067991375923157,0.42136555910110474,2.951756715774536,-0.2475673407316208,0.343313604593277,0.4727001190185547,1.7734318191742204e-07,0.3912510871887207,0.4531899094581604,0.001600197865627706,0.4202197790145874,0.40203163027763367,0.00918541382998228,0.4327014684677124,0.3630022704601288,0.013089198619127274,0.4404109716415405,0.33354508876800537,0.017021959647536278,0.41898661851882935,0.3283381462097168,0.028401460498571396,0.44114094972610474,0.2777569591999054,0.02606223151087761,0.45581743121147156,0.2449832409620285,0.0191398486495018,0.466009259223938,0.2143842577934265,0.013378079049289227,0.40509694814682007,0.31152454018592834,0.020458515733480453,0.43122971057891846,0.257157564163208,0.017885815352201462,0.44816502928733826,0.22466763854026794,0.009928413666784763,0.4621451497077942,0.1955643743276596,0.004193618427962065,0.38693177700042725,0.3003271520137787,0.00930150505155325,0.4119071662425995,0.24318751692771912,0.004115026444196701,0.42867782711982727,0.20912474393844604,-0.0026594127994030714,0.44236451387405396,0.1798209697008133,-0.006933868397027254,0.3629315495491028,0.29477041959762573,-0.0027809333987534046,0.3823971450328827,0.24231088161468506,-0.007104190997779369,0.39560380578041077,0.20903699100017548,-0.008939746767282486,0.40855836868286133,0.17859181761741638,-0.010220485739409924
154,0.5880314111709595,0.3358295261859894,-0.6978517174720764,0.6180630922317505,0.27101442217826843,-0.6270057559013367,0.6341113448143005,0.2736186385154724,-0.6265832781791687,0.6484609842300415,0.2772229015827179,-0.6267410516738892,0.5628851652145386,0.26747533679008484,-0.6218372583389282,0.5438442230224609,0.2675072252750397,-0.6212306022644043,0.5257145762443542,0.2691986858844757,-0.621364176273346,0.6718610525131226,0.318110853433609,-0.2431134730577469,0.4948360025882721,0.30995771288871765,-0.1961841881275177,0.6191040873527527,0.4044123888015747,-0.5656268000602722,0.5482465028762817,0.40660086274147034,-0.553658664226532,0.7961863279342651,0.6342275142669678,-0.08719135820865631,0.3719199001789093,0.6319300532341003,-0.15162387490272522,0.8691402673721313,0.9896438717842102,-0.08462398499250412,0.1400565654039383,0.9587850570678711,-0.7113345861434937,0.9044415354728699,1.4584704637527466,-0.22256521880626678,0.34716910123825073,0.44987761974334717,-1.383284091949463,0.9409635663032532,1.5731929540634155,-0.2949501574039459,0.38465768098831177,0.29391077160835266,-1.5599315166473389,0.8802415728569031,1.5649043321609497,-0.32797950506210327,0.40872231125831604,0.2845800220966339,-1.459267020225525,0.8536509275436401,1.5279898643493652,-0.2549890875816345,0.4171157479286194,0.33855488896369934,-1.370623230934143,0.6972081661224365,1.466081142425537,-0.06853940337896347,0.3840101361274719,1.448799967765808,0.07403706014156342,0.6588172316551208,2.148653745651245,-0.22410733997821808,0.37713682651519775,2.136491298675537,0.05768202990293503,0.6388253569602966,2.7687032222747803,0.29194724559783936,0.37818199396133423,2.7405483722686768,0.4231345057487488,0.6442849636077881,2.8608360290527344,0.30199700593948364,0.36902740597724915,2.8204877376556396,0.4462299346923828,0.5997744798660278,2.9408254623413086,-0.3370878994464874,0.420788437128067,2.9517996311187744,-0.24061870574951172,0.3445005714893341,0.47237643599510193,1.8700255566272972e-07,0.39234378933906555,0.45182931423187256,0.001747640548273921,0.42028146982192993,0.4014859199523926,0.009079755283892155,0.4331629276275635,0.36347776651382446,0.012610016390681267,0.44056573510169983,0.3339783251285553,0.016122370958328247,0.41824251413345337,0.3276365399360657,0.027853883802890778,0.4407701790332794,0.2763589024543762,0.025120509788393974,0.45545607805252075,0.24319368600845337,0.018019430339336395,0.4656238555908203,0.21199695765972137,0.012150533497333527,0.4047783315181732,0.3112395405769348,0.01966283656656742,0.4311637878417969,0.2560253143310547,0.016933372244238853,0.44813185930252075,0.22280019521713257,0.008903635665774345,0.46205514669418335,0.1929035186767578,0.003022851888090372,0.3869871497154236,0.300451397895813,0.008275553584098816,0.41137564182281494,0.24292540550231934,0.003010994056239724,0.42769795656204224,0.20821473002433777,-0.0038571590557694435,0.44098132848739624,0.1781841665506363,-0.008253957144916058,0.36357492208480835,0.2950979471206665,-0.004030952695757151,0.3827376067638397,0.24234308302402496,-0.008718145079910755,0.3957892656326294,0.20901797711849213,-0.010795855894684792,0.40868163108825684,0.1785421520471573,-0.012207272462546825
155,0.5875564813613892,0.3362719416618347,-0.6972770690917969,0.6180036067962646,0.27114006876945496,-0.6279057264328003,0.634082555770874,0.27375754714012146,-0.6275063753128052,0.6484127044677734,0.2773643434047699,-0.6276770830154419,0.5625137090682983,0.2676770091056824,-0.621947705745697,0.5432679057121277,0.26774105429649353,-0.6213608980178833,0.5250120162963867,0.26939672231674194,-0.6215000748634338,0.6718567609786987,0.3181189298629761,-0.2470497339963913,0.4948132038116455,0.30994707345962524,-0.19736544787883759,0.6187499165534973,0.40504947304725647,-0.5655017495155334,0.5468122363090515,0.40738219022750854,-0.553040623664856,0.7962102293968201,0.6341354250907898,-0.08849667757749557,0.3736586570739746,0.6288051009178162,-0.14378078281879425,0.8689146041870117,0.9899402260780334,-0.08300655335187912,0.1412459909915924,0.9562298059463501,-0.6844369173049927,0.9052391052246094,1.457412838935852,-0.23141345381736755,0.32888466119766235,0.44965896010398865,-1.378800868988037,0.9419829249382019,1.5717946290969849,-0.3067496418952942,0.37422922253608704,0.29408228397369385,-1.5569345951080322,0.883057713508606,1.5636409521102905,-0.3464605212211609,0.39741015434265137,0.2835630178451538,-1.4589335918426514,0.8561322093009949,1.5267161130905151,-0.2665674090385437,0.4050799012184143,0.3362445831298828,-1.3675382137298584,0.6961327791213989,1.460802674293518,-0.06848812848329544,0.3842329978942871,1.441171407699585,0.07400229573249817,0.6582749485969543,2.143092632293701,-0.22562500834465027,0.3772234320640564,2.1300275325775146,0.053011454641819,0.637856662273407,2.7651174068450928,0.2755811810493469,0.3781483769416809,2.736553907394409,0.3947203755378723,0.6433025598526001,2.8569445610046387,0.28482016921043396,0.36892467737197876,2.8163180351257324,0.4151135981082916,0.5982171893119812,2.937469244003296,-0.3514583706855774,0.41988444328308105,2.9469311237335205,-0.26985424757003784,,,,,,,,,,,,,,,,,,,,,,,,,,,,,,,,,,,,,,,,,,,,,,,,,,,,,,,,,,,,,,,
156,0.5847938656806946,0.3433971703052521,-0.6025298833847046,0.6156672239303589,0.2776886522769928,-0.5452597141265869,0.6324490308761597,0.27998074889183044,-0.5449303984642029,0.6466668844223022,0.2829383909702301,-0.5452473163604736,0.5592553019523621,0.27447137236595154,-0.5389555096626282,0.5399981737136841,0.27421513199806213,-0.5381956100463867,0.5223476886749268,0.2753716707229614,-0.5383204221725464,0.6705437898635864,0.3196248710155487,-0.1879993975162506,0.4947337210178375,0.31295645236968994,-0.14360183477401733,0.6173967719078064,0.41033944487571716,-0.47713762521743774,0.5457490682601929,0.41474729776382446,-0.4653666913509369,0.7953445315361023,0.6337136030197144,-0.048129525035619736,0.37845882773399353,0.6190978288650513,-0.10544226318597794,0.86480313539505,0.9673264026641846,-0.019822310656309128,0.16651569306850433,0.8864100575447083,-0.6849797964096069,0.8914953470230103,1.4099676609039307,-0.1338050663471222,0.24504104256629944,0.44974425435066223,-1.5418740510940552,0.9154922366142273,1.5239238739013672,-0.1841965615749359,0.24512621760368347,0.31537583470344543,-1.7227973937988281,0.871421217918396,1.5064605474472046,-0.22788409888744354,0.3075001537799835,0.2890998423099518,-1.676255226135254,0.8497058749198914,1.4718760251998901,-0.1645563542842865,0.2948880195617676,0.3491688370704651,-1.555935263633728,0.6962930560112,1.4469455480575562,-0.052304696291685104,0.3906324803829193,1.4297622442245483,0.057127565145492554,0.6634372472763062,2.1124188899993896,-0.15735936164855957,0.3887689411640167,2.0985918045043945,0.05406883358955383,0.645578920841217,2.715968370437622,0.2795408368110657,0.38232582807540894,2.696530818939209,0.400505006313324,0.6507471203804016,2.7972161769866943,0.28796282410621643,0.3713025450706482,2.772127389907837,0.4204894006252289,0.6071262955665588,2.8946948051452637,-0.32127171754837036,0.42533454298973083,2.9005234241485596,-0.23215675354003906,,,,,,,,,,,,,,,,,,,,,,,,,,,,,,,,,,,,,,,,,,,,,,,,,,,,,,,,,,,,,,,
157,0.5834309458732605,0.34589990973472595,-0.5903675556182861,0.6146439909934998,0.2810083031654358,-0.5429602861404419,0.6316282153129578,0.28315773606300354,-0.5426551103591919,0.6456549167633057,0.2858385443687439,-0.5429761409759521,0.5583000183105469,0.27765119075775146,-0.5340825319290161,0.5393105745315552,0.27715131640434265,-0.5334309339523315,0.5219603776931763,0.2779938876628876,-0.5336057543754578,0.6695489287376404,0.31983137130737305,-0.19550490379333496,0.4957819879055023,0.31345537304878235,-0.14610151946544647,0.6166966557502747,0.41098183393478394,-0.46767860651016235,0.5456533432006836,0.4154513478279114,-0.4523374140262604,0.7943500876426697,0.63153475522995,-0.04756845906376839,0.3844878673553467,0.6008644700050354,-0.10415522754192352,0.8604029417037964,0.9615282416343689,-0.01685376651585102,0.19570377469062805,0.8622581958770752,-0.6556390523910522,0.8608371019363403,1.383662462234497,-0.1483805626630783,0.18584828078746796,0.5131442546844482,-1.5388375520706177,0.8695338368415833,1.4965077638626099,-0.20369386672973633,0.1478811800479889,0.37502843141555786,-1.716454267501831,0.8294941782951355,1.4699119329452515,-0.24723803997039795,0.2062988579273224,0.3188125193119049,-1.7050517797470093,0.8152740597724915,1.4348242282867432,-0.1793045699596405,0.235369011759758,0.39254647493362427,-1.5653374195098877,0.6960903406143188,1.4320697784423828,-0.032101549208164215,0.3960300385951996,1.4157599210739136,0.03617371991276741,0.6669023036956787,2.085832357406616,-0.10186656564474106,0.40141230821609497,2.0709776878356934,-0.01353414822369814,0.6489508748054504,2.685682773590088,0.3151934742927551,0.38916125893592834,2.669766426086426,0.29054349660873413,0.6530165076255798,2.7649307250976562,0.32218098640441895,0.3772408366203308,2.7472453117370605,0.30860835313796997,0.6133723855018616,2.861692190170288,-0.22073546051979065,0.4282742440700531,2.8585712909698486,-0.31770163774490356,,,,,,,,,,,,,,,,,,,,,,,,,,,,,,,,,,,,,,,,,,,,,,,,,,,,,,,,,,,,,,,
158,0.582579493522644,0.34591755270957947,-0.5877312421798706,0.6138691306114197,0.28140416741371155,-0.5391127467155457,0.6310011744499207,0.2836223542690277,-0.5387894511222839,0.6448417901992798,0.28634214401245117,-0.5390793085098267,0.5576596856117249,0.27787068486213684,-0.5307585000991821,0.5388379693031311,0.27736714482307434,-0.5301400423049927,0.5216923356056213,0.2781776487827301,-0.5303279161453247,0.6687784790992737,0.3198062479496002,-0.19539928436279297,0.49676984548568726,0.3134278953075409,-0.1462203860282898,0.6163593530654907,0.4109289348125458,-0.4655626714229584,0.5455840229988098,0.4153808057308197,-0.45128029584884644,0.7936955094337463,0.629682719707489,-0.03964942693710327,0.3860994279384613,0.5961641669273376,-0.10514770448207855,0.8587378263473511,0.9536661505699158,0.010966411791741848,0.19328032433986664,0.8672882914543152,-0.6459730267524719,0.8661355972290039,1.3762032985687256,-0.12991684675216675,0.16600969433784485,0.5322626233100891,-1.5212328433990479,0.8820147514343262,1.4869269132614136,-0.18020236492156982,0.13053007423877716,0.3836457133293152,-1.6954929828643799,0.8342565298080444,1.4654470682144165,-0.2309960126876831,0.1908673793077469,0.32420814037323,-1.6805776357650757,0.8161104917526245,1.4311308860778809,-0.16393017768859863,0.2159019410610199,0.39995744824409485,-1.5460681915283203,0.6960785984992981,1.4180282354354858,-0.022642800584435463,0.39964208006858826,1.4060901403427124,0.0266836229711771,0.6723228693008423,2.0690219402313232,-0.10060413181781769,0.4102354943752289,2.0591413974761963,-0.030752647668123245,0.6569517850875854,2.6694929599761963,0.32736796140670776,0.3994569182395935,2.6582939624786377,0.2762252390384674,0.660441517829895,2.74893856048584,0.33458882570266724,0.3872087597846985,2.7356550693511963,0.2947882115840912,0.6252402067184448,2.8432347774505615,-0.20878346264362335,0.43827024102211,2.843459367752075,-0.3393469452857971,0.17711761593818665,0.4182170629501343,3.7079641401760455e-07,0.22082720696926117,0.35487210750579834,-0.013661808334290981,0.23657993972301483,0.27820995450019836,-0.01164078339934349,0.236906498670578,0.22092963755130768,-0.01103846076875925,0.2360922247171402,0.18804222345352173,-0.01028178445994854,0.18949325382709503,0.18270887434482574,0.017861757427453995,0.18396295607089996,0.09659679234027863,0.013482426293194294,0.17831815779209137,0.04247799515724182,0.0033186827786266804,0.17327478528022766,-0.0024655163288116455,-0.006056742276996374,0.16193583607673645,0.18222776055335999,0.014693154953420162,0.15325376391410828,0.09417036175727844,0.009862706996500492,0.1496618688106537,0.03455905616283417,-0.0061822813004255295,0.14649982750415802,-0.011537030339241028,-0.0191317368298769,0.13789626955986023,0.19930388033390045,0.0072112190537154675,0.12332810461521149,0.11867935955524445,-0.0011709543177857995,0.11900615692138672,0.06621353328227997,-0.016738886013627052,0.11440905928611755,0.02720579504966736,-0.02879492938518524,0.1193317323923111,0.2271895557641983,-0.00231078895740211,0.10714393109083176,0.16857463121414185,-0.010584971867501736,0.10397373884916306,0.13654261827468872,-0.01743677258491516,0.10426504909992218,0.11376095563173294,-0.023194031789898872
159,0.5832731127738953,0.34586477279663086,-0.5200377702713013,0.6147246360778809,0.28147396445274353,-0.4726496636867523,0.6315261721611023,0.28374621272087097,-0.4723668694496155,0.6452828645706177,0.28652647137641907,-0.4726293683052063,0.5578711628913879,0.2777910530567169,-0.4638400077819824,0.5388690829277039,0.2773350179195404,-0.46321815252304077,0.5216960310935974,0.27806636691093445,-0.46343961358070374,0.6688514351844788,0.3197699189186096,-0.14621329307556152,0.49689775705337524,0.3130154609680176,-0.09139734506607056,0.6168583631515503,0.41090431809425354,-0.4024011194705963,0.546085000038147,0.4152928590774536,-0.3875815272331238,0.7931653261184692,0.6276494264602661,-0.0065835705026984215,0.386011004447937,0.5962734222412109,-0.03731200844049454,0.8565043210983276,0.9515761733055115,0.038554009050130844,0.18922503292560577,0.8698536157608032,-0.5232283473014832,0.8604931831359863,1.3701728582382202,-0.11757022142410278,0.13616624474525452,0.5213796496391296,-1.3579933643341064,0.8735109567642212,1.4785635471343994,-0.16815786063671112,0.08533961325883865,0.3499717116355896,-1.5222866535186768,0.8299785852432251,1.45383882522583,-0.2149493396282196,0.12331132590770721,0.2754329442977905,-1.5173664093017578,0.8132755160331726,1.4199864864349365,-0.15046283602714539,0.16471980512142181,0.3586367070674896,-1.3880839347839355,0.6970721483230591,1.419979214668274,-0.020864494144916534,0.4013887941837311,1.4063810110092163,0.025059565901756287,0.6820333003997803,2.070220947265625,-0.12040790170431137,0.419361412525177,2.06719970703125,-0.03477935865521431,0.6801876425743103,2.674746513366699,0.2932182848453522,0.4260644018650055,2.6673521995544434,0.21777594089508057,0.685059130191803,2.7564733028411865,0.29911187291145325,0.41663771867752075,2.745051383972168,0.2300197184085846,0.656171441078186,2.848503828048706,-0.23243291676044464,0.4730219841003418,2.85720157623291,-0.3877515494823456,0.14936897158622742,0.43082988262176514,4.3940656269114697e-07,0.19097906351089478,0.3583550751209259,-0.007367280311882496,0.19004203379154205,0.2651386857032776,-0.003177342936396599,0.1812310814857483,0.20332780480384827,-0.0015003380831331015,0.17711934447288513,0.15666016936302185,-5.579538265010342e-05,0.13523463904857635,0.18736815452575684,0.016701634973287582,0.1267785280942917,0.0971066802740097,0.0066956146620213985,0.12453509867191315,0.035217687487602234,-0.00551391439512372,0.12230323255062103,-0.017514929175376892,-0.015037708915770054,0.10735934972763062,0.18712273240089417,0.007503375876694918,0.10097496211528778,0.08669213950634003,-0.0019856193102896214,0.10299605131149292,0.01680418848991394,-0.016671936959028244,0.10560676455497742,-0.04338717460632324,-0.027466226369142532,0.08101461082696915,0.19979119300842285,-0.005932529456913471,0.07202950119972229,0.10198797285556793,-0.018159199506044388,0.073737733066082,0.03008224070072174,-0.034311693161726,0.07689186930656433,-0.030440866947174072,-0.045355819165706635,0.05379442125558853,0.22759155929088593,-0.02092239260673523,0.03589501976966858,0.1473214477300644,-0.03392985090613365,0.027979344129562378,0.08847853541374207,-0.04409215971827507,0.02438129484653473,0.0343988835811615,-0.05133918672800064
160,0.5850657820701599,0.3458213806152344,-0.5372310876846313,0.6167244911193848,0.28161266446113586,-0.4866976737976074,0.632667064666748,0.28396812081336975,-0.4863920211791992,0.646321713924408,0.28684285283088684,-0.4866412580013275,0.5592854022979736,0.27773863077163696,-0.4794101119041443,0.5396245718002319,0.2771795988082886,-0.4787870943546295,0.5219660401344299,0.2777074873447418,-0.47896021604537964,0.669031023979187,0.31976625323295593,-0.14837105572223663,0.4969094693660736,0.31252384185791016,-0.09990865737199783,0.617469847202301,0.4109315574169159,-0.41551080346107483,0.5465524792671204,0.4152296483516693,-0.40251192450523376,0.7926092743873596,0.625959038734436,-0.009743464179337025,0.38592401146888733,0.5972647070884705,-0.04306388273835182,0.8563467860221863,0.947711706161499,0.021070819348096848,0.1872091442346573,0.8733583092689514,-0.5245903730392456,0.8627959489822388,1.3649202585220337,-0.1501406878232956,0.1431136429309845,0.5174533128738403,-1.3593271970748901,0.8781870007514954,1.4713351726531982,-0.2022063285112381,0.08802993595600128,0.3472224473953247,-1.5259389877319336,0.8346604108810425,1.4477460384368896,-0.2575960159301758,0.13074436783790588,0.27577051520347595,-1.5162537097930908,0.8169342279434204,1.414832592010498,-0.18623889982700348,0.17297589778900146,0.35784468054771423,-1.3866937160491943,0.6997669339179993,1.421363353729248,-0.021353881806135178,0.40590915083885193,1.4080294370651245,0.025631528347730637,0.6903563737869263,2.072272777557373,-0.1295543760061264,0.42646312713623047,2.0718326568603516,-0.02856951393187046,0.692247211933136,2.6785459518432617,0.26458901166915894,0.43825095891952515,2.672621726989746,0.23957423865795135,0.697603166103363,2.7613296508789062,0.26987046003341675,0.42943620681762695,2.750467538833618,0.25337398052215576,0.6699390411376953,2.8510406017303467,-0.25127217173576355,0.4852161407470703,2.864267110824585,-0.37123721837997437,0.1499244123697281,0.45022502541542053,2.2338900862450828e-07,0.18948686122894287,0.37343883514404297,-0.0026773058343678713,0.18848446011543274,0.2813289165496826,0.0030252747237682343,0.1851741522550583,0.2187182456254959,0.004144265316426754,0.18198847770690918,0.17039677500724792,0.005079924128949642,0.14047706127166748,0.2028198540210724,0.02680852822959423,0.1328956037759781,0.11968602240085602,0.01748891919851303,0.1296834498643875,0.06279803812503815,0.005089753773063421,0.1247546374797821,0.01446649432182312,-0.004740417469292879,0.11388573050498962,0.20094405114650726,0.014879515394568443,0.10590115189552307,0.10660308599472046,0.004796341527253389,0.10544813424348831,0.04547181725502014,-0.008627149276435375,0.10408574342727661,-0.008122161030769348,-0.017956173047423363,0.08701920509338379,0.21217724680900574,-0.0016899587353691459,0.07391563057899475,0.12014232575893402,-0.014758221805095673,0.07147984206676483,0.057985663414001465,-0.025696197524666786,0.07006782293319702,0.004033789038658142,-0.0325489342212677,0.058576423674821854,0.23761728405952454,-0.019988030195236206,0.04080455005168915,0.1600504070520401,-0.032313305884599686,0.032616712152957916,0.10372165590524673,-0.03784884512424469,0.028609149158000946,0.04888316988945007,-0.04154415801167488
161,0.5856885313987732,0.3460427224636078,-0.5387790203094482,0.6176176071166992,0.2823304831981659,-0.4890320301055908,0.6331520676612854,0.2847413420677185,-0.48872074484825134,0.6467993259429932,0.28762924671173096,-0.4889625012874603,0.5600588917732239,0.27788063883781433,-0.4823382496833801,0.5400573015213013,0.27716967463493347,-0.4817412793636322,0.5221437215805054,0.2776550054550171,-0.48190921545028687,0.6691917181015015,0.3198191523551941,-0.1492503583431244,0.49709445238113403,0.3123287856578827,-0.10353227704763412,0.6176242232322693,0.41112905740737915,-0.4163215160369873,0.5467820167541504,0.4153427481651306,-0.4039176404476166,0.7917933464050293,0.6244738698005676,-0.009514017961919308,0.38592612743377686,0.597073495388031,-0.047280676662921906,0.8556815981864929,0.9448724985122681,0.015474769286811352,0.18627679347991943,0.8795230388641357,-0.531657338142395,0.8616836667060852,1.3606864213943481,-0.1623860001564026,0.1482464075088501,0.5155771374702454,-1.36781907081604,0.877606987953186,1.4661709070205688,-0.2142678201198578,0.0891205370426178,0.34615790843963623,-1.534320592880249,0.8355470895767212,1.4432518482208252,-0.2727028727531433,0.13160456717014313,0.27438366413116455,-1.521254539489746,0.8176611065864563,1.4109116792678833,-0.19925262033939362,0.18251416087150574,0.357828289270401,-1.3934797048568726,0.7005285024642944,1.4214928150177002,-0.020743630826473236,0.4086972177028656,1.4094816446304321,0.024966228753328323,0.6909736394882202,2.0715184211730957,-0.1351681351661682,0.4285571575164795,2.074373722076416,-0.028202954679727554,0.6905698776245117,2.6782796382904053,0.25569891929626465,0.43862661719322205,2.675107002258301,0.24452999234199524,0.695576548576355,2.7608602046966553,0.26049330830574036,0.4295142590999603,2.7524092197418213,0.25876572728157043,0.6676231622695923,2.8494603633880615,-0.258176326751709,0.4840281009674072,2.865478277206421,-0.36554092168807983,0.14925172924995422,0.4501446783542633,2.9071841822769784e-07,0.18867084383964539,0.373543381690979,-0.0029157602693885565,0.18835872411727905,0.28070175647735596,0.0025369736831635237,0.18331818282604218,0.21950797736644745,0.003697424428537488,0.1785317063331604,0.17333173751831055,0.004780269227921963,0.13715623319149017,0.20213843882083893,0.025239063426852226,0.12825262546539307,0.11704568564891815,0.015547648072242737,0.12398703396320343,0.058837056159973145,0.0027053235098719597,0.11799577623605728,0.009179353713989258,-0.0074182795360684395,0.11176939308643341,0.20025449991226196,0.013618423603475094,0.10456499457359314,0.10390499234199524,0.004144574049860239,0.10403350740671158,0.040229156613349915,-0.00906440895050764,0.10292505472898483,-0.015142172574996948,-0.018442494794726372,0.08603592216968536,0.211543008685112,-0.0025480107869952917,0.0737692266702652,0.11694245040416718,-0.014391757547855377,0.07208256423473358,0.0525398850440979,-0.025328487157821655,0.07137174159288406,-0.0013375133275985718,-0.03243358060717583,0.05831778794527054,0.23774461448192596,-0.02043021097779274,0.04198882728815079,0.15892116725444794,-0.03178298473358154,0.033852122724056244,0.10202211141586304,-0.037278056144714355,0.029244311153888702,0.04889245331287384,-0.04110785201191902
162,0.5859442353248596,0.3460555672645569,-0.5336712598800659,0.6179812550544739,0.2823241353034973,-0.485581636428833,0.6333377957344055,0.2847512662410736,-0.48527878522872925,0.6469817757606506,0.2876567542552948,-0.48551663756370544,0.560520350933075,0.2778542637825012,-0.47902369499206543,0.5402570366859436,0.2770690619945526,-0.4784117639064789,0.5221778154373169,0.2774771749973297,-0.4785839915275574,0.6694216728210449,0.3197467029094696,-0.1492837518453598,0.4971085488796234,0.31211715936660767,-0.10402724891901016,0.6176679134368896,0.41120192408561707,-0.41298142075538635,0.546838104724884,0.41537508368492126,-0.4004986882209778,0.7915821075439453,0.6231017708778381,-0.012210499495267868,0.38591623306274414,0.5942277312278748,-0.05150742456316948,0.8542965650558472,0.9446386694908142,0.010001381859183311,0.19463767111301422,0.8831522464752197,-0.5348768830299377,0.8629699945449829,1.364066481590271,-0.17586113512516022,0.15283626317977905,0.5222161412239075,-1.372926950454712,0.8787909746170044,1.4699428081512451,-0.22758109867572784,0.0989326536655426,0.3500652611255646,-1.537778615951538,0.8393042683601379,1.4488276243209839,-0.286516934633255,0.14425715804100037,0.27526605129241943,-1.5243542194366455,0.8202446699142456,1.4162838459014893,-0.2131061553955078,0.19379647076129913,0.3605613112449646,-1.3983129262924194,0.700757622718811,1.421265959739685,-0.021638372913002968,0.40893441438674927,1.4111335277557373,0.02587946690618992,0.6908901929855347,2.0700085163116455,-0.13556768000125885,0.4276091158390045,2.0743517875671387,-0.023051995784044266,0.6884998679161072,2.675184726715088,0.25633034110069275,0.43622344732284546,2.673480749130249,0.267561137676239,0.6936442255973816,2.756913423538208,0.2608044743537903,0.42705774307250977,2.749660015106201,0.28373342752456665,0.6635503768920898,2.847113609313965,-0.26222965121269226,0.4804907739162445,2.863369941711426,-0.35121598839759827,0.16284127533435822,0.4617310166358948,2.4580504032201134e-07,0.20564474165439606,0.3896373212337494,-0.00495734391734004,0.21190965175628662,0.30043932795524597,-0.0027483408339321613,0.2093552052974701,0.2409009337425232,-0.00460568442940712,0.20951804518699646,0.19560465216636658,-0.007410304620862007,0.1603730022907257,0.21056905388832092,0.01841014064848423,0.15411703288555145,0.12648046016693115,0.0068270061165094376,0.151835098862648,0.07022468745708466,-0.007223851513117552,0.14786623418331146,0.020367681980133057,-0.018438609316945076,0.13349364697933197,0.2120906263589859,0.006680731195956469,0.1276959478855133,0.11548219621181488,-0.005250941496342421,0.12726925313472748,0.05179409682750702,-0.020698487758636475,0.12619656324386597,-0.005542263388633728,-0.03204010799527168,0.10807095468044281,0.22750796377658844,-0.009166964329779148,0.10124542564153671,0.13036641478538513,-0.024012869223952293,0.10050631314516068,0.06517331302165985,-0.03707042708992958,0.10053178668022156,0.00808502733707428,-0.04573994129896164,0.0807536244392395,0.25843745470046997,-0.02654043585062027,0.0674000158905983,0.18085908889770508,-0.04072840139269829,0.06175324693322182,0.1252700686454773,-0.04754110053181648,0.05907435715198517,0.07216858863830566,-0.05229102447628975
163,0.5859853625297546,0.3460977375507355,-0.5392739772796631,0.6180773973464966,0.28238365054130554,-0.4902931749820709,0.6333747506141663,0.28484979271888733,-0.4899989068508148,0.6470134258270264,0.2877753674983978,-0.4902471899986267,0.5606926679611206,0.2778170704841614,-0.4840317368507385,0.5403231382369995,0.2770225405693054,-0.4834100306034088,0.5221870541572571,0.27736997604370117,-0.48357969522476196,0.6694687008857727,0.3197188675403595,-0.1515277773141861,0.4971171021461487,0.3120058476924896,-0.1072448119521141,0.6176585555076599,0.41131436824798584,-0.41765254735946655,0.5468448400497437,0.41540807485580444,-0.40551310777664185,0.791384756565094,0.6221531629562378,-0.014368601143360138,0.38588908314704895,0.593044102191925,-0.05649079009890556,0.8536103367805481,0.9446232318878174,0.006729107350111008,0.19901558756828308,0.8867010474205017,-0.5451275706291199,0.8641059994697571,1.3664965629577637,-0.18490485846996307,0.15419529378414154,0.5247189998626709,-1.377776861190796,0.8803766369819641,1.4729231595993042,-0.23790156841278076,0.10213887691497803,0.3512153923511505,-1.546006679534912,0.8409107327461243,1.4524987936019897,-0.2954285740852356,0.14810994267463684,0.27596724033355713,-1.5407140254974365,0.821241021156311,1.41982901096344,-0.22179286181926727,0.19760723412036896,0.3622167408466339,-1.404624104499817,0.7009639739990234,1.421709418296814,-0.022201575338840485,0.40926942229270935,1.4119623899459839,0.02643686532974243,0.6909900307655334,2.0703225135803223,-0.13574422895908356,0.4272894263267517,2.0749170780181885,-0.01839916780591011,0.6877317428588867,2.6748337745666504,0.25892966985702515,0.4357754588127136,2.672635078430176,0.27364176511764526,0.6929738521575928,2.7565386295318604,0.26359182596206665,0.4266788065433502,2.7480340003967285,0.2900548279285431,0.6620492339134216,2.8465051651000977,-0.2651422619819641,0.4794922471046448,2.8624815940856934,-0.34141916036605835,0.16218985617160797,0.46690207719802856,3.42919918239204e-07,0.2034231722354889,0.3945559859275818,-0.010302312672138214,0.20999717712402344,0.30460450053215027,-0.01048380695283413,0.20576608180999756,0.24273329973220825,-0.013550800271332264,0.20430701971054077,0.1973360776901245,-0.017035989090800285,0.16131722927093506,0.21820224821567535,0.012291468679904938,0.15516728162765503,0.13087345659732819,-0.002001346554607153,0.15179595351219177,0.07165910303592682,-0.017588118091225624,0.1455899477005005,0.0193006694316864,-0.02955547720193863,0.13541294634342194,0.21755902469158173,0.002577740466222167,0.13371409475803375,0.11699946224689484,-0.01194104552268982,0.13508754968643188,0.05148722231388092,-0.027762996032834053,0.13464927673339844,-0.006902188062667847,-0.038897424936294556,0.10916963964700699,0.23092706501483917,-0.011734148487448692,0.10284147411584854,0.1336313784122467,-0.028866102918982506,0.10145030915737152,0.06682540476322174,-0.042517948895692825,0.10031671822071075,0.010795220732688904,-0.05098148435354233,0.0802769586443901,0.25973668694496155,-0.02802351489663124,0.0676015317440033,0.1799916923046112,-0.043732281774282455,0.06182876229286194,0.12358115613460541,-0.0512809157371521,0.05898435413837433,0.0711260735988617,-0.05625239759683609
164,0.5859149694442749,0.34611403942108154,-0.540780246257782,0.6180191040039062,0.2826005816459656,-0.4917343556880951,0.6332937479019165,0.2851385474205017,-0.49144428968429565,0.6469027996063232,0.28807273507118225,-0.4916916787624359,0.5607086420059204,0.27778416872024536,-0.48464399576187134,0.5403369069099426,0.27698808908462524,-0.4839954972267151,0.5221949815750122,0.27728989720344543,-0.48415547609329224,0.6692875623703003,0.319721519947052,-0.15296059846878052,0.49718135595321655,0.3118986189365387,-0.10488386452198029,0.6173240542411804,0.41145384311676025,-0.4199446737766266,0.5466921925544739,0.4153898060321808,-0.40643471479415894,0.7910551428794861,0.6216636300086975,-0.017525488510727882,0.3859003782272339,0.5931704044342041,-0.05603921413421631,0.852563202381134,0.9446141123771667,-0.017672907561063766,0.20463621616363525,0.8895557522773743,-0.5482297539710999,0.8630883097648621,1.3685170412063599,-0.21596519649028778,0.16005273163318634,0.531852662563324,-1.388551950454712,0.8810499310493469,1.4756275415420532,-0.27329665422439575,0.11319135129451752,0.35846126079559326,-1.5540850162506104,0.8406982421875,1.4555983543395996,-0.3248979151248932,0.15424944460391998,0.28527355194091797,-1.5606279373168945,0.8207173347473145,1.4226869344711304,-0.2506871223449707,0.20174705982208252,0.371893048286438,-1.4213058948516846,0.7025941610336304,1.4220070838928223,-0.02374614030122757,0.4116370677947998,1.4124457836151123,0.027859579771757126,0.6934088468551636,2.070653200149536,-0.13613830506801605,0.4287891983985901,2.075000047683716,-0.002334895543754101,0.689621090888977,2.673520565032959,0.2614012062549591,0.4373820424079895,2.669985771179199,0.305014431476593,0.6956326961517334,2.754300117492676,0.2666075825691223,0.4284543991088867,2.743759870529175,0.3237205147743225,0.6622479557991028,2.845317840576172,-0.26645445823669434,0.4798227846622467,2.860405445098877,-0.294293075799942,0.16908062994480133,0.48262014985084534,3.520074187690625e-07,0.2155912220478058,0.4103904366493225,-0.01107928715646267,0.22283703088760376,0.3191302418708801,-0.011165597476065159,0.21947389841079712,0.2517993748188019,-0.014181390404701233,0.21896123886108398,0.20083901286125183,-0.017641928046941757,0.1731051802635193,0.23456992208957672,0.01116915512830019,0.16838443279266357,0.1460839807987213,-0.004438334610313177,0.16742534935474396,0.08550868928432465,-0.02039879746735096,0.1649138182401657,0.03161482512950897,-0.03237336874008179,0.14560028910636902,0.23419559001922607,0.0020479015074670315,0.1458769142627716,0.13269418478012085,-0.013197528198361397,0.14979475736618042,0.06563600897789001,-0.029099011793732643,0.1523497849702835,0.00443616509437561,-0.04027882590889931,0.11873403936624527,0.2485726773738861,-0.011811774224042892,0.1145603284239769,0.15023845434188843,-0.029542773962020874,0.11476656794548035,0.08398665487766266,-0.04268307983875275,0.11594817042350769,0.025791168212890625,-0.050638437271118164,0.08960919082164764,0.277660071849823,-0.027746140956878662,0.07973305881023407,0.19824165105819702,-0.0439906120300293,0.07576635479927063,0.1424570083618164,-0.05150298401713371,0.07434727996587753,0.08909009397029877,-0.05624817684292793
165,0.5849269032478333,0.34769687056541443,-0.5514817237854004,0.6174026131629944,0.2850077450275421,-0.5039150714874268,0.6327506303787231,0.28763458132743835,-0.5036602020263672,0.6463045477867126,0.2903575003147125,-0.5039803385734558,0.5603657364845276,0.27882471680641174,-0.5003751516342163,0.540009617805481,0.27745023369789124,-0.49961280822753906,0.5218707323074341,0.2773949205875397,-0.499744713306427,0.6686450242996216,0.3200775980949402,-0.15357843041419983,0.49717527627944946,0.3117595613002777,-0.11969532817602158,0.6159762144088745,0.41391196846961975,-0.4237235188484192,0.5457791686058044,0.41602930426597595,-0.4149351119995117,0.7903947830200195,0.6215089559555054,-0.019060492515563965,0.38632282614707947,0.5933060050010681,-0.08996693789958954,0.8505793809890747,0.9431399703025818,-0.01759105734527111,0.2129543125629425,0.8636216521263123,-0.6481447219848633,0.8607460260391235,1.3674299716949463,-0.21295063197612762,0.1656121462583542,0.5350751280784607,-1.5708343982696533,0.8790958523750305,1.4759581089019775,-0.27116984128952026,0.12095461040735245,0.35358649492263794,-1.7444499731063843,0.8394131660461426,1.4541233777999878,-0.32096952199935913,0.16141632199287415,0.2839106321334839,-1.750083327293396,0.8192986249923706,1.4209727048873901,-0.2486913949251175,0.2081890106201172,0.37405431270599365,-1.603548288345337,0.7030800580978394,1.4260817766189575,-0.02425178326666355,0.41169556975364685,1.4151229858398438,0.028398003429174423,0.6928414106369019,2.0715842247009277,-0.12371452897787094,0.42824673652648926,2.0746195316314697,-0.012418418191373348,0.6891545653343201,2.674443244934082,0.27643731236457825,0.43251603841781616,2.6646578311920166,0.27512532472610474,0.6953078508377075,2.75495982170105,0.28054070472717285,0.42194658517837524,2.737372636795044,0.2919594347476959,0.6577489376068115,2.847015380859375,-0.2538195252418518,0.4744322896003723,2.8579275608062744,-0.3261697292327881,0.1710238754749298,0.5055131912231445,3.607781025039003e-07,0.2183714509010315,0.4351021349430084,-0.01396828144788742,0.22701236605644226,0.3392448425292969,-0.015029671601951122,0.2208748608827591,0.2693953514099121,-0.017967313528060913,0.2169477343559265,0.2191309928894043,-0.021243054419755936,0.17861762642860413,0.2527506947517395,0.004384766332805157,0.1729731261730194,0.15747225284576416,-0.011948379687964916,0.17176447808742523,0.09460227191448212,-0.027511337772011757,0.1688176840543747,0.039286836981773376,-0.039364058524370193,0.15065546333789825,0.254411906003952,-0.0034927171654999256,0.15200455486774445,0.15263906121253967,-0.019847137853503227,0.1581762284040451,0.08818647265434265,-0.03563496097922325,0.16298361122608185,0.031070157885551453,-0.04685227945446968,0.12275035679340363,0.2706446647644043,-0.01611435040831566,0.11915099620819092,0.16995307803153992,-0.03541438281536102,0.11999620497226715,0.09985093772411346,-0.04994192719459534,0.12177561223506927,0.038875237107276917,-0.0591253936290741,0.09225265681743622,0.302650511264801,-0.030818987637758255,0.08211110532283783,0.22259801626205444,-0.0497189462184906,0.07721847295761108,0.16405624151229858,-0.05954878777265549,0.07445444911718369,0.10837659239768982,-0.0659727081656456
166,0.5845770835876465,0.3487108647823334,-0.5611335039138794,0.6171391010284424,0.2866578996181488,-0.5127901434898376,0.6324869990348816,0.2893217206001282,-0.5125414133071899,0.6459892988204956,0.29189303517341614,-0.5128850340843201,0.5602778792381287,0.279611200094223,-0.5112760066986084,0.5399290323257446,0.27783334255218506,-0.5104647874832153,0.5217680335044861,0.2775055170059204,-0.5105788111686707,0.6682422161102295,0.3203158378601074,-0.15429139137268066,0.4971768260002136,0.3116692304611206,-0.12939047813415527,0.6153920888900757,0.4154496192932129,-0.4289018511772156,0.5454046130180359,0.4164194166660309,-0.42372292280197144,0.7899772524833679,0.62144535779953,-0.0200598556548357,0.3866334557533264,0.5935142040252686,-0.10626381635665894,0.8491608500480652,0.9425074458122253,-0.015761878341436386,0.2160172462463379,0.8557239174842834,-0.6714149117469788,0.8591212034225464,1.3677815198898315,-0.2070600688457489,0.16895169019699097,0.5378395915031433,-1.5927718877792358,0.8776990175247192,1.4769232273101807,-0.2611233592033386,0.12434129416942596,0.3525894284248352,-1.767364501953125,0.8383703231811523,1.4546488523483276,-0.31014350056648254,0.16456571221351624,0.2838604152202606,-1.7719367742538452,0.818173885345459,1.4213306903839111,-0.24166926741600037,0.2117699384689331,0.3775653839111328,-1.6249971389770508,0.7035271525382996,1.4290637969970703,-0.024386916309595108,0.41191038489341736,1.4173264503479004,0.02855825424194336,0.6924182772636414,2.0718679428100586,-0.11838160455226898,0.4279851019382477,2.0748212337493896,-0.02153170481324196,0.6879211068153381,2.6755311489105225,0.2851755917072296,0.42797932028770447,2.663416624069214,0.2580086588859558,0.6944589614868164,2.756086826324463,0.28879988193511963,0.4163792133331299,2.735927104949951,0.2739829123020172,0.6534571647644043,2.8482933044433594,-0.24951505661010742,0.4690672755241394,2.857868194580078,-0.3491484522819519,0.17291247844696045,0.5064602494239807,4.311616521590622e-07,0.2217772901058197,0.4356895089149475,-0.01742566004395485,0.23009970784187317,0.33946481347084045,-0.019892780110239983,0.22312131524085999,0.26843419671058655,-0.02346472069621086,0.21766233444213867,0.21821296215057373,-0.027289118617773056,0.17857575416564941,0.2532697916030884,-0.0007147740689106286,0.17397227883338928,0.15918490290641785,-0.018935224041342735,0.17257994413375854,0.09606307744979858,-0.03565089404582977,0.1694706380367279,0.0396883487701416,-0.048331283032894135,0.14906556904315948,0.25538307428359985,-0.007415617350488901,0.15080933272838593,0.15236671268939972,-0.026232054457068443,0.1560429036617279,0.08410343527793884,-0.043128348886966705,0.160566508769989,0.021957367658615112,-0.0550270676612854,0.12028178572654724,0.273154616355896,-0.01901332661509514,0.11755670607089996,0.17278757691383362,-0.04164979234337807,0.11935991793870926,0.10258686542510986,-0.057714786380529404,0.12219524383544922,0.04170063138008118,-0.06733894348144531,0.09047244489192963,0.3061460852622986,-0.03279431536793709,0.08084471523761749,0.22405795753002167,-0.05474196374416351,0.07731414586305618,0.16410046815872192,-0.06633618474006653,0.07678577303886414,0.10733678936958313,-0.07377523183822632
167,0.5839875340461731,0.3489999771118164,-0.6221489906311035,0.6166548728942871,0.287704735994339,-0.565487265586853,0.632071852684021,0.29042717814445496,-0.5652572512626648,0.6454718708992004,0.2929205000400543,-0.5655068159103394,0.5597284436225891,0.2801215946674347,-0.5641273260116577,0.5394055843353271,0.27816042304039,-0.5632901191711426,0.521244466304779,0.2776866853237152,-0.5633682012557983,0.6675886511802673,0.3205045759677887,-0.1791880577802658,0.4971407949924469,0.31165558099746704,-0.1578396111726761,0.614608108997345,0.4161578118801117,-0.4838346540927887,0.544154167175293,0.416461318731308,-0.4782438278198242,0.7899673581123352,0.6215792894363403,-0.022404862567782402,0.3862287104129791,0.5985363125801086,-0.14513026177883148,0.8488380312919617,0.9422375559806824,-0.015684183686971664,0.21689946949481964,0.8612223267555237,-0.7604182362556458,0.8629840016365051,1.3685952425003052,-0.2051454484462738,0.16943877935409546,0.5537142157554626,-1.7403135299682617,0.8813073039054871,1.4778233766555786,-0.2603510618209839,0.12746846675872803,0.3859078586101532,-1.9269460439682007,0.8455631136894226,1.4554822444915771,-0.3096606135368347,0.17212778329849243,0.32340577244758606,-1.9239122867584229,0.8242219090461731,1.4223068952560425,-0.2393881380558014,0.21883420646190643,0.42329809069633484,-1.7701581716537476,0.7070914506912231,1.432070255279541,-0.02450091391801834,0.41390594840049744,1.4198840856552124,0.02865782007575035,0.6941207647323608,2.074782371520996,-0.1259104609489441,0.4273666441440582,2.0756731033325195,-0.011832108721137047,0.6869133114814758,2.6757781505584717,0.2816019654273987,0.42769137024879456,2.664224863052368,0.29292768239974976,0.6935088038444519,2.756943464279175,0.28435060381889343,0.4162251055240631,2.7367193698883057,0.3119543492794037,0.6521521806716919,2.8489561080932617,-0.27796077728271484,0.466379314661026,2.8588144779205322,-0.3310326337814331,0.17355623841285706,0.5345843434333801,3.818473999217531e-07,0.22015281021595,0.4595259130001068,-0.012989015318453312,0.22754254937171936,0.36504065990448,-0.014679300598800182,0.22466760873794556,0.2936534881591797,-0.018549779430031776,0.22254209220409393,0.24073538184165955,-0.0237555094063282,0.17467309534549713,0.27914905548095703,0.002551152603700757,0.1727839559316635,0.18456825613975525,-0.016085166484117508,0.17501643300056458,0.12290291488170624,-0.03438561409711838,0.17557674646377563,0.06721940636634827,-0.04805182293057442,0.14701230823993683,0.2834049463272095,-0.006490662228316069,0.1488768309354782,0.1808076798915863,-0.02413039281964302,0.1551658809185028,0.11221550405025482,-0.04204890504479408,0.16044488549232483,0.04966758191585541,-0.055052705109119415,0.11999431252479553,0.30431604385375977,-0.019911332055926323,0.11774362623691559,0.20230896770954132,-0.04003603383898735,0.11912091821432114,0.13155344128608704,-0.055331241339445114,0.12111514806747437,0.06898850202560425,-0.06534868478775024,0.09083060175180435,0.34338709712028503,-0.03525923937559128,0.0785575807094574,0.26605224609375,-0.05496887490153313,0.07723680883646011,0.20899176597595215,-0.06457651406526566,0.07935096323490143,0.15581165254116058,-0.07082109153270721
168,0.5817005634307861,0.34942811727523804,-0.6194354295730591,0.6153643727302551,0.28870895504951477,-0.5614389777183533,0.631233811378479,0.29168394207954407,-0.5611925721168518,0.644689679145813,0.2942965626716614,-0.5614345073699951,0.557935893535614,0.28028222918510437,-0.5602197647094727,0.5378034710884094,0.2781801223754883,-0.559468150138855,0.5199841260910034,0.27767419815063477,-0.5595486760139465,0.6671576499938965,0.32104289531707764,-0.17392396926879883,0.49686017632484436,0.31161218881607056,-0.1549154371023178,0.6128018498420715,0.4173179864883423,-0.48107394576072693,0.5413730144500732,0.4165133833885193,-0.4754374921321869,0.7899273633956909,0.6241286396980286,-0.011346451938152313,0.38458600640296936,0.6044067144393921,-0.1547364741563797,0.8485323190689087,0.9483578205108643,-0.0037933853454887867,0.23380215466022491,0.8637628555297852,-0.8135128021240234,0.8626500964164734,1.369036316871643,-0.15242983400821686,0.18816260993480682,0.5949776768684387,-1.845349907875061,0.8796707391738892,1.4781265258789062,-0.18734897673130035,0.14365102350711823,0.46216732263565063,-2.0320541858673096,0.8455678820610046,1.456137776374817,-0.2379712611436844,0.1785241961479187,0.38670623302459717,-2.0259761810302734,0.8243759274482727,1.4230514764785767,-0.18440721929073334,0.21980246901512146,0.4734450876712799,-1.8749269247055054,0.7072581052780151,1.44826078414917,-0.024611232802271843,0.41377750039100647,1.4319407939910889,0.02875744365155697,0.6938324570655823,2.0904042720794678,-0.1399078071117401,0.4237809181213379,2.0850462913513184,0.002502469578757882,0.6848044395446777,2.6884825229644775,0.27808406949043274,0.4188194274902344,2.668787717819214,0.32649436593055725,0.6916564106941223,2.7686591148376465,0.28098946809768677,0.40677183866500854,2.7404401302337646,0.3456882834434509,0.6474254131317139,2.8659026622772217,-0.2892986536026001,0.4527256488800049,2.868129014968872,-0.30397242307662964,0.18965788185596466,0.597690224647522,4.2940996536344755e-07,0.22921068966388702,0.524488627910614,-0.02029481530189514,0.23371261358261108,0.43206730484962463,-0.026215383782982826,0.2304559350013733,0.36395499110221863,-0.03263457119464874,0.2295200228691101,0.30242660641670227,-0.0396447591483593,0.1712404042482376,0.34002649784088135,-0.00592599855735898,0.1695908159017563,0.2422117292881012,-0.028183426707983017,0.17551195621490479,0.1812378615140915,-0.04950713738799095,0.18307062983512878,0.12582388520240784,-0.06433030217885971,0.1421179324388504,0.35005295276641846,-0.011835962533950806,0.1394733190536499,0.24659505486488342,-0.029053064063191414,0.14473803341388702,0.17722216248512268,-0.04819101467728615,0.1539667844772339,0.113997682929039,-0.06257401406764984,0.1163380891084671,0.3797276020050049,-0.0225827619433403,0.10700136423110962,0.28123509883880615,-0.04262427240610123,0.10875453799962997,0.21271920204162598,-0.05885261669754982,0.11566165089607239,0.15337644517421722,-0.06981853395700455,0.0909242257475853,0.4276030361652374,-0.035758037120103836,0.0745781809091568,0.3570294678211212,-0.0559525303542614,0.07507682591676712,0.3046053647994995,-0.06566742807626724,0.08181028068065643,0.25820091366767883,-0.07175520062446594
169,0.582309365272522,0.34980958700180054,-0.5841886401176453,0.6154578924179077,0.2887493669986725,-0.5287309288978577,0.6312862634658813,0.291763573884964,-0.5286060571670532,0.6447536945343018,0.29441404342651367,-0.528885543346405,0.558242917060852,0.2802797257900238,-0.5325561761856079,0.5382272005081177,0.27815765142440796,-0.5318509340286255,0.5203791856765747,0.2775942087173462,-0.5318336486816406,0.6671493649482727,0.32120785117149353,-0.14510925114154816,0.4969780445098877,0.31158676743507385,-0.1468234807252884,0.6128878593444824,0.41817182302474976,-0.4445711076259613,0.5425008535385132,0.41714921593666077,-0.44572147727012634,0.7894291877746582,0.6241246461868286,0.013892380520701408,0.3814205229282379,0.604925811290741,-0.14641696214675903,0.8485592007637024,0.9469546675682068,0.008429540321230888,0.25405222177505493,0.8654490113258362,-0.7533795237541199,0.8631113767623901,1.360587477684021,-0.15677355229854584,0.19589777290821075,0.6957773566246033,-1.7726589441299438,0.8801460266113281,1.4699267148971558,-0.197267085313797,0.1465495526790619,0.5790129899978638,-1.9612077474594116,0.8491581678390503,1.4491006135940552,-0.23962216079235077,0.18218094110488892,0.5034048557281494,-1.9700149297714233,0.8285409808158875,1.4154994487762451,-0.18801817297935486,0.22065508365631104,0.5645201206207275,-1.8095108270645142,0.7072255611419678,1.4428683519363403,-0.02395612932741642,0.41728100180625916,1.4312214851379395,0.028084293007850647,0.6956137418746948,2.085963249206543,-0.11572954803705215,0.42509323358535767,2.084627151489258,-0.008255915716290474,0.6853801012039185,2.6849467754364014,0.32954758405685425,0.4223397672176361,2.669116258621216,0.2879933714866638,0.6921178698539734,2.7638742923736572,0.3366324007511139,0.41189295053482056,2.741029977798462,0.3041347563266754,0.6495918035507202,2.8628242015838623,-0.20925650000572205,0.4533401131629944,2.867630958557129,-0.33061495423316956,0.16337154805660248,0.6783132553100586,5.252028358881944e-07,0.22221463918685913,0.62520432472229,-0.039903443306684494,0.2500414550304413,0.5440267324447632,-0.05627625435590744,0.2568742036819458,0.4722691476345062,-0.06643784791231155,0.269283652305603,0.412222295999527,-0.0748237818479538,0.1635032743215561,0.42934268712997437,-0.02583053521811962,0.16110889613628387,0.3280341923236847,-0.03860761225223541,0.17253047227859497,0.2778685688972473,-0.05266711860895157,0.18332435190677643,0.24649326503276825,-0.0621911846101284,0.12271519005298615,0.4420744776725769,-0.01309822965413332,0.12022250890731812,0.3439635932445526,-0.024205844849348068,0.13551494479179382,0.2961738705635071,-0.036775264889001846,0.1528434157371521,0.27062034606933594,-0.045762307941913605,0.09315206855535507,0.4649878740310669,-0.004524467047303915,0.09291766583919525,0.3764221668243408,-0.01285351812839508,0.11089789867401123,0.33228978514671326,-0.01969539187848568,0.13137517869472504,0.3036556839942932,-0.024731826037168503,0.0728226825594902,0.49445244669914246,0.00022180058294907212,0.07479856163263321,0.419112890958786,-0.005262086167931557,0.08787201344966888,0.3765331506729126,-0.006526922807097435,0.10573072731494904,0.3486255407333374,-0.007008903194218874
170,0.5823759436607361,0.35010772943496704,-0.5778592824935913,0.6154462099075317,0.2887685000896454,-0.5227088928222656,0.6312733292579651,0.2918038070201874,-0.5225998759269714,0.6447456479072571,0.2944781184196472,-0.5228654146194458,0.5582746863365173,0.28027617931365967,-0.5272217392921448,0.5383199453353882,0.2781340777873993,-0.5265322327613831,0.5204862952232361,0.277518093585968,-0.5265055894851685,0.6671069860458374,0.32128968834877014,-0.1412169188261032,0.49704447388648987,0.31157186627388,-0.14615637063980103,0.6128835678100586,0.4188043177127838,-0.4388166069984436,0.5428647994995117,0.41766971349716187,-0.44048213958740234,0.7891412973403931,0.6241934299468994,0.01881706342101097,0.3796142041683197,0.6053374409675598,-0.1390979140996933,0.8485878109931946,0.946367621421814,0.01682336814701557,0.25822263956069946,0.8822053670883179,-0.7403696775436401,0.8637545704841614,1.3563798666000366,-0.1564817726612091,0.19902417063713074,0.7148529887199402,-1.780495285987854,0.8802760243415833,1.465160608291626,-0.20015664398670197,0.14762282371520996,0.5788772106170654,-1.9693143367767334,0.852327823638916,1.445092797279358,-0.2482900321483612,0.18415164947509766,0.5191977620124817,-1.9805126190185547,0.8317915797233582,1.4114793539047241,-0.18986821174621582,0.22146224975585938,0.5785371661186218,-1.8186982870101929,0.7071245312690735,1.440008282661438,-0.023579034954309464,0.41851645708084106,1.4308135509490967,0.02770932950079441,0.6962991952896118,2.0838935375213623,-0.10713233798742294,0.4253675937652588,2.0844838619232178,-0.01479647308588028,0.6855593323707581,2.683676242828369,0.3474571704864502,0.42445263266563416,2.669387102127075,0.2740606665611267,0.6922281980514526,2.7622716426849365,0.3553260564804077,0.4148729741573334,2.741474151611328,0.28990083932876587,0.6509048342704773,2.861353635787964,-0.18932554125785828,0.45399969816207886,2.867278575897217,-0.341926246881485,0.16480661928653717,0.7039194107055664,6.147764679553802e-07,0.220365509390831,0.6441572904586792,-0.03216574341058731,0.25158998370170593,0.5628891587257385,-0.04701405391097069,0.2557329833507538,0.4857965111732483,-0.05713344365358353,0.26398634910583496,0.4206264019012451,-0.0652964636683464,0.1698102355003357,0.46081817150115967,-0.01719319447875023,0.16545695066452026,0.3604990839958191,-0.031305208802223206,0.17157277464866638,0.3053988218307495,-0.04560468718409538,0.18032722175121307,0.26527026295661926,-0.054509956389665604,0.12772932648658752,0.4702400863170624,-0.0076422011479735374,0.12683144211769104,0.37263911962509155,-0.018206831067800522,0.13587427139282227,0.31652987003326416,-0.03014080971479416,0.14954549074172974,0.27616193890571594,-0.038658201694488525,0.09643974155187607,0.49000266194343567,-0.001608203980140388,0.09772632271051407,0.40092188119888306,-0.010179377160966396,0.11123503744602203,0.3512668311595917,-0.015019675716757774,0.12936730682849884,0.31553250551223755,-0.018152818083763123,0.07325179874897003,0.5140789747238159,0.0011440492235124111,0.07811737805604935,0.43808257579803467,-0.004848625510931015,0.08891228586435318,0.39531007409095764,-0.004443344660103321,0.10347858816385269,0.36378124356269836,-0.002565313596278429
171,0.5824888348579407,0.3506791293621063,-0.6033514142036438,0.6154201626777649,0.28923606872558594,-0.5504149198532104,0.6312415599822998,0.29220834374427795,-0.5503440499305725,0.644729733467102,0.2947981059551239,-0.5505775809288025,0.5584197044372559,0.28076934814453125,-0.5522583723068237,0.5385649800300598,0.2784908711910248,-0.551607072353363,0.520699143409729,0.27773210406303406,-0.5516166687011719,0.6670897603034973,0.3213779032230377,-0.1656154841184616,0.49711737036705017,0.3116413354873657,-0.16268198192119598,0.6128571033477783,0.4195238947868347,-0.46201270818710327,0.5433092713356018,0.41806507110595703,-0.46108609437942505,0.7891155481338501,0.6249427199363708,0.0016653947532176971,0.37963035702705383,0.6054961681365967,-0.13765670359134674,0.8487262725830078,0.9448803663253784,-0.04402746260166168,0.2660216689109802,0.9482892751693726,-0.7789827585220337,0.8648350834846497,1.3340678215026855,-0.2854107618331909,0.20095288753509521,0.8147804141044617,-1.926134705543518,0.8809635043144226,1.4398678541183472,-0.34903907775878906,0.14780791103839874,0.7053672671318054,-2.127708673477173,0.8540970087051392,1.4116122722625732,-0.3998129963874817,0.18944373726844788,0.6247096657752991,-2.1410467624664307,0.833980917930603,1.37929105758667,-0.3189539313316345,0.22247448563575745,0.6675189137458801,-1.9664770364761353,0.707094669342041,1.4400895833969116,-0.02706841751933098,0.418522447347641,1.4316141605377197,0.031037628650665283,0.697658121585846,2.0836217403411865,-0.06192269176244736,0.42755094170570374,2.0843381881713867,0.09504534304141998,0.6889270544052124,2.6789894104003906,0.4404436945915222,0.43224841356277466,2.666195869445801,0.5133424401283264,0.6952452659606934,2.7567801475524902,0.4542076587677002,0.4239647388458252,2.7381484508514404,0.5434361696243286,0.6571139693260193,2.855079412460327,-0.09217195957899094,0.4608994424343109,2.8594725131988525,-0.07320050895214081,,,,,,,,,,,,,,,,,,,,,,,,,,,,,,,,,,,,,,,,,,,,,,,,,,,,,,,,,,,,,,,
172,0.5826681852340698,0.3511911630630493,-0.6194782853126526,0.6154171228408813,0.289604514837265,-0.5671766400337219,0.6312357783317566,0.2925199866294861,-0.5670982003211975,0.6447271704673767,0.2950431704521179,-0.567318320274353,0.5586141347885132,0.2811976969242096,-0.5677328705787659,0.53885418176651,0.2788262367248535,-0.5670911073684692,0.5209388732910156,0.27795952558517456,-0.5671166777610779,0.6670854091644287,0.3214477002620697,-0.18155613541603088,0.4971856474876404,0.311727911233902,-0.17349371314048767,0.6128544211387634,0.42017367482185364,-0.477517306804657,0.5438002943992615,0.4185393452644348,-0.47497063875198364,0.7890933156013489,0.6252614855766296,-0.010817513801157475,0.37970757484436035,0.605652391910553,-0.13901951909065247,0.8487931489944458,0.9434651136398315,-0.06411372125148773,0.26825013756752014,0.9673728346824646,-0.7952522039413452,0.8663374185562134,1.3239810466766357,-0.31511402130126953,0.20265576243400574,0.8483843207359314,-1.9556089639663696,0.8826380968093872,1.4286071062088013,-0.3816317915916443,0.14771245419979095,0.7364151477813721,-2.158632755279541,0.8563380241394043,1.3983173370361328,-0.43272534012794495,0.19294856488704681,0.6380472779273987,-2.171550989151001,0.8363344073295593,1.3665794134140015,-0.3489706814289093,0.22364775836467743,0.6808683276176453,-1.9957395792007446,0.7072123289108276,1.4403953552246094,-0.029802028089761734,0.4188072085380554,1.4327235221862793,0.03369594365358353,0.6996564269065857,2.083575487136841,-0.046054042875766754,0.43032631278038025,2.0842998027801514,0.11602665483951569,0.6934632062911987,2.6765565872192383,0.4647785723209381,0.43970757722854614,2.664135456085205,0.5409603118896484,0.6996670961380005,2.754146099090576,0.4793473184108734,0.4320225119590759,2.7360103130340576,0.5715793371200562,0.6637685894966125,2.851654291152954,-0.0680987611413002,0.4689856171607971,2.8549654483795166,-0.04527297616004944,0.18866464495658875,0.8713928461074829,4.1334286038363643e-07,0.24716484546661377,0.780693769454956,-0.02686864696443081,0.26522746682167053,0.6497390866279602,-0.03348461911082268,0.2626321017742157,0.5294870138168335,-0.036327436566352844,0.2688106894493103,0.43964362144470215,-0.03860372304916382,0.18853409588336945,0.6043655276298523,-0.018013430759310722,0.17767947912216187,0.48787766695022583,-0.029274072498083115,0.18115928769111633,0.42825859785079956,-0.0385093055665493,0.1872347742319107,0.39296624064445496,-0.043867241591215134,0.14188992977142334,0.6331720948219299,-0.009542766027152538,0.13044966757297516,0.5287166237831116,-0.0146285779774189,0.14633244276046753,0.49124398827552795,-0.01986151933670044,0.16529743373394012,0.4772031307220459,-0.024945782497525215,0.10586684197187424,0.6721485257148743,-0.0037604589015245438,0.100194051861763,0.5781838893890381,-0.007867038249969482,0.11874066293239594,0.547714114189148,-0.004818329121917486,0.13963094353675842,0.5385118126869202,-0.004340004175901413,0.08003183454275131,0.7151201963424683,-0.0006322521367110312,0.0745735615491867,0.6465975046157837,-0.003360946662724018,0.09483718127012253,0.6227523684501648,0.002585998270660639,0.1156814768910408,0.6214780807495117,0.007557825651019812
173,0.5826921463012695,0.3563677966594696,-0.828160285949707,0.6154090166091919,0.29361599683761597,-0.7710510492324829,0.6312034726142883,0.2957267761230469,-0.7711880803108215,0.6446885466575623,0.29758480191230774,-0.7716213464736938,0.5586389303207397,0.287171334028244,-0.7720319032669067,0.5389302372932434,0.285116970539093,-0.771348774433136,0.5210200548171997,0.28413277864456177,-0.7714036703109741,0.6670812368392944,0.32209518551826477,-0.31903350353240967,0.49719375371932983,0.3140708804130554,-0.3121470808982849,0.6128532886505127,0.42501363158226013,-0.6598039865493774,0.5442372560501099,0.42458969354629517,-0.6587391495704651,0.7902774214744568,0.6280598044395447,-0.11997850984334946,0.377712607383728,0.608115017414093,-0.1713201254606247,0.8488236665725708,0.9436423778533936,-0.14498858153820038,0.31090840697288513,0.9656888842582703,-0.7118799090385437,0.8544972538948059,1.3282859325408936,-0.4244869351387024,0.2686540484428406,0.8138399124145508,-1.8459625244140625,0.8563860058784485,1.4307104349136353,-0.4993685781955719,0.22560358047485352,0.7740556597709656,-2.041351556777954,0.8298196792602539,1.404962420463562,-0.5692166090011597,0.23306870460510254,0.6897131204605103,-2.0625767707824707,0.81806480884552,1.3714803457260132,-0.4625135064125061,0.27825218439102173,0.7478550672531128,-1.886030912399292,0.7103589773178101,1.435102105140686,-0.05119132250547409,0.42097681760787964,1.4299205541610718,0.05505598336458206,0.7002285122871399,2.080528497695923,-0.09918095171451569,0.4308450222015381,2.0766985416412354,0.11842572689056396,0.6929639577865601,2.675428628921509,0.4299549162387848,0.4393255114555359,2.661980152130127,0.5705671310424805,0.6987711787223816,2.753042697906494,0.43517550826072693,0.4309159815311432,2.73464035987854,0.5972100496292114,0.6604390740394592,2.850649356842041,-0.25632691383361816,0.4669758677482605,2.8492746353149414,-0.09159950166940689,,,,,,,,,,,,,,,,,,,,,,,,,,,,,,,,,,,,,,,,,,,,,,,,,,,,,,,,,,,,,,,
174,0.5836402177810669,0.3602668046951294,-1.0289955139160156,0.6155046820640564,0.2957952916622162,-0.9664381146430969,0.6312073469161987,0.29722875356674194,-0.9664146304130554,0.6446874141693115,0.29856008291244507,-0.966658890247345,0.5594667792320251,0.2921496331691742,-0.9754001498222351,0.5400229692459106,0.2911166250705719,-0.9747064709663391,0.5223821401596069,0.29095765948295593,-0.9750875234603882,0.6670793294906616,0.32212570309638977,-0.5090090036392212,0.49781426787376404,0.31706973910331726,-0.5362793803215027,0.6133328676223755,0.427367240190506,-0.8558999300003052,0.54679936170578,0.43027961254119873,-0.8629155158996582,0.7909571528434753,0.6287754774093628,-0.19617962837219238,0.3741430640220642,0.6087841391563416,-0.3180828094482422,0.8489018678665161,0.9464690685272217,-0.1146499514579773,0.2827070355415344,0.9599364399909973,-0.3808411657810211,0.8546501994132996,1.3470567464828491,-0.49744492769241333,0.2292211353778839,1.2453067302703857,-0.985857367515564,0.8603206872940063,1.4559983015060425,-0.6048787832260132,0.1994427740573883,1.3399910926818848,-1.1404502391815186,0.8316127061843872,1.44963538646698,-0.6971191167831421,0.2213887721300125,1.3314510583877563,-1.2398830652236938,0.8182581663131714,1.4083365201950073,-0.5534313917160034,0.24736425280570984,1.299885630607605,-1.045444130897522,0.7070152759552002,1.431822657585144,-0.04984007030725479,0.4175732135772705,1.4219964742660522,0.05362808704376221,0.6839754581451416,2.0779712200164795,-0.13060028851032257,0.4095054268836975,2.0722596645355225,0.0104230847209692,0.6673065423965454,2.6725125312805176,0.41544145345687866,0.40289703011512756,2.660489797592163,0.3452104926109314,0.6710602641105652,2.753293037414551,0.4291987419128418,0.39439213275909424,2.7364771366119385,0.3536783456802368,0.622058629989624,2.846766710281372,-0.24851801991462708,0.4357086718082428,2.8432681560516357,-0.3672771155834198,,,,,,,,,,,,,,,,,,,,,,,,,,,,,,,,,,,,,,,,,,,,,,,,,,,,,,,,,,,,,,,
175,0.5842960476875305,0.36290398240089417,-1.0304081439971924,0.6155794262886047,0.29743868112564087,-0.9688984155654907,0.6312092542648315,0.2984556555747986,-0.9688640832901001,0.6446850895881653,0.2994261682033539,-0.9691489338874817,0.5600720047950745,0.29518669843673706,-0.9787076115608215,0.5408317446708679,0.2945680618286133,-0.9780219793319702,0.5233615040779114,0.29469940066337585,-0.9784020185470581,0.6670786142349243,0.32217180728912354,-0.5185130834579468,0.4982578158378601,0.3188950717449188,-0.5480865240097046,0.6136792898178101,0.4290634095668793,-0.8593454360961914,0.5484181046485901,0.4336963891983032,-0.8669357299804688,0.7913973927497864,0.6290308833122253,-0.20375344157218933,0.3723345994949341,0.608892560005188,-0.3370458483695984,0.8490006327629089,0.9477359652519226,-0.09794880449771881,0.2695792317390442,0.9582475423812866,-0.31620267033576965,0.855167031288147,1.356004238128662,-0.4716687798500061,0.20686793327331543,1.287818431854248,-0.8432828783988953,0.8610237836837769,1.468810796737671,-0.5750294327735901,0.1767936646938324,1.3861804008483887,-0.9865695238113403,0.8322471380233765,1.469408631324768,-0.6692814826965332,0.2090359479188919,1.3860427141189575,-1.0894299745559692,0.8183935284614563,1.4256901741027832,-0.5288665294647217,0.22885099053382874,1.351266622543335,-0.9024770855903625,0.7043641805648804,1.4293864965438843,-0.04864748194813728,0.41576266288757324,1.4168856143951416,0.05250181630253792,0.6762904524803162,2.076127290725708,-0.13407130539417267,0.40217867493629456,2.068995952606201,-0.0035982858389616013,0.6572208404541016,2.6708223819732666,0.4296366274356842,0.3934240937232971,2.659294605255127,0.3288673758506775,0.6603441834449768,2.753457546234131,0.4488120973110199,0.3849506378173828,2.7377140522003174,0.33896341919898987,0.6109011173248291,2.844541311264038,-0.21121375262737274,0.4278200566768646,2.8400425910949707,-0.3691670298576355,,,,,,,,,,,,,,,,,,,,,,,,,,,,,,,,,,,,,,,,,,,,,,,,,,,,,,,,,,,,,,,
176,0.5846357345581055,0.3655213415622711,-0.9971421360969543,0.6155722737312317,0.299226850271225,-0.9410530924797058,0.6311593055725098,0.29975801706314087,-0.9409046173095703,0.6446026563644409,0.30031120777130127,-0.9412988424301147,0.560407817363739,0.2982671558856964,-0.9505153894424438,0.5414137840270996,0.29799148440361023,-0.9498164057731628,0.5241474509239197,0.2984563112258911,-0.9501603245735168,0.6668747663497925,0.32218676805496216,-0.5052570104598999,0.4985067844390869,0.32104894518852234,-0.5309575200080872,0.6138099431991577,0.4305484890937805,-0.8296812772750854,0.5493486523628235,0.4364834725856781,-0.8358290791511536,0.7914192080497742,0.6290022134780884,-0.20085199177265167,0.36948058009147644,0.6098321080207825,-0.33411794900894165,0.8487012982368469,0.9482050538063049,-0.0745076984167099,0.25346386432647705,0.9508569836616516,-0.22599032521247864,0.8568142652511597,1.3586370944976807,-0.41397619247436523,0.16062524914741516,1.3159123659133911,-0.6173155903816223,0.8691004514694214,1.473483920097351,-0.5010335445404053,0.11975415050983429,1.413159966468811,-0.730580747127533,0.8375129699707031,1.4801783561706543,-0.5884010195732117,0.1572255790233612,1.4244452714920044,-0.838607668876648,0.8239107131958008,1.4347689151763916,-0.4665340781211853,0.17796191573143005,1.3893182277679443,-0.674430251121521,0.6982983946800232,1.4294273853302002,-0.04859510809183121,0.41081660985946655,1.4168128967285156,0.05265098810195923,0.6715484857559204,2.0761911869049072,-0.10395675897598267,0.39963504672050476,2.0692594051361084,0.03695818409323692,0.6541844606399536,2.6709632873535156,0.5151311755180359,0.3898194432258606,2.6603784561157227,0.4446696639060974,0.657444953918457,2.755359649658203,0.5422338843345642,0.37985163927078247,2.7451014518737793,0.4644283354282379,0.6091750860214233,2.8452210426330566,-0.07705675810575485,0.4263669550418854,2.8406248092651367,-0.24357733130455017,,,,,,,,,,,,,,,,,,,,,,,,,,,,,,,,,,,,,,,,,,,,,,,,,,,,,,,,,,,,,,,
177,0.5848664045333862,0.3668687045574188,-1.083321452140808,0.6155710220336914,0.3002341091632843,-1.0277329683303833,0.6311256289482117,0.30057868361473083,-1.0275771617889404,0.6445432901382446,0.3009437024593353,-1.0279213190078735,0.560649573802948,0.29964253306388855,-1.0389256477355957,0.5417802333831787,0.2994312644004822,-1.0383141040802002,0.5246385931968689,0.29994258284568787,-1.0386931896209717,0.6667044162750244,0.3222212493419647,-0.5855384469032288,0.49865293502807617,0.3220747113227844,-0.6208809614181519,0.6138666868209839,0.4317183792591095,-0.9125005602836609,0.549801230430603,0.4380266070365906,-0.9214423298835754,0.7913249135017395,0.6289985775947571,-0.25382789969444275,0.36572572588920593,0.6118691563606262,-0.40838009119033813,0.8467010259628296,0.9507577419281006,-0.10560581833124161,0.2463037073612213,0.9538044333457947,-0.3093114495277405,0.8535643815994263,1.3633123636245728,-0.48568782210350037,0.1581188440322876,1.333824872970581,-0.724448025226593,0.8667774200439453,1.4765082597732544,-0.5793753862380981,0.11761095374822617,1.4328409433364868,-0.8444298505783081,0.8334497213363647,1.4840683937072754,-0.6660455465316772,0.15730085968971252,1.4436111450195312,-0.9495002627372742,0.8195350766181946,1.4398658275604248,-0.5393595099449158,0.17907409369945526,1.4081122875213623,-0.780040979385376,0.694064736366272,1.4293177127838135,-0.048126012086868286,0.4076119363307953,1.4163336753845215,0.05217115208506584,0.6685713529586792,2.076817750930786,-0.10390134155750275,0.3983595669269562,2.0699286460876465,0.03817394748330116,0.6527143120765686,2.671860694885254,0.5135191679000854,0.3897317945957184,2.663668155670166,0.4370760917663574,0.6560331583023071,2.7589919567108154,0.5409474968910217,0.3794843256473541,2.752779722213745,0.45622187852859497,0.6087762117385864,2.846717357635498,-0.07543093711137772,0.4264203608036041,2.842862606048584,-0.24401405453681946,,,,,,,,,,,,,,,,,,,,,,,,,,,,,,,,,,,,,,,,,,,,,,,,,,,,,,,,,,,,,,,
178,0.5849336385726929,0.36754801869392395,-1.0740324258804321,0.6155273914337158,0.3007948100566864,-1.0178611278533936,0.6310034990310669,0.30102652311325073,-1.017737627029419,0.6443589925765991,0.30127033591270447,-1.0180981159210205,0.5607416033744812,0.30040523409843445,-1.0289353132247925,0.5419493913650513,0.30021268129348755,-1.0283249616622925,0.5248843431472778,0.30075591802597046,-1.0287137031555176,0.6664661169052124,0.32224395871162415,-0.5758342146873474,0.49874573945999146,0.3227594494819641,-0.6106522679328918,0.6138738393783569,0.43231409788131714,-0.9035898447036743,0.5500493049621582,0.4387962222099304,-0.9124444723129272,0.7911847233772278,0.628915011882782,-0.24709458649158478,0.36364027857780457,0.6129280924797058,-0.4022766053676605,0.8455504179000854,0.9518689513206482,-0.10687591135501862,0.24282582104206085,0.9545583724975586,-0.3071191906929016,0.8511267900466919,1.3646167516708374,-0.4924406111240387,0.15847870707511902,1.3353760242462158,-0.7206802368164062,0.8645569086074829,1.477073311805725,-0.586467444896698,0.11777706444263458,1.4347587823867798,-0.8410103917121887,0.8302541971206665,1.4840611219406128,-0.6715739369392395,0.1579716056585312,1.4467717409133911,-0.946685791015625,0.8161653280258179,1.4406121969223022,-0.5454448461532593,0.18023595213890076,1.4109877347946167,-0.7764313220977783,0.6911628246307373,1.4289053678512573,-0.047734759747982025,0.4060828685760498,1.4154945611953735,0.05178312584757805,0.6669918894767761,2.0768685340881348,-0.10422106087207794,0.3982633948326111,2.0701069831848145,0.03895832598209381,0.6522101759910583,2.671971082687378,0.5034843683242798,0.39049679040908813,2.6645162105560303,0.4319993555545807,0.655577540397644,2.7598795890808105,0.5303300619125366,0.38010507822036743,2.7553822994232178,0.4507104754447937,0.6091030836105347,2.846803903579712,-0.08443194627761841,0.4271160662174225,2.8430051803588867,-0.2445075809955597,,,,,,,,,,,,,,,,,,,,,,,,,,,,,,,,,,,,,,,,,,,,,,,,,,,,,,,,,,,,,,,
179,0.5851474404335022,0.36762535572052,-1.1308783292770386,0.6155292987823486,0.300876259803772,-1.0757008790969849,0.6309689879417419,0.3010654151439667,-1.075614333152771,0.6443039178848267,0.30127495527267456,-1.0759886503219604,0.5609379410743713,0.300583153963089,-1.0877412557601929,0.542156994342804,0.3003876507282257,-1.0871782302856445,0.525128185749054,0.30094918608665466,-1.087607979774475,0.6664134860038757,0.3220072090625763,-0.6266351342201233,0.4987809658050537,0.3229411840438843,-0.6678127646446228,0.6139749884605408,0.43229401111602783,-0.9566791653633118,0.5503966212272644,0.4388538897037506,-0.9674146771430969,0.7911772727966309,0.6281934380531311,-0.27814623713493347,0.36276161670684814,0.6129294037818909,-0.44075530767440796,0.8455487489700317,0.9523874521255493,-0.14300981163978577,0.2399723082780838,0.9536986947059631,-0.35033905506134033,0.8489779233932495,1.3648107051849365,-0.5575679540634155,0.15945671498775482,1.3501160144805908,-0.7841757535934448,0.8617271184921265,1.4767892360687256,-0.6619685888290405,0.12436920404434204,1.457399845123291,-0.910152792930603,0.8276861310005188,1.481986403465271,-0.7484110593795776,0.16870205104351044,1.469152569770813,-1.0150566101074219,0.8131541013717651,1.4393641948699951,-0.6116512417793274,0.18534603714942932,1.4305058717727661,-0.8390095829963684,0.6896242499351501,1.4262034893035889,-0.047073133289813995,0.40569812059402466,1.4118220806121826,0.05121997743844986,0.6652539372444153,2.0764124393463135,-0.12131369113922119,0.3975451588630676,2.069903612136841,0.01760094240307808,0.6485942602157593,2.671988010406494,0.4818311631679535,0.38776159286499023,2.665022611618042,0.37257450819015503,0.6515422463417053,2.7599825859069824,0.5042486190795898,0.3768221139907837,2.7570576667785645,0.38552430272102356,0.6048973202705383,2.846940279006958,-0.09777339547872543,0.4232334494590759,2.843101739883423,-0.31609153747558594,,,,,,,,,,,,,,,,,,,,,,,,,,,,,,,,,,,,,,,,,,,,,,,,,,,,,,,,,,,,,,,
180,0.58576899766922,0.3678038418292999,-1.2541677951812744,0.6155675053596497,0.3009224832057953,-1.1997334957122803,0.630961000919342,0.3010667562484741,-1.1996285915374756,0.6442942023277283,0.3012443780899048,-1.1999939680099487,0.5612034201622009,0.3008955717086792,-1.2132166624069214,0.5423898696899414,0.300811767578125,-1.2127898931503296,0.5254226922988892,0.30150920152664185,-1.2132328748703003,0.666380763053894,0.3214999735355377,-0.7368187308311462,0.4988039433956146,0.32317572832107544,-0.7866790890693665,0.6145355701446533,0.43230459094047546,-1.0730173587799072,0.5513468384742737,0.4391272962093353,-1.0861704349517822,0.7911995053291321,0.6258960962295532,-0.3561205267906189,0.36263084411621094,0.6130179166793823,-0.5271439552307129,0.8455727696418762,0.9538534283638,-0.19326025247573853,0.23668932914733887,0.9604164361953735,-0.352791965007782,0.8438911437988281,1.3691445589065552,-0.5879939198493958,0.1629696786403656,1.3725231885910034,-0.8624653816223145,0.8548471331596375,1.4790045022964478,-0.6892940402030945,0.12469848245382309,1.4804803133010864,-0.9905074834823608,0.821999192237854,1.4846833944320679,-0.7786059975624084,0.17057470977306366,1.4928817749023438,-1.0981686115264893,0.8072224855422974,1.4436193704605103,-0.6417170763015747,0.1870305985212326,1.4547953605651855,-0.9184526205062866,0.6895925402641296,1.4238171577453613,-0.04523218050599098,0.40575164556503296,1.4100793600082397,0.049465056508779526,0.6651341915130615,2.077122449874878,-0.10270725190639496,0.3978832960128784,2.0700600147247314,0.015098683536052704,0.6476331949234009,2.6729562282562256,0.5360705256462097,0.3884972631931305,2.666619062423706,0.37584376335144043,0.6502823829650879,2.7615199089050293,0.5637497901916504,0.3777512013912201,2.7586328983306885,0.3884216248989105,0.6043828129768372,2.8484158515930176,-0.05796755105257034,0.4239872395992279,2.846458673477173,-0.30339744687080383,,,,,,,,,,,,,,,,,,,,,,,,,,,,,,,,,,,,,,,,,,,,,,,,,,,,,,,,,,,,,,,
181,0.586462140083313,0.3678955137729645,-1.2576382160186768,0.6156904697418213,0.30096662044525146,-1.203627109527588,0.6309600472450256,0.3010699450969696,-1.203527569770813,0.6442884206771851,0.30122262239456177,-1.2039027214050293,0.5615814328193665,0.301060289144516,-1.217177152633667,0.542676568031311,0.3009880781173706,-1.2167584896087646,0.5257652401924133,0.3017139434814453,-1.217203974723816,0.6663514971733093,0.3209075629711151,-0.7416970729827881,0.4988413453102112,0.32319942116737366,-0.791869044303894,0.615054190158844,0.4322899580001831,-1.076723337173462,0.5520718693733215,0.4391564428806305,-1.0899558067321777,0.7911888957023621,0.6230802536010742,-0.36141741275787354,0.36260494589805603,0.613014817237854,-0.5319129228591919,0.8455935716629028,0.9545286893844604,-0.19746418297290802,0.2347438633441925,0.9632748365402222,-0.36481544375419617,0.8393589854240417,1.3703429698944092,-0.5852550268173218,0.16559287905693054,1.3749827146530151,-0.8676602244377136,0.8491096496582031,1.4791948795318604,-0.6855577230453491,0.12609347701072693,1.4825114011764526,-0.9951856732368469,0.8172255754470825,1.4842904806137085,-0.7746340036392212,0.1707666665315628,1.4948893785476685,-1.1046414375305176,0.8023227453231812,1.4440314769744873,-0.6386468410491943,0.18941384553909302,1.4571659564971924,-0.9241630434989929,0.6896179914474487,1.4211255311965942,-0.043673478066921234,0.4058099687099457,1.408021330833435,0.04796888679265976,0.6651872992515564,2.0772483348846436,-0.09336284548044205,0.398211270570755,2.0701682567596436,0.012478353455662727,0.6472640037536621,2.673142194747925,0.5484570264816284,0.3891371190547943,2.666985511779785,0.3772872984409332,0.649760365486145,2.761852741241455,0.5765451192855835,0.37850379943847656,2.758861780166626,0.3896883726119995,0.6043973565101624,2.8488433361053467,-0.04689488559961319,0.42464327812194824,2.8476321697235107,-0.29768088459968567,,,,,,,,,,,,,,,,,,,,,,,,,,,,,,,,,,,,,,,,,,,,,,,,,,,,,,,,,,,,,,,
182,0.587138295173645,0.36795729398727417,-1.256106972694397,0.6158402562141418,0.30101022124290466,-1.2023286819458008,0.6309660077095032,0.30107995867729187,-1.2022066116333008,0.644285261631012,0.3012174963951111,-1.2025549411773682,0.5620649456977844,0.3011549711227417,-1.2167538404464722,0.5430421233177185,0.30106866359710693,-1.2163161039352417,0.5261117219924927,0.30179253220558167,-1.2167487144470215,0.666277289390564,0.3204934000968933,-0.7383697032928467,0.49885544180870056,0.3231939673423767,-0.7921651601791382,0.6154131293296814,0.4322764277458191,-1.0743045806884766,0.5526398420333862,0.43916675448417664,-1.0885403156280518,0.791149377822876,0.6212974190711975,-0.3570198714733124,0.3620466887950897,0.6128196120262146,-0.5388674736022949,0.8457929491996765,0.9541952610015869,-0.18239828944206238,0.23252058029174805,0.9618796706199646,-0.3812815248966217,0.8400503396987915,1.3703086376190186,-0.5593600273132324,0.16725467145442963,1.3618347644805908,-0.8708624839782715,0.8507018089294434,1.479066252708435,-0.6564608812332153,0.1265157014131546,1.4695465564727783,-0.996621310710907,0.8184568285942078,1.4836077690124512,-0.7484043836593628,0.1730959713459015,1.4822704792022705,-1.1048834323883057,0.803397536277771,1.4435187578201294,-0.6138767004013062,0.1896301805973053,1.444345474243164,-0.9263216853141785,0.6893609166145325,1.418998122215271,-0.04298243299126625,0.40575799345970154,1.4061734676361084,0.04729780927300453,0.6646028757095337,2.0768239498138428,-0.08497051149606705,0.3978949189186096,2.0697734355926514,0.013308157213032246,0.6459898948669434,2.672744035720825,0.5622530579566956,0.3885193169116974,2.666881799697876,0.3989955186843872,0.6483525633811951,2.7614986896514893,0.5911713242530823,0.3777954578399658,2.758741855621338,0.41515856981277466,0.6033047437667847,2.8487985134124756,-0.03119247779250145,0.42435526847839355,2.847921848297119,-0.2903262972831726,,,,,,,,,,,,,,,,,,,,,,,,,,,,,,,,,,,,,,,,,,,,,,,,,,,,,,,,,,,,,,,
183,0.587783932685852,0.36798304319381714,-1.208744764328003,0.616004228591919,0.30103689432144165,-1.1563551425933838,0.6309701204299927,0.30108368396759033,-1.1562082767486572,0.6442795991897583,0.3012065291404724,-1.1565929651260376,0.5625947713851929,0.3012191951274872,-1.1705349683761597,0.5433989763259888,0.30112025141716003,-1.1700787544250488,0.526384711265564,0.30184516310691833,-1.1704940795898438,0.6660568714141846,0.320197731256485,-0.7041177153587341,0.4988648295402527,0.3232055902481079,-0.7561407089233398,0.6156138181686401,0.4322517216205597,-1.0316321849822998,0.5530973076820374,0.4391399025917053,-1.0452104806900024,0.7911359071731567,0.6203147172927856,-0.3395528495311737,0.3616195321083069,0.6125491261482239,-0.5202196836471558,0.8459068536758423,0.9531716108322144,-0.1699487268924713,0.23102828860282898,0.9613797068595886,-0.40057721734046936,0.8432890772819519,1.369497299194336,-0.5401309132575989,0.16820411384105682,1.3502553701400757,-0.8293458223342896,0.8587459325790405,1.4786404371261597,-0.6351345777511597,0.127681165933609,1.4569013118743896,-0.9495829343795776,0.8269312977790833,1.4831860065460205,-0.7175970673561096,0.17548225820064545,1.4701764583587646,-1.0561728477478027,0.8103564977645874,1.443041443824768,-0.5898746252059937,0.1903664767742157,1.4322375059127808,-0.8837399482727051,0.6893990635871887,1.4173684120178223,-0.042097702622413635,0.4057699739933014,1.4045259952545166,0.04641646146774292,0.6646931171417236,2.075737237930298,-0.07727687060832977,0.3975934684276581,2.068692922592163,0.013544547371566296,0.6460046768188477,2.671734571456909,0.5614779591560364,0.3874889016151428,2.666205644607544,0.40951961278915405,0.6484994292259216,2.760617971420288,0.590116560459137,0.3765580654144287,2.7580671310424805,0.42754730582237244,0.6031535267829895,2.8484437465667725,-0.022880999371409416,0.4237596392631531,2.847792148590088,-0.2761637270450592,,,,,,,,,,,,,,,,,,,,,,,,,,,,,,,,,,,,,,,,,,,,,,,,,,,,,,,,,,,,,,,
184,0.5885977745056152,0.36800825595855713,-1.1963512897491455,0.616277813911438,0.30106016993522644,-1.1440792083740234,0.6310120820999146,0.3010847270488739,-1.1439340114593506,0.6443027853965759,0.30118614435195923,-1.1443347930908203,0.5632179975509644,0.30130377411842346,-1.1584995985031128,0.5437888503074646,0.3012032210826874,-1.1580379009246826,0.5266624093055725,0.30194202065467834,-1.1584502458572388,0.6658804416656494,0.31991493701934814,-0.6932478547096252,0.49885696172714233,0.32322725653648376,-0.7459368109703064,0.6158679723739624,0.43223434686660767,-1.0198044776916504,0.5536092519760132,0.4391385614871979,-1.0335783958435059,0.7910730242729187,0.6195690631866455,-0.3327987790107727,0.36133861541748047,0.6124086380004883,-0.5117851495742798,0.8464794158935547,0.9520712494850159,-0.16479261219501495,0.23024983704090118,0.960854172706604,-0.40817776322364807,0.8499825596809387,1.3686572313308716,-0.5351064205169678,0.1692601591348648,1.3489214181900024,-0.8214160203933716,0.8699970245361328,1.4782688617706299,-0.6290487051010132,0.12897591292858124,1.4556903839111328,-0.9419282078742981,0.8382412791252136,1.4829610586166382,-0.7036527395248413,0.17597411572933197,1.4688475131988525,-1.050323247909546,0.8200920820236206,1.4427571296691895,-0.5796020030975342,0.19238664209842682,1.4310188293457031,-0.8768923878669739,0.6894189119338989,1.4167484045028687,-0.0416875034570694,0.40575772523880005,1.404058575630188,0.04600472375750542,0.6648095846176147,2.0754125118255615,-0.07117298245429993,0.39738738536834717,2.0684120655059814,0.014402821660041809,0.6461862325668335,2.6714835166931152,0.5677059888839722,0.38701754808425903,2.665990114212036,0.4139677584171295,0.6487640142440796,2.7604196071624756,0.5964096188545227,0.37603795528411865,2.7578086853027344,0.4327336847782135,0.60344398021698,2.8483989238739014,-0.014758330769836903,0.42357754707336426,2.847862958908081,-0.27057328820228577,,,,,,,,,,,,,,,,,,,,,,,,,,,,,,,,,,,,,,,,,,,,,,,,,,,,,,,,,,,,,,,
185,0.5893941521644592,0.36822083592414856,-1.2057368755340576,0.6165841817855835,0.3012219965457916,-1.1533896923065186,0.6310662031173706,0.3011772334575653,-1.153243899345398,0.644352376461029,0.3012107312679291,-1.1536446809768677,0.5638090372085571,0.30145251750946045,-1.1670732498168945,0.544112503528595,0.301294207572937,-1.1666007041931152,0.5269173383712769,0.30200132727622986,-1.1670135259628296,0.6657572388648987,0.3195410966873169,-0.7009437680244446,0.49884361028671265,0.3232242465019226,-0.7508410811424255,0.6161497831344604,0.43222105503082275,-1.0285282135009766,0.5540264844894409,0.4392226040363312,-1.0415407419204712,0.7910739183425903,0.6190481185913086,-0.33756813406944275,0.3613359332084656,0.6122595071792603,-0.5091718435287476,0.8473238945007324,0.9516931772232056,-0.16585958003997803,0.229299396276474,0.9605275988578796,-0.40987271070480347,0.854142963886261,1.368615984916687,-0.535831868648529,0.1681029200553894,1.3530904054641724,-0.8214162588119507,0.8742537498474121,1.4782172441482544,-0.6311110258102417,0.12900300323963165,1.460716724395752,-0.9426668882369995,0.8419821858406067,1.4829330444335938,-0.7201918959617615,0.17562268674373627,1.4736441373825073,-1.0522000789642334,0.8234838247299194,1.4428821802139282,-0.5881363749504089,0.19374330341815948,1.4362210035324097,-0.8776954412460327,0.6892850399017334,1.4167815446853638,-0.04160722717642784,0.405625581741333,1.4041403532028198,0.04591932147741318,0.6643850207328796,2.0761892795562744,-0.07722635567188263,0.3965440094470978,2.068742036819458,0.01036016084253788,0.6451388001441956,2.6726388931274414,0.5551532506942749,0.3851681053638458,2.666518449783325,0.399307519197464,0.6477081179618835,2.7618248462677,0.5817056894302368,0.37422287464141846,2.758209466934204,0.41648244857788086,0.6017463207244873,2.8494679927825928,-0.026415403932332993,0.4206250309944153,2.8484771251678467,-0.287104070186615,,,,,,,,,,,,,,,,,,,,,,,,,,,,,,,,,,,,,,,,,,,,,,,,,,,,,,,,,,,,,,,
186,0.5897663831710815,0.3682180941104889,-1.2092407941818237,0.6168783903121948,0.3012269139289856,-1.1555418968200684,0.6311461329460144,0.30118247866630554,-1.1554055213928223,0.644448459148407,0.3012116849422455,-1.1557978391647339,0.5641318559646606,0.3013431429862976,-1.1688249111175537,0.5442395806312561,0.30102431774139404,-1.1683276891708374,0.5270165205001831,0.30156347155570984,-1.168721318244934,0.6657182574272156,0.3192671239376068,-0.7009443640708923,0.4987858235836029,0.32262560725212097,-0.7496700882911682,0.6162399053573608,0.4321346580982208,-1.0321494340896606,0.5541020631790161,0.4390545189380646,-1.0448811054229736,0.7910469770431519,0.6189176440238953,-0.339624285697937,0.36116090416908264,0.6116384267807007,-0.5099320411682129,0.8476414680480957,0.9514935612678528,-0.16790856420993805,0.22820214927196503,0.9597710967063904,-0.41339412331581116,0.8593496084213257,1.3694602251052856,-0.5370861887931824,0.1684921681880951,1.358341097831726,-0.8382037281990051,0.8793584704399109,1.47892427444458,-0.6347410082817078,0.12926271557807922,1.4686371088027954,-0.9620404243469238,0.8467019200325012,1.4842164516448975,-0.7270618081092834,0.17730244994163513,1.481304407119751,-1.0714925527572632,0.8276339769363403,1.4445900917053223,-0.5915418863296509,0.19551105797290802,1.44344961643219,-0.8947164416313171,0.6893220543861389,1.4166407585144043,-0.04152771085500717,0.4056392312049866,1.403934121131897,0.04583379998803139,0.6644823551177979,2.0765111446380615,-0.08165642619132996,0.3966345191001892,2.0690722465515137,0.011102857068181038,0.645348072052002,2.6730380058288574,0.5464917421340942,0.38543927669525146,2.666865348815918,0.39862388372421265,0.6479790210723877,2.7622811794281006,0.5723592042922974,0.37452951073646545,2.7583389282226562,0.4157039523124695,0.6020805239677429,2.849743127822876,-0.032287657260894775,0.4209105372428894,2.849165439605713,-0.28807175159454346,,,,,,,,,,,,,,,,,,,,,,,,,,,,,,,,,,,,,,,,,,,,,,,,,,,,,,,,,,,,,,,
187,0.5900255441665649,0.36821210384368896,-1.2025628089904785,0.6170685291290283,0.3012293577194214,-1.1487737894058228,0.6311916708946228,0.3011843264102936,-1.1486413478851318,0.6445046067237854,0.30120572447776794,-1.1490339040756226,0.5643524527549744,0.3012565076351166,-1.161988615989685,0.5443315505981445,0.3008171617984772,-1.1614774465560913,0.5270958542823792,0.30123037099838257,-1.1618642807006836,0.665638267993927,0.3189385235309601,-0.6950589418411255,0.4987305998802185,0.3221427798271179,-0.7434371113777161,0.6163047552108765,0.4319974482059479,-1.025949239730835,0.5541636347770691,0.43884745240211487,-1.0385440587997437,0.7909958958625793,0.6186807751655579,-0.3345656991004944,0.3610941767692566,0.6111345291137695,-0.5069507360458374,0.8478337526321411,0.9506300687789917,-0.16463947296142578,0.22741401195526123,0.9590766429901123,-0.41561800241470337,0.8629823923110962,1.3694359064102173,-0.5309865474700928,0.16882085800170898,1.3603301048278809,-0.8397296667098999,0.8831480741500854,1.4788810014724731,-0.6279623508453369,0.13057707250118256,1.4711722135543823,-0.9636545181274414,0.8503888249397278,1.4840813875198364,-0.7206696271896362,0.17966577410697937,1.4837583303451538,-1.0727006196975708,0.831006646156311,1.4445374011993408,-0.5857113599777222,0.1981113702058792,1.4456614255905151,-0.8958820104598999,0.6893443465232849,1.4162567853927612,-0.04127993434667587,0.40567460656166077,1.4035662412643433,0.045616358518600464,0.6645746827125549,2.0765254497528076,-0.08389811962842941,0.39669129252433777,2.069108724594116,0.011468293145298958,0.6454778909683228,2.6730620861053467,0.5415297150611877,0.3856317400932312,2.666882038116455,0.39682114124298096,0.6481282711029053,2.7622931003570557,0.5670548677444458,0.3747656047344208,2.7583024501800537,0.41376298666000366,0.6022785305976868,2.8497731685638428,-0.03737887367606163,0.42103368043899536,2.849231004714966,-0.2893778383731842,,,,,,,,,,,,,,,,,,,,,,,,,,,,,,,,,,,,,,,,,,,,,,,,,,,,,,,,,,,,,,,
188,0.5903893709182739,0.3673481047153473,-1.291687250137329,0.6173686981201172,0.3006667196750641,-1.234362006187439,0.6313675045967102,0.3006476163864136,-1.2342612743377686,0.6448317766189575,0.3006821274757385,-1.234621286392212,0.5645028352737427,0.2999645173549652,-1.250049352645874,0.5443726778030396,0.29915663599967957,-1.2496285438537598,0.5271376371383667,0.2993384003639221,-1.25006103515625,0.6656461954116821,0.3184327185153961,-0.7681735754013062,0.4986364245414734,0.32119065523147583,-0.8301445841789246,0.6164801120758057,0.43097925186157227,-1.1107746362686157,0.5542266964912415,0.437496155500412,-1.1273391246795654,0.7910217046737671,0.6186268329620361,-0.38950544595718384,0.360376238822937,0.6113942265510559,-0.5724257826805115,0.8479558825492859,0.9515052437782288,-0.23121652007102966,0.2269868403673172,0.9694378972053528,-0.4749022424221039,0.862808108329773,1.3744621276855469,-0.6285408735275269,0.1697697788476944,1.3865996599197388,-0.8769394159317017,0.8829197883605957,1.4829686880111694,-0.7366579174995422,0.13329319655895233,1.500778317451477,-1.000946044921875,0.849973201751709,1.4877471923828125,-0.829493522644043,0.18231478333473206,1.5147225856781006,-1.1178100109100342,0.8307007551193237,1.4484783411026,-0.6845029592514038,0.2011832296848297,1.4743977785110474,-0.9342635869979858,0.6906622648239136,1.4155948162078857,-0.03805795684456825,0.4065217077732086,1.4035998582839966,0.042496196925640106,0.666523814201355,2.076946496963501,-0.08970074355602264,0.3977750837802887,2.070589303970337,-0.0018491775263100863,0.64987713098526,2.6738388538360596,0.5337916016578674,0.3887278139591217,2.6696624755859375,0.368051141500473,0.6525082588195801,2.7633965015411377,0.5588632225990295,0.37801915407180786,2.761136293411255,0.38236841559410095,0.6086863875389099,2.8507916927337646,-0.057115696370601654,0.42582446336746216,2.852051019668579,-0.3190576732158661,,,,,,,,,,,,,,,,,,,,,,,,,,,,,,,,,,,,,,,,,,,,,,,,,,,,,,,,,,,,,,,
189,0.5905693769454956,0.36622679233551025,-1.2875956296920776,0.6177087426185608,0.29981911182403564,-1.2309659719467163,0.6317089796066284,0.2999599874019623,-1.2308322191238403,0.6454814672470093,0.30014050006866455,-1.2311625480651855,0.5645353198051453,0.2978200614452362,-1.2464147806167603,0.5444050431251526,0.29639533162117004,-1.2460026741027832,0.5271510481834412,0.2961437404155731,-1.2464284896850586,0.6658768653869629,0.31821927428245544,-0.769416093826294,0.4983808100223541,0.31971046328544617,-0.8296826481819153,0.6165760159492493,0.43017539381980896,-1.1086561679840088,0.5542067289352417,0.435940146446228,-1.124640703201294,0.7910271286964417,0.6185296177864075,-0.394880473613739,0.3603184223175049,0.6121515035629272,-0.5790490508079529,0.8480147123336792,0.9525937438011169,-0.2415529489517212,0.22716835141181946,0.9828774929046631,-0.4982984960079193,0.8623450994491577,1.3794437646865845,-0.6310641169548035,0.18672071397304535,1.4042202234268188,-0.9054186940193176,0.881086528301239,1.4874732494354248,-0.7393152117729187,0.15708062052726746,1.519256830215454,-1.0310970544815063,0.8482662439346313,1.4920456409454346,-0.8279693722724915,0.2065504789352417,1.5304912328720093,-1.1420968770980835,0.8294554948806763,1.4532557725906372,-0.6855785250663757,0.22536365687847137,1.4897695779800415,-0.9598371386528015,0.6955749988555908,1.4144736528396606,-0.03526180237531662,0.4104843735694885,1.4039123058319092,0.0397789403796196,0.6744664907455444,2.07782244682312,-0.08683968335390091,0.40457242727279663,2.0744991302490234,-0.009467003867030144,0.6603380441665649,2.675835371017456,0.536316990852356,0.3987261652946472,2.675889730453491,0.36018913984298706,0.6636391878128052,2.765432119369507,0.5615776777267456,0.388012170791626,2.766934394836426,0.3748638927936554,0.6198571920394897,2.8544983863830566,-0.05611122399568558,0.438704252243042,2.8604118824005127,-0.32629498839378357,,,,,,,,,,,,,,,,,,,,,,,,,,,,,,,,,,,,,,,,,,,,,,,,,,,,,,,,,,,,,,,
190,0.5905885696411133,0.3652634620666504,-1.2892067432403564,0.617790162563324,0.29926934838294983,-1.2334010601043701,0.6318074464797974,0.2995723485946655,-1.2332404851913452,0.6457580924034119,0.2998899817466736,-1.2335501909255981,0.5645347237586975,0.2962639629840851,-1.247786283493042,0.5442975759506226,0.294437438249588,-1.247345209121704,0.5269808173179626,0.2939009964466095,-1.247767686843872,0.6659921407699585,0.31817659735679626,-0.7759885191917419,0.49798035621643066,0.3186977505683899,-0.8308252096176147,0.6166027784347534,0.42964136600494385,-1.1117461919784546,0.5540355443954468,0.4346359372138977,-1.1262471675872803,0.791029691696167,0.6184079647064209,-0.40461573004722595,0.36029019951820374,0.6129400134086609,-0.5799139142036438,0.848118007183075,0.9548202157020569,-0.26283538341522217,0.22760090231895447,0.988827645778656,-0.503809928894043,0.8612052202224731,1.3831254243850708,-0.6510801911354065,0.20352065563201904,1.4079281091690063,-0.913654625415802,0.8781834840774536,1.4909785985946655,-0.7623643279075623,0.17894473671913147,1.5229517221450806,-1.0404261350631714,0.8446162343025208,1.4949744939804077,-0.8463442921638489,0.22856764495372772,1.5311720371246338,-1.1470423936843872,0.8267428278923035,1.4562586545944214,-0.7040619850158691,0.24639949202537537,1.49037766456604,-0.9662915468215942,0.6991020441055298,1.4135373830795288,-0.034190934151411057,0.4129878580570221,1.404178261756897,0.0387619212269783,0.6795063614845276,2.078073263168335,-0.08720079064369202,0.407155841588974,2.076820135116577,-0.015368318185210228,0.6665987372398376,2.676636219024658,0.5354708433151245,0.4028107523918152,2.6793527603149414,0.34764593839645386,0.6704970002174377,2.7663521766662598,0.5612779855728149,0.3925710916519165,2.7703654766082764,0.3617003560066223,0.625332772731781,2.856581687927246,-0.06010999158024788,0.4437704086303711,2.8648691177368164,-0.33939996361732483,,,,,,,,,,,,,,,,,,,,,,,,,,,,,,,,,,,,,,,,,,,,,,,,,,,,,,,,,,,,,,,
191,0.5907834768295288,0.3649374544620514,-1.3054440021514893,0.6179104447364807,0.29894155263900757,-1.2472957372665405,0.6318895816802979,0.29929351806640625,-1.2471556663513184,0.6459773182868958,0.29967981576919556,-1.2474031448364258,0.5645568370819092,0.29582035541534424,-1.2624579668045044,0.5442605018615723,0.2939932942390442,-1.2619775533676147,0.526872992515564,0.29346993565559387,-1.2623645067214966,0.6660100221633911,0.31816500425338745,-0.7846550941467285,0.4975728988647461,0.31864556670188904,-0.8417328000068665,0.6167296171188354,0.42962759733200073,-1.1266429424285889,0.5540401935577393,0.43457701802253723,-1.1419368982315063,0.7910436391830444,0.6181952953338623,-0.4142410159111023,0.3602938652038574,0.6172304749488831,-0.5886907577514648,0.8483994603157043,0.9581709504127502,-0.26547157764434814,0.22823143005371094,1.0032824277877808,-0.5112956762313843,0.8623515963554382,1.3914923667907715,-0.6520318984985352,0.23655012249946594,1.4210885763168335,-0.9233643412590027,0.8800538182258606,1.5020980834960938,-0.7674441337585449,0.22049131989479065,1.5355337858200073,-1.052952766418457,0.8458561897277832,1.505918264389038,-0.8557339906692505,0.2692168056964874,1.5373753309249878,-1.1558904647827148,0.8278857469558716,1.4664956331253052,-0.7074588537216187,0.2844177484512329,1.4961341619491577,-0.9746122360229492,0.7054330110549927,1.4139976501464844,-0.03385354205965996,0.41745465993881226,1.41127610206604,0.03847407549619675,0.690441370010376,2.0823371410369873,-0.0990510955452919,0.41713374853134155,2.0886425971984863,-0.026241187006235123,0.6810311079025269,2.6831719875335693,0.5111165046691895,0.41766101121902466,2.6922414302825928,0.3255881667137146,0.6857768893241882,2.7729618549346924,0.5335631370544434,0.4085155129432678,2.7832648754119873,0.33853742480278015,0.6398428082466125,2.8653829097747803,-0.10175349563360214,0.46074533462524414,2.8776190280914307,-0.36841732263565063,,,,,,,,,,,,,,,,,,,,,,,,,,,,,,,,,,,,,,,,,,,,,,,,,,,,,,,,,,,,,,,
192,0.5908262133598328,0.36478468775749207,-1.3316051959991455,0.6179889440536499,0.2989121973514557,-1.271675705909729,0.6319659352302551,0.299286812543869,-1.2715553045272827,0.646224319934845,0.299673467874527,-1.271767497062683,0.5645521283149719,0.29565709829330444,-1.2885699272155762,0.5440685153007507,0.29379475116729736,-1.2881501913070679,0.5265355706214905,0.2932424545288086,-1.288527488708496,0.6661390066146851,0.31829318404197693,-0.8054987192153931,0.497020959854126,0.3186388611793518,-0.8717767000198364,0.6167551279067993,0.42961210012435913,-1.1518867015838623,0.5539528131484985,0.43456071615219116,-1.169790506362915,0.790976345539093,0.6179618835449219,-0.4294312596321106,0.3605085015296936,0.6190248727798462,-0.6181323528289795,0.8485872149467468,0.9625094532966614,-0.28202807903289795,0.23205403983592987,1.0078108310699463,-0.5465500354766846,0.8636743426322937,1.4020419120788574,-0.6707598567008972,0.26926714181900024,1.4203228950500488,-0.9590624570846558,0.882611095905304,1.5156023502349854,-0.792020320892334,0.2614706754684448,1.5343897342681885,-1.0930932760238647,0.8471301794052124,1.5176595449447632,-0.8829105496406555,0.31061670184135437,1.5313338041305542,-1.1907069683074951,0.8287574052810669,1.4775394201278687,-0.7277370095252991,0.323059618473053,1.4903030395507812,-1.007871150970459,0.7078617811203003,1.4147332906723022,-0.03105432353913784,0.4194377362728119,1.4155139923095703,0.03572496399283409,0.6910418272018433,2.086956024169922,-0.11508170515298843,0.4172203540802002,2.096590280532837,-0.046341609209775925,0.6790961027145386,2.6909759044647217,0.46736034750938416,0.41622716188430786,2.7028894424438477,0.27829745411872864,0.6835483312606812,2.780707836151123,0.4864586889743805,0.4071374535560608,2.7937490940093994,0.28821495175361633,0.637627124786377,2.8747763633728027,-0.14979372918605804,0.4582246243953705,2.889777660369873,-0.4173884987831116,,,,,,,,,,,,,,,,,,,,,,,,,,,,,,,,,,,,,,,,,,,,,,,,,,,,,,,,,,,,,,,
193,0.5911677479743958,0.36429062485694885,-1.3225966691970825,0.6181095838546753,0.29852160811424255,-1.2597731351852417,0.632104754447937,0.2990368604660034,-1.2597072124481201,0.6465243101119995,0.2995402216911316,-1.25993013381958,0.5645652413368225,0.29450708627700806,-1.2786089181900024,0.5440212488174438,0.2924553453922272,-1.2782117128372192,0.5264172554016113,0.2917816936969757,-1.278582215309143,0.666163980960846,0.31828776001930237,-0.7913645505905151,0.4965783953666687,0.3182472884654999,-0.8665359616279602,0.6169140934944153,0.42951643466949463,-1.1420276165008545,0.5539223551750183,0.4343615472316742,-1.162731409072876,0.7906603217124939,0.6176491379737854,-0.4142455458641052,0.36057037115097046,0.6202551126480103,-0.6168786287307739,0.8485875129699707,0.9631600975990295,-0.2643590569496155,0.2379748523235321,1.0108853578567505,-0.5487188696861267,0.8669320940971375,1.4047884941101074,-0.6655726432800293,0.3101736605167389,1.4168670177459717,-0.9666215181350708,0.8894942998886108,1.5206407308578491,-0.7907662391662598,0.3174455463886261,1.5307104587554932,-1.1055777072906494,0.8512237668037415,1.5208369493484497,-0.88676518201828,0.3620820939540863,1.5014761686325073,-1.195148229598999,0.831468403339386,1.4793881177902222,-0.7250293493270874,0.3681653141975403,1.4598966836929321,-1.012235164642334,0.7076634168624878,1.4146865606307983,-0.01851128228008747,0.41931644082069397,1.415952444076538,0.023149017244577408,0.6907590627670288,2.0869996547698975,-0.13070780038833618,0.41699647903442383,2.096221685409546,-0.11915240436792374,0.6763448715209961,2.6916728019714355,0.409411758184433,0.41224461793899536,2.7056832313537598,0.16779790818691254,0.6797724962234497,2.781947374343872,0.42472514510154724,0.40252819657325745,2.7990612983703613,0.17320606112480164,0.6351965665817261,2.8753015995025635,-0.208177849650383,0.45614853501319885,2.890502691268921,-0.5350533127784729,,,,,,,,,,,,,,,,,,,,,,,,,,,,,,,,,,,,,,,,,,,,,,,,,,,,,,,,,,,,,,,
194,0.5911890864372253,0.3634173274040222,-1.3740410804748535,0.6181272864341736,0.2979448735713959,-1.311119794845581,0.6321532130241394,0.2986191213130951,-1.311091423034668,0.6467062830924988,0.2992883622646332,-1.3112890720367432,0.56451016664505,0.2933177947998047,-1.3299918174743652,0.5439308285713196,0.2911781072616577,-1.3296654224395752,0.5262942314147949,0.2904427647590637,-1.330068588256836,0.666246771812439,0.31827953457832336,-0.8381775617599487,0.4963701367378235,0.31775012612342834,-0.9129701852798462,0.6169428825378418,0.4291902482509613,-1.191697359085083,0.5536385178565979,0.43389713764190674,-1.2120612859725952,0.790647566318512,0.6177777051925659,-0.4478899836540222,0.36068496108055115,0.6208340525627136,-0.6536782383918762,0.8484058380126953,0.9688398838043213,-0.3028927743434906,0.24252000451087952,1.0149365663528442,-0.5817281007766724,0.8650367856025696,1.4090936183929443,-0.7173973321914673,0.28453072905540466,1.423858880996704,-1.0166394710540771,0.8865646123886108,1.5261566638946533,-0.844602108001709,0.2775305211544037,1.5372421741485596,-1.1574187278747559,0.8464323282241821,1.5246866941452026,-0.9398130178451538,0.3235079348087311,1.5214256048202515,-1.2541214227676392,0.827231228351593,1.4823968410491943,-0.7766655683517456,0.33566027879714966,1.4786771535873413,-1.0659273862838745,0.7077891230583191,1.4146958589553833,-0.018634531646966934,0.41919881105422974,1.416253685951233,0.023270685225725174,0.6900096535682678,2.087773323059082,-0.14090736210346222,0.4166412353515625,2.096374273300171,-0.09974859654903412,0.6758753061294556,2.6931045055389404,0.41873469948768616,0.41197800636291504,2.706660509109497,0.21576812863349915,0.6795092225074768,2.78356671333313,0.43660902976989746,0.402116060256958,2.800614356994629,0.22486679255962372,0.6348806619644165,2.8772759437561035,-0.19754187762737274,0.4543628692626953,2.8912205696105957,-0.4829689860343933,,,,,,,,,,,,,,,,,,,,,,,,,,,,,,,,,,,,,,,,,,,,,,,,,,,,,,,,,,,,,,,
195,0.5912832617759705,0.36254358291625977,-1.3935201168060303,0.6181473731994629,0.29682549834251404,-1.3312686681747437,0.6321784257888794,0.2975060045719147,-1.3312751054763794,0.6468218564987183,0.2982719838619232,-1.3315273523330688,0.5645052194595337,0.29220497608184814,-1.3485852479934692,0.5439139604568481,0.2902231514453888,-1.3482825756072998,0.5262588858604431,0.28966039419174194,-1.3487260341644287,0.666347324848175,0.31791952252388,-0.8587347269058228,0.4962044358253479,0.3175256550312042,-0.9250094294548035,0.6170511841773987,0.42858973145484924,-1.2118133306503296,0.5535770058631897,0.43368345499038696,-1.2297372817993164,0.7911394834518433,0.6181018948554993,-0.47877296805381775,0.36076819896698,0.6222951412200928,-0.6591447591781616,0.8483799695968628,0.9787817001342773,-0.3289588987827301,0.24787648022174835,1.0191529989242554,-0.57290118932724,0.8649688959121704,1.4162023067474365,-0.7316097021102905,0.27955859899520874,1.4404698610305786,-1.0023775100708008,0.8863192796707153,1.5341393947601318,-0.854287326335907,0.2749670147895813,1.5539041757583618,-1.1374356746673584,0.8462069630622864,1.5341503620147705,-0.9494964480400085,0.31630808115005493,1.5516114234924316,-1.2433184385299683,0.8271001577377319,1.4905226230621338,-0.7900347113609314,0.33404552936553955,1.5079978704452515,-1.0560364723205566,0.7104456424713135,1.414842128753662,-0.02174944430589676,0.4207099974155426,1.4172319173812866,0.026275688782334328,0.6921724081039429,2.0894806385040283,-0.13789226114749908,0.4184349477291107,2.098747491836548,-0.04550239443778992,0.6775941848754883,2.694511890411377,0.45954686403274536,0.41333675384521484,2.707698106765747,0.32113710045814514,0.6816400289535522,2.785081624984741,0.48189035058021545,0.404015451669693,2.801295042037964,0.33577030897140503,0.6352918148040771,2.878908395767212,-0.16147853434085846,0.4545413553714752,2.892857551574707,-0.3702520430088043,,,,,,,,,,,,,,,,,,,,,,,,,,,,,,,,,,,,,,,,,,,,,,,,,,,,,,,,,,,,,,,
196,0.5913518667221069,0.3621576726436615,-1.409287691116333,0.6181620359420776,0.29631632566452026,-1.3475892543792725,0.6322116255760193,0.2969983220100403,-1.3475940227508545,0.6469441652297974,0.29780662059783936,-1.3478670120239258,0.5645017027854919,0.29169541597366333,-1.3651349544525146,0.5438979864120483,0.28977125883102417,-1.3648507595062256,0.5262286067008972,0.2892596125602722,-1.3652913570404053,0.6664571166038513,0.31772980093955994,-0.8750250935554504,0.4960878789424896,0.31736719608306885,-0.9416993260383606,0.6171426177024841,0.4283576011657715,-1.2271902561187744,0.5535263419151306,0.4336405396461487,-1.2452504634857178,0.791526198387146,0.6182705760002136,-0.49473410844802856,0.3608303666114807,0.6230972409248352,-0.6739057898521423,0.8482605814933777,0.9841194748878479,-0.34517303109169006,0.25141581892967224,1.0219165086746216,-0.5844277143478394,0.8647559285163879,1.4191367626190186,-0.7476630210876465,0.2699824273586273,1.4444838762283325,-1.00832200050354,0.8861635327339172,1.5376085042953491,-0.8721444010734558,0.25877296924591064,1.5576297044754028,-1.141837477684021,0.8455435633659363,1.5379817485809326,-0.9677489399909973,0.3021659255027771,1.5571426153182983,-1.2502727508544922,0.8266433477401733,1.4935188293457031,-0.8063308000564575,0.3195533752441406,1.5132489204406738,-1.0628373622894287,0.7122519016265869,1.4149409532546997,-0.023384802043437958,0.42199283838272095,1.4180285930633545,0.027836835011839867,0.6937420964241028,2.0901970863342285,-0.1375701129436493,0.41980117559432983,2.1001181602478027,-0.024692591279745102,0.6784565448760986,2.6950840950012207,0.47952666878700256,0.41383853554725647,2.7084755897521973,0.34857338666915894,0.6826722025871277,2.7856574058532715,0.5032210350036621,0.40472912788391113,2.8020577430725098,0.36380910873413086,0.6352307200431824,2.8800230026245117,-0.1405392587184906,0.4541943669319153,2.8941192626953125,-0.340842068195343,,,,,,,,,,,,,,,,,,,,,,,,,,,,,,,,,,,,,,,,,,,,,,,,,,,,,,,,,,,,,,,
197,0.5913327932357788,0.3609772026538849,-1.407158374786377,0.6180528402328491,0.2950456440448761,-1.344042181968689,0.63206547498703,0.2957257032394409,-1.3440495729446411,0.6468378305435181,0.29663345217704773,-1.3442671298980713,0.5639928579330444,0.29044514894485474,-1.3618088960647583,0.5434074997901917,0.28869929909706116,-1.3615108728408813,0.5257056355476379,0.28835412859916687,-1.361937403678894,0.6664575338363647,0.3172351121902466,-0.8720444440841675,0.49581584334373474,0.3171934187412262,-0.9391244053840637,0.617172122001648,0.42755135893821716,-1.2256187200546265,0.5531890392303467,0.43328583240509033,-1.2439262866973877,0.7919096350669861,0.6184998154640198,-0.49356597661972046,0.36084237694740295,0.6242645978927612,-0.6720777153968811,0.8481227159500122,0.985626220703125,-0.35676810145378113,0.2530806362628937,1.0227214097976685,-0.5882368087768555,0.8618008494377136,1.4193378686904907,-0.7712680101394653,0.27321189641952515,1.4378573894500732,-1.02298104763031,0.8814727067947388,1.5378398895263672,-0.9008486866950989,0.2620617747306824,1.5491491556167603,-1.161090612411499,0.8400112390518188,1.5369765758514404,-0.9932270050048828,0.30440059304237366,1.5477368831634521,-1.2650293111801147,0.822128176689148,1.4924136400222778,-0.8295801877975464,0.31998616456985474,1.505401372909546,-1.0763894319534302,0.7142331004142761,1.415087342262268,-0.024175817146897316,0.42232245206832886,1.4190773963928223,0.02863777056336403,0.6949260234832764,2.0902040004730225,-0.14615494012832642,0.4198828637599945,2.1002886295318604,-0.03455673158168793,0.6795531511306763,2.6950457096099854,0.4557149410247803,0.4139154553413391,2.7083020210266113,0.32487744092941284,0.6840645670890808,2.7857162952423096,0.477017879486084,0.40512552857398987,2.8021955490112305,0.33837205171585083,0.6354204416275024,2.880122661590576,-0.17186135053634644,0.45407041907310486,2.893843650817871,-0.373863160610199,,,,,,,,,,,,,,,,,,,,,,,,,,,,,,,,,,,,,,,,,,,,,,,,,,,,,,,,,,,,,,,
198,0.5912149548530579,0.360433965921402,-1.448535680770874,0.6178930997848511,0.2941513955593109,-1.386428713798523,0.6318994760513306,0.2948128283023834,-1.3864498138427734,0.6467345952987671,0.29579395055770874,-1.3866335153579712,0.5633434057235718,0.28966009616851807,-1.4050577878952026,0.542824387550354,0.28805381059646606,-1.4048707485198975,0.525169312953949,0.2878085672855377,-1.4053189754486084,0.6665078401565552,0.31693631410598755,-0.9123021960258484,0.4956693649291992,0.31708917021751404,-0.9851440191268921,0.6171939373016357,0.4272947907447815,-1.2644304037094116,0.5528420209884644,0.4331960678100586,-1.2847182750701904,0.7919930815696716,0.6188910007476807,-0.520208477973938,0.36115217208862305,0.6242278218269348,-0.7016305327415466,0.8480767011642456,0.985063910484314,-0.37503689527511597,0.25640547275543213,1.021753191947937,-0.6108384132385254,0.8592056035995483,1.4183372259140015,-0.7858583927154541,0.34183400869369507,1.3913904428482056,-1.021618366241455,0.8786136507987976,1.5368225574493408,-0.9139375686645508,0.3592960238456726,1.4980157613754272,-1.159759521484375,0.8370140194892883,1.535894513130188,-1.0074436664581299,0.3976380228996277,1.46604323387146,-1.2515878677368164,0.8193768262863159,1.491668701171875,-0.843654990196228,0.3994170129299164,1.4250355958938599,-1.0681486129760742,0.7140849828720093,1.4150581359863281,-0.021761609241366386,0.4212508797645569,1.4191256761550903,0.026103083044290543,0.6948500275611877,2.0906460285186768,-0.13274149596691132,0.41978663206100464,2.1000707149505615,-0.10926248878240585,0.6772006154060364,2.6955349445343018,0.45868006348609924,0.41211897134780884,2.7094686031341553,0.23721103370189667,0.681329071521759,2.785945177078247,0.4801673889160156,0.40404266119003296,2.804119348526001,0.24925115704536438,0.6299524903297424,2.8841676712036133,-0.16618752479553223,0.4509764313697815,2.8962783813476562,-0.47587355971336365,,,,,,,,,,,,,,,,,,,,,,,,,,,,,,,,,,,,,,,,,,,,,,,,,,,,,,,,,,,,,,,
199,0.5911826491355896,0.359867125749588,-1.4888298511505127,0.6178113222122192,0.2933955490589142,-1.4264357089996338,0.6318114399909973,0.29403361678123474,-1.4264934062957764,0.6466929912567139,0.29505082964897156,-1.4266941547393799,0.5630184412002563,0.2889719009399414,-1.445579171180725,0.5425384640693665,0.2874479591846466,-1.4454445838928223,0.5249260663986206,0.2872682213783264,-1.4459320306777954,0.6665509939193726,0.3166138231754303,-0.9459783434867859,0.4955947995185852,0.3169730603694916,-1.021674394607544,0.6172161102294922,0.4269019067287445,-1.3015161752700806,0.5526778697967529,0.4329777956008911,-1.322740912437439,0.7920949459075928,0.6194486618041992,-0.5403537154197693,0.36132264137268066,0.6241611838340759,-0.7260420322418213,0.8480241894721985,0.9847726225852966,-0.39101046323776245,0.2591136693954468,1.02150297164917,-0.6266847252845764,0.8541884422302246,1.4176089763641357,-0.8061519861221313,0.34360018372535706,1.3855139017105103,-1.0383696556091309,0.8716150522232056,1.536034345626831,-0.9342806935310364,0.35717952251434326,1.492979645729065,-1.1789618730545044,0.8301289677619934,1.5354279279708862,-1.0295790433883667,0.3954978883266449,1.4615848064422607,-1.2642786502838135,0.8133198022842407,1.4902613162994385,-0.8641849756240845,0.39889293909072876,1.4199708700180054,-1.0822051763534546,0.7139012813568115,1.4150481224060059,-0.019814589992165565,0.4201282858848572,1.419113278388977,0.02408960647881031,0.6939849257469177,2.0910255908966064,-0.12452064454555511,0.41952046751976013,2.0995383262634277,-0.14104536175727844,0.6740537881851196,2.695608615875244,0.45934543013572693,0.40879493951797485,2.7094509601593018,0.21147601306438446,0.6774469614028931,2.7859079837799072,0.48106569051742554,0.40106716752052307,2.804692029953003,0.22389832139015198,0.6254956722259521,2.8857948780059814,-0.16149143874645233,0.4463578164577484,2.896117925643921,-0.5042510032653809,,,,,,,,,,,,,,,,,,,,,,,,,,,,,,,,,,,,,,,,,,,,,,,,,,,,,,,,,,,,,,,
200,0.5912267565727234,0.35903996229171753,-1.4689490795135498,0.617817223072052,0.29237282276153564,-1.4038877487182617,0.6318149566650391,0.2928594648838043,-1.4039589166641235,0.6467416882514954,0.29380887746810913,-1.4041541814804077,0.562927782535553,0.28823453187942505,-1.4229711294174194,0.5424271821975708,0.2867875099182129,-1.4228075742721558,0.5248448848724365,0.28669068217277527,-1.423284888267517,0.6666788458824158,0.31579285860061646,-0.9199007749557495,0.4955385625362396,0.3167670965194702,-0.9944607615470886,0.6173452138900757,0.425849974155426,-1.281165361404419,0.5526667833328247,0.4325121343135834,-1.3021507263183594,0.7924299836158752,0.619699239730835,-0.5189470052719116,0.36179250478744507,0.6237517595291138,-0.7090861201286316,0.8479524850845337,0.9844232797622681,-0.3686319887638092,0.2604014575481415,1.0214295387268066,-0.6170165538787842,0.8538795709609985,1.4192448854446411,-0.7769282460212708,0.3338710367679596,1.3869625329971313,-1.0366352796554565,0.8713776469230652,1.5392887592315674,-0.9014714956283569,0.3414779007434845,1.4953272342681885,-1.1777386665344238,0.8301137685775757,1.536935567855835,-0.9961463809013367,0.38188204169273376,1.464410662651062,-1.2646872997283936,0.8132096529006958,1.4909907579421997,-0.8348007202148438,0.38761013746261597,1.4238024950027466,-1.081764817237854,0.7130323648452759,1.4169658422470093,-0.01799013465642929,0.41926687955856323,1.420986533164978,0.02229275181889534,0.6930160522460938,2.0952694416046143,-0.12547019124031067,0.4197573661804199,2.1002402305603027,-0.1613914668560028,0.6720052361488342,2.6998298168182373,0.4536946415901184,0.40868744254112244,2.7134902477264404,0.18133287131786346,0.6748732328414917,2.7906289100646973,0.4729234576225281,0.40061694383621216,2.810908317565918,0.19208063185214996,0.6242536306381226,2.8902597427368164,-0.17683860659599304,0.4463137686252594,2.8987245559692383,-0.539221465587616,,,,,,,,,,,,,,,,,,,,,,,,,,,,,,,,,,,,,,,,,,,,,,,,,,,,,,,,,,,,,,,
201,0.5913298726081848,0.35844671726226807,-1.446181058883667,0.6178282499313354,0.2917165756225586,-1.3816701173782349,0.6318244934082031,0.29211997985839844,-1.3817180395126343,0.6467949151992798,0.2930317223072052,-1.3819283246994019,0.5629055500030518,0.2877280116081238,-1.4005587100982666,0.5423927307128906,0.28631392121315,-1.4003570079803467,0.5248183012008667,0.28625258803367615,-1.400821566581726,0.6667329668998718,0.31523841619491577,-0.904877781867981,0.49547213315963745,0.31662243604660034,-0.9743157625198364,0.6174864172935486,0.4251147508621216,-1.2597758769989014,0.5526573061943054,0.4321381449699402,-1.2804126739501953,0.7925089597702026,0.6197584867477417,-0.5081985592842102,0.36219412088394165,0.623576283454895,-0.6962251663208008,0.847954273223877,0.9842208623886108,-0.35593515634536743,0.26162034273147583,1.0210975408554077,-0.6083436012268066,0.8539122343063354,1.4197052717208862,-0.7692402601242065,0.3228699862957001,1.3979383707046509,-1.0328896045684814,0.8714601397514343,1.540326476097107,-0.8925195932388306,0.32513612508773804,1.5087342262268066,-1.1741480827331543,0.8302324414253235,1.5377124547958374,-0.9953731298446655,0.3666243553161621,1.4844669103622437,-1.2642066478729248,0.8133314251899719,1.4916441440582275,-0.8304250836372375,0.37465786933898926,1.4416658878326416,-1.0797319412231445,0.7122523188591003,1.4183976650238037,-0.01413725595921278,0.4188447594642639,1.4228333234786987,0.018495306372642517,0.6927833557128906,2.0979666709899902,-0.13005828857421875,0.4205872416496277,2.1010076999664307,-0.17510975897312164,0.6717315316200256,2.7033309936523438,0.43865877389907837,0.40872636437416077,2.717238187789917,0.15616151690483093,0.6743390560150146,2.794694185256958,0.45580440759658813,0.4005114436149597,2.8163328170776367,0.16524650156497955,0.6244586110115051,2.8928236961364746,-0.19319145381450653,0.447526216506958,2.900653839111328,-0.5638095736503601,,,,,,,,,,,,,,,,,,,,,,,,,,,,,,,,,,,,,,,,,,,,,,,,,,,,,,,,,,,,,,,
202,0.5916999578475952,0.35575759410858154,-1.470549464225769,0.6179359555244446,0.2882583737373352,-1.4009665250778198,0.6319103837013245,0.28876182436943054,-1.4010145664215088,0.6469664573669434,0.2899344861507416,-1.40120530128479,0.5629376173019409,0.2847115099430084,-1.4210150241851807,0.5424018502235413,0.2837066054344177,-1.4208379983901978,0.5248374938964844,0.2842014729976654,-1.4212989807128906,0.6668878793716431,0.3139623701572418,-0.9115685224533081,0.49545496702194214,0.31634825468063354,-0.9887102246284485,0.6181725263595581,0.42186224460601807,-1.2823479175567627,0.5527523159980774,0.4299951195716858,-1.3045133352279663,0.7934770584106445,0.6202547550201416,-0.517950177192688,0.3624650835990906,0.6244505643844604,-0.7096643447875977,0.84797203540802,0.986642599105835,-0.35971108078956604,0.2635875344276428,1.0234259366989136,-0.6178869605064392,0.8538845181465149,1.4298250675201416,-0.7589471936225891,0.32004377245903015,1.412800908088684,-1.0364748239517212,0.8714725375175476,1.5514466762542725,-0.8814595937728882,0.3215014338493347,1.52370285987854,-1.1761094331741333,0.8303936719894409,1.5492979288101196,-0.981378436088562,0.36250489950180054,1.504501223564148,-1.2687932252883911,0.8134616017341614,1.5023868083953857,-0.8187806010246277,0.37060827016830444,1.4607408046722412,-1.0848045349121094,0.7124214768409729,1.422932744026184,-0.014424068853259087,0.4188428819179535,1.428215503692627,0.01879403181374073,0.6929585337638855,2.108119487762451,-0.11155011504888535,0.4233836531639099,2.1103835105895996,-0.15178605914115906,0.671779990196228,2.714423894882202,0.5049709677696228,0.41033703088760376,2.729152202606201,0.1960524469614029,0.674364447593689,2.8063955307006836,0.5260675549507141,0.40155839920043945,2.82833194732666,0.2102712094783783,0.6254576444625854,2.903653144836426,-0.13544349372386932,0.44983428716659546,2.9137701988220215,-0.5533929467201233,,,,,,,,,,,,,,,,,,,,,,,,,,,,,,,,,,,,,,,,,,,,,,,,,,,,,,,,,,,,,,,
203,0.5917805433273315,0.35271042585372925,-1.4132634401321411,0.6179555654525757,0.28437796235084534,-1.3411178588867188,0.6319304704666138,0.2852844297885895,-1.3411498069763184,0.6470021605491638,0.2869320809841156,-1.3413432836532593,0.5628962516784668,0.28097420930862427,-1.3611552715301514,0.5423579216003418,0.2804490923881531,-1.3609428405761719,0.5248106718063354,0.28158038854599,-1.3613603115081787,0.6669229865074158,0.31303519010543823,-0.857437014579773,0.4953375458717346,0.3158227503299713,-0.9342746734619141,0.6185940504074097,0.4186318814754486,-1.2300037145614624,0.5527418851852417,0.4272178113460541,-1.2517731189727783,0.7941285371780396,0.6210485696792603,-0.48703455924987793,0.36250039935112,0.6245378255844116,-0.6812480092048645,0.848197340965271,0.9887505769729614,-0.34975215792655945,0.2655298411846161,1.0233073234558105,-0.5975942611694336,0.8520861864089966,1.4350422620773315,-0.7349634766578674,0.31621694564819336,1.4252188205718994,-1.0045392513275146,0.868709921836853,1.5559145212173462,-0.8548886179924011,0.3161560595035553,1.5385628938674927,-1.138369083404541,0.8275594711303711,1.5546599626541138,-0.9430420994758606,0.35753196477890015,1.5292918682098389,-1.2326139211654663,0.8111485242843628,1.507764220237732,-0.7901884317398071,0.3663201332092285,1.483878254890442,-1.0537784099578857,0.7123793363571167,1.4252171516418457,-0.015231462195515633,0.4189089834690094,1.4301981925964355,0.019631702452898026,0.6927935481071472,2.1108481884002686,-0.11473912000656128,0.42347902059555054,2.113727331161499,-0.12754502892494202,0.6717079877853394,2.7178738117218018,0.5026078224182129,0.4105684757232666,2.7315242290496826,0.22566883265972137,0.6743394732475281,2.809992551803589,0.5232334136962891,0.40166616439819336,2.830044984817505,0.23871544003486633,0.6254758238792419,2.905999183654785,-0.13580504059791565,0.4498472213745117,2.916646718978882,-0.5040343403816223,,,,,,,,,,,,,,,,,,,,,,,,,,,,,,,,,,,,,,,,,,,,,,,,,,,,,,,,,,,,,,,
204,0.5914813280105591,0.3506808280944824,-1.4029464721679688,0.6179066896438599,0.2821159362792969,-1.3317391872406006,0.6319104433059692,0.28335389494895935,-1.3317627906799316,0.6469973921775818,0.2852935194969177,-1.3319470882415771,0.5623260140419006,0.2784731686115265,-1.3511464595794678,0.5418854355812073,0.2780980169773102,-1.3509414196014404,0.5243645906448364,0.2794489562511444,-1.351370096206665,0.6670153141021729,0.3125433921813965,-0.8517705202102661,0.49509793519973755,0.31527459621429443,-0.9265974760055542,0.6186084151268005,0.41647908091545105,-1.221369981765747,0.5520528554916382,0.4252890944480896,-1.2424194812774658,0.7958634495735168,0.6216971278190613,-0.47850608825683594,0.36264246702194214,0.6245577335357666,-0.6790428161621094,0.8491448163986206,0.9893014430999756,-0.3353825807571411,0.2659088969230652,1.0234125852584839,-0.593277633190155,0.8529025912284851,1.4403342008590698,-0.7091786861419678,0.31455713510513306,1.4274795055389404,-0.9921309351921082,0.8703778982162476,1.5610147714614868,-0.8257434964179993,0.31349843740463257,1.5420907735824585,-1.1243363618850708,0.8293277025222778,1.5605210065841675,-0.9145804643630981,0.3557809591293335,1.5345368385314941,-1.2185810804367065,0.8124569654464722,1.513628363609314,-0.7642325162887573,0.3648945689201355,1.4890406131744385,-1.0411202907562256,0.7121672034263611,1.4269505739212036,-0.013766477815806866,0.4185776114463806,1.4304519891738892,0.018163295462727547,0.6909321546554565,2.1136603355407715,-0.1080458015203476,0.4222237169742584,2.114335298538208,-0.12307566404342651,0.6677611470222473,2.720505475997925,0.5034105181694031,0.40791815519332886,2.732119083404541,0.22745385766029358,0.6702669262886047,2.812969207763672,0.5238732099533081,0.3981119394302368,2.8304190635681152,0.24077662825584412,0.6227542161941528,2.907290458679199,-0.1278863400220871,0.4482484757900238,2.917447328567505,-0.4983065128326416,,,,,,,,,,,,,,,,,,,,,,,,,,,,,,,,,,,,,,,,,,,,,,,,,,,,,,,,,,,,,,,
205,0.5913516283035278,0.3496689796447754,-1.3984153270721436,0.6178837418556213,0.2808796465396881,-1.3289849758148193,0.6319050192832947,0.28230777382850647,-1.3289988040924072,0.647005021572113,0.2844151556491852,-1.3291822671890259,0.5619938373565674,0.2769849896430969,-1.3478567600250244,0.5415769815444946,0.2766469419002533,-1.3476641178131104,0.5240856409072876,0.27807801961898804,-1.3480961322784424,0.6671380996704102,0.31225666403770447,-0.8523691296577454,0.4948628544807434,0.314827024936676,-0.926348865032196,0.6186264753341675,0.4155350923538208,-1.2184293270111084,0.5517515540122986,0.42424553632736206,-1.2388919591903687,0.7967918515205383,0.6228158473968506,-0.47846922278404236,0.3628426194190979,0.6245512366294861,-0.6780475378036499,0.8492835164070129,0.9904526472091675,-0.33464670181274414,0.2701689898967743,1.0259854793548584,-0.5925222635269165,0.8552113771438599,1.4426254034042358,-0.7092860341072083,0.34927842020988464,1.4168795347213745,-0.979271411895752,0.8750687837600708,1.5629842281341553,-0.8263319730758667,0.36361047625541687,1.5305293798446655,-1.1096135377883911,0.8345305323600769,1.561718225479126,-0.9162977933883667,0.4050585627555847,1.513047456741333,-1.1945115327835083,0.8165772557258606,1.5144845247268677,-0.7648872137069702,0.40695714950561523,1.4680629968643188,-1.023255467414856,0.7114887833595276,1.4280955791473389,-0.013611232861876488,0.4175136983394623,1.430533528327942,0.017988409847021103,0.6881687045097351,2.114788055419922,-0.10850583016872406,0.4203958511352539,2.114135980606079,-0.1308208405971527,0.6620842218399048,2.721787691116333,0.4959663450717926,0.4042398929595947,2.7320778369903564,0.21576276421546936,0.6646041870117188,2.8140289783477783,0.514830470085144,0.3938109576702118,2.8301987648010254,0.22771894931793213,0.6159513592720032,2.9092111587524414,-0.13503429293632507,0.4445951581001282,2.9179983139038086,-0.5002201199531555,,,,,,,,,,,,,,,,,,,,,,,,,,,,,,,,,,,,,,,,,,,,,,,,,,,,,,,,,,,,,,,
206,0.5918349027633667,0.3482206165790558,-1.3931714296340942,0.6182166934013367,0.27916964888572693,-1.3224238157272339,0.6322650909423828,0.280857652425766,-1.3224700689315796,0.6475902795791626,0.28322771191596985,-1.322630763053894,0.5622431635856628,0.27466103434562683,-1.3426531553268433,0.5417346954345703,0.274191290140152,-1.3424861431121826,0.5242637395858765,0.2756248116493225,-1.3429237604141235,0.6677101850509644,0.31184500455856323,-0.8451157808303833,0.4948069155216217,0.31365567445755005,-0.9245092272758484,0.6189888119697571,0.4143846929073334,-1.2132365703582764,0.551871657371521,0.4224243760108948,-1.2352466583251953,0.797637403011322,0.623675525188446,-0.4679718613624573,0.36286401748657227,0.6247619986534119,-0.6797120571136475,0.8494036793708801,0.9905938506126404,-0.3315647840499878,0.2720218300819397,1.027510404586792,-0.6009906530380249,0.8606740236282349,1.4427635669708252,-0.7146235108375549,0.3450884222984314,1.4268507957458496,-0.9976258277893066,0.8834851384162903,1.5624430179595947,-0.8338878750801086,0.361991286277771,1.5417121648788452,-1.1290591955184937,0.8445090055465698,1.5615081787109375,-0.9260536432266235,0.4037163257598877,1.5311541557312012,-1.2201240062713623,0.8250005841255188,1.514625906944275,-0.7720332145690918,0.4032425880432129,1.485552191734314,-1.044719934463501,0.7114235162734985,1.4295220375061035,-0.007597616873681545,0.41753754019737244,1.4317010641098022,0.011903362348675728,0.6879823207855225,2.115910530090332,-0.10910602658987045,0.42132291197776794,2.114593744277954,-0.15423424541950226,0.6620951294898987,2.7227730751037598,0.47882407903671265,0.4045051038265228,2.733227014541626,0.18804462254047394,0.6645334959030151,2.8153469562530518,0.4959273934364319,0.3938036561012268,2.83250093460083,0.1983877420425415,0.6169443130493164,2.9089972972869873,-0.14297400414943695,0.44610533118247986,2.917452335357666,-0.5212420225143433,,,,,,,,,,,,,,,,,,,,,,,,,,,,,,,,,,,,,,,,,,,,,,,,,,,,,,,,,,,,,,,
